Year,Country,ISO3,GDP_Growth_Percent,Tourism_Revenue,Data_Type,Source
2000,Afghanistan,AFG,7.51339053261624,23796000000.0,Historical,World Bank API
2001,Afghanistan,AFG,7.90550116130704,3523000000.0,Historical,World Bank API
2002,Afghanistan,AFG,1.50218070952037,955000000.0,Historical,World Bank API
2003,Afghanistan,AFG,-2.49484199260023,4900000.09536743,Historical,World Bank API
2004,Afghanistan,AFG,18.2866066891244,554000000.0,Historical,World Bank API
2005,Afghanistan,AFG,2.28267100119788,2137000000.0,Historical,World Bank API
2006,Afghanistan,AFG,3.12406678044546,19049999.952316284,Historical,World Bank API
2007,Afghanistan,AFG,2.46591837712438,65400001.5258789,Historical,World Bank API
2008,Afghanistan,AFG,1.37340773365975,26234000000.0,Historical,World Bank API
2009,Afghanistan,AFG,2.1269288487261,651000000.0,Historical,World Bank API
2010,Afghanistan,AFG,7.80000014541523,293000000.0,Historical,World Bank API
2011,Afghanistan,AFG,1.13766671801426,10674000000.0,Historical,World Bank API
2012,Afghanistan,AFG,0.0523710418528935,190000000.0,Historical,World Bank API
2013,Afghanistan,AFG,-0.817107370513455,4224000000.0,Historical,World Bank API
2014,Afghanistan,AFG,1.37755702173065,2581000000.0,Historical,World Bank API
2015,Afghanistan,AFG,2.93091133582351,1194500000.0,Historical,World Bank API
2016,Afghanistan,AFG,2.49476611209954,3171000000.0,Historical,World Bank API
2017,Afghanistan,AFG,-4.71222270495362,643000000.0,Historical,World Bank API
2018,Afghanistan,AFG,7.89844145767604,6020000000.0,Historical,World Bank API
2019,Afghanistan,AFG,1.02723486062159,803000000.0,Historical,World Bank API
2020,Afghanistan,AFG,10.8347270679373,639000000.0,Historical,World Bank API
2021,Afghanistan,AFG,8.20279174865273,732000000.0,Historical,World Bank API
2022,Afghanistan,AFG,1.32809022110105,778000000.0,Historical,World Bank API
2023,Afghanistan,AFG,-12.7194690092717,243000000.0,Historical,World Bank API
2024,Afghanistan,AFG,4.14631137217332,18920000.0762939,Historical,World Bank API
2025,Afghanistan,AFG,5.31217056950739,2304000000.0,Historical,World Bank API
2000,Albania,ALB,-1.85578803046339,1702000000.0,Historical,World Bank API
2001,Albania,ALB,3.19345473739745,4704000000.0,Historical,World Bank API
2002,Albania,ALB,6.71263253913001,440000000.0,Historical,World Bank API
2003,Albania,ALB,10.9592986164747,250500000.0,Historical,World Bank API
2004,Albania,ALB,1.44645548204305,1290000000.0,Historical,World Bank API
2005,Albania,ALB,2.13591131996631,6193000000.0,Historical,World Bank API
2006,Albania,ALB,4.7886612188211,244000000.0,Historical,World Bank API
2007,Albania,ALB,-1.1751368996605,38000000.0,Historical,World Bank API
2008,Albania,ALB,1.75566129145483,19994000000.0,Historical,World Bank API
2009,Albania,ALB,2.83775807093689,13606585000.038147,Historical,World Bank API
2010,Albania,ALB,4.01673731776404,104000000.0,Historical,World Bank API
2011,Albania,ALB,-0.396080883885759,1206000000.0,Historical,World Bank API
2012,Albania,ALB,3.81648769908172,5562000000.0,Historical,World Bank API
2013,Albania,ALB,5.0272476723775,170000000.0,Historical,World Bank API
2014,Albania,ALB,2.97679931634806,16617000000.0,Historical,World Bank API
2015,Albania,ALB,5.61644027150554,340000000.0,Historical,World Bank API
2016,Albania,ALB,5.50000021632955,58000000.0,Historical,World Bank API
2017,Albania,ALB,7.25366543796015,203000000.0,Historical,World Bank API
2018,Albania,ALB,5.91204279337705,3781000000.0,Historical,World Bank API
2019,Albania,ALB,3.9212287937935,152000000.0,Historical,World Bank API
2020,Albania,ALB,-5.77772470686801,13413000000.0,Historical,World Bank API
2021,Albania,ALB,1.63163221127449,669000000.0,Historical,World Bank API
2022,Albania,ALB,5.55919572919288,1314000000.0,Historical,World Bank API
2023,Albania,ALB,5.04927635248129,9617000000.0,Historical,World Bank API
2024,Albania,ALB,8.02609843461283,461000000.0,Historical,World Bank API
2025,Albania,ALB,1.18210705878283,15020000000.0,Historical,World Bank API
2000,Algeria,DZA,1.41159830663733,843000000.0,Historical,World Bank API
2001,Algeria,DZA,2.9546724221223,825000000.0,Historical,World Bank API
2002,Algeria,DZA,3.69055690369433,1680000000.0,Historical,World Bank API
2003,Algeria,DZA,-4.26892434422649,85000000.0,Historical,World Bank API
2004,Algeria,DZA,4.38794944364869,1969000000.0,Historical,World Bank API
2005,Algeria,DZA,6.23230296069102,420000000.0,Historical,World Bank API
2006,Algeria,DZA,8.03692510099023,791000000.0,Historical,World Bank API
2007,Algeria,DZA,5.10630732539796,984000000.0,Historical,World Bank API
2008,Algeria,DZA,1.76070164655727,72699996.9482422,Historical,World Bank API
2009,Algeria,DZA,5.26689747917099,5170000.07629395,Historical,World Bank API
2010,Algeria,DZA,13.1920736254262,29000000.0,Historical,World Bank API
2011,Algeria,DZA,-2.65734265734265,22000000.0,Historical,World Bank API
2012,Algeria,DZA,8.67980010138049,26000000.0,Historical,World Bank API
2013,Algeria,DZA,7.07442863215275,2771000000.0,Historical,World Bank API
2014,Algeria,DZA,6.37031712129601,13522000000.0,Historical,World Bank API
2015,Algeria,DZA,-1.47779059768867,500000000.0,Historical,World Bank API
2016,Algeria,DZA,6.33771869016203,1055000000.0,Historical,World Bank API
2017,Algeria,DZA,-0.977876877747732,17675000000.0,Historical,World Bank API
2018,Algeria,DZA,1.117231963992,1706000000.0,Historical,World Bank API
2019,Algeria,DZA,4.12969897676332,25000000.0,Historical,World Bank API
2020,Algeria,DZA,0.386103426142029,5750000000.0,Historical,World Bank API
2021,Algeria,DZA,0.781847569123585,9038000000.0,Historical,World Bank API
2022,Algeria,DZA,1.74239524880791,66000000.0,Historical,World Bank API
2023,Algeria,DZA,7.11122629673892,5630000000.0,Historical,World Bank API
2024,Algeria,DZA,2.74931929072659,5645000000.0,Historical,World Bank API
2025,Algeria,DZA,1.73139722479493,1418000000.0,Historical,World Bank API
2000,American Samoa,ASM,74.5879880544188,292000000.0,Historical,World Bank API
2001,American Samoa,ASM,5.41484330099675,27755000000.0,Historical,World Bank API
2002,American Samoa,ASM,0.546859530175595,513000000.0,Historical,World Bank API
2003,American Samoa,ASM,7.23380774362805,2073000000.0,Historical,World Bank API
2004,American Samoa,ASM,0.984129880204108,1623000000.0,Historical,World Bank API
2005,American Samoa,ASM,2.24761908134138,1227000000.0,Historical,World Bank API
2006,American Samoa,ASM,0.921115069005936,35000000.0,Historical,World Bank API
2007,American Samoa,ASM,6.50000363700821,5000200000.762939,Historical,World Bank API
2008,American Samoa,ASM,4.51145460193301,13327500000.0,Historical,World Bank API
2009,American Samoa,ASM,-0.511146187173722,112000000.0,Historical,World Bank API
2010,American Samoa,ASM,3.41880341880281,1700000.0,Historical,World Bank API
2011,American Samoa,ASM,1.80618735341196,47700000.7629395,Historical,World Bank API
2012,American Samoa,ASM,5.8155918263088,964000000.0,Historical,World Bank API
2013,American Samoa,ASM,1.4740217064723,37893000000.0,Historical,World Bank API
2014,American Samoa,ASM,1.44832306275669,2916000000.0,Historical,World Bank API
2015,American Samoa,ASM,-0.157866650855297,412000000.0,Historical,World Bank API
2016,American Samoa,ASM,1.2021151728969,57000000.0,Historical,World Bank API
2017,American Samoa,ASM,-1.15748291975636,783500000.0,Historical,World Bank API
2018,American Samoa,ASM,4.85669851591319,876000000.0,Historical,World Bank API
2019,American Samoa,ASM,2.53988570158225,1873000000.0,Historical,World Bank API
2020,American Samoa,ASM,5.13288531209382,1916000000.0,Historical,World Bank API
2021,American Samoa,ASM,7.64935393795867,182000000.0,Historical,World Bank API
2022,American Samoa,ASM,9.39999955037523,102400001.525879,Historical,World Bank API
2023,American Samoa,ASM,2.23165454528898,77000000.0,Historical,World Bank API
2024,American Samoa,ASM,4.99979526181222,1464000000.0,Historical,World Bank API
2025,American Samoa,ASM,5.09200624133297,94000000.0,Historical,World Bank API
2000,Andorra,AND,0.959511709726897,722000000.0,Historical,World Bank API
2001,Andorra,AND,8.12889488100956,919000000.0,Historical,World Bank API
2002,Andorra,AND,4.36445074432608,113000000.0,Historical,World Bank API
2003,Andorra,AND,16.3476915812463,20300000.0,Historical,World Bank API
2004,Andorra,AND,4.32758900972871,254000000.0,Historical,World Bank API
2005,Andorra,AND,1.60886648916944,9532000000.0,Historical,World Bank API
2006,Andorra,AND,5.48957315278187,1600000.02384186,Historical,World Bank API
2007,Andorra,AND,0.955433428579269,546000000.0,Historical,World Bank API
2008,Andorra,AND,4.010669619984,3376000000.0,Historical,World Bank API
2009,Andorra,AND,5.28121245309295,67000000.0,Historical,World Bank API
2010,Andorra,AND,1.53080323958716,25000000.0,Historical,World Bank API
2011,Andorra,AND,1.30352331826198,20422000000.0,Historical,World Bank API
2012,Andorra,AND,-10.5738138632489,782000000.0,Historical,World Bank API
2013,Andorra,AND,0.103059364371205,354000000.0,Historical,World Bank API
2014,Andorra,AND,-0.0323984255438887,10427000000.0,Historical,World Bank API
2015,Andorra,AND,-3.34714149737695,4273000000.0,Historical,World Bank API
2016,Andorra,AND,1.91381609098249,881000000.0,Historical,World Bank API
2017,Andorra,AND,1.12374694968757,7040000000.0,Historical,World Bank API
2018,Andorra,AND,0.271650048355255,1498500000.0,Historical,World Bank API
2019,Andorra,AND,-4.72586658630681,76000000.0,Historical,World Bank API
2020,Andorra,AND,8.40161604861429,569000000.0,Historical,World Bank API
2021,Andorra,AND,2.94294277416023,15000000.0,Historical,World Bank API
2022,Andorra,AND,4.1203675438061,844000000.0,Historical,World Bank API
2023,Andorra,AND,5.64153069257077,2282000000.0,Historical,World Bank API
2024,Andorra,AND,-3.91802585208993,50000000.0,Historical,World Bank API
2025,Andorra,AND,1.0,1586000000.0,Historical,World Bank API
2000,Angola,AGO,3.70696458310842,520000000.0,Historical,World Bank API
2001,Angola,AGO,43.8193108024355,28000000.0,Historical,World Bank API
2002,Angola,AGO,2.1706103837418,27500000.0,Historical,World Bank API
2003,Angola,AGO,6.66666666666667,1900000.0,Historical,World Bank API
2004,Angola,AGO,4.49903000110972,4941000000.0,Historical,World Bank API
2005,Angola,AGO,5.64794640709219,1784000000.0,Historical,World Bank API
2006,Angola,AGO,2.25773416555121,1611000000.0,Historical,World Bank API
2007,Angola,AGO,6.50000000062043,477000000.0,Historical,World Bank API
2008,Angola,AGO,15.2821139194857,14000000.0,Historical,World Bank API
2009,Angola,AGO,5.47345419253853,21711000000.0,Historical,World Bank API
2010,Angola,AGO,-10.7933646271143,23500000.0,Historical,World Bank API
2011,Angola,AGO,9.25051329530994,10273000000.0,Historical,World Bank API
2012,Angola,AGO,0.879314134974734,4157500000.0,Historical,World Bank API
2013,Angola,AGO,3.47918104829496,160000000.0,Historical,World Bank API
2014,Angola,AGO,3.32322471027371,630000000.0,Historical,World Bank API
2015,Angola,AGO,4.75031684122342,15600000.3814697,Historical,World Bank API
2016,Angola,AGO,8.93106210800055,20459000000.0,Historical,World Bank API
2017,Angola,AGO,4.65633252988236,6128000000.0,Historical,World Bank API
2018,Angola,AGO,3.972696401183,1291000000.0,Historical,World Bank API
2019,Angola,AGO,-0.105610857694984,94000000.0,Historical,World Bank API
2020,Angola,AGO,2.83280643343234,834000000.0,Historical,World Bank API
2021,Angola,AGO,2.27589910019393,3350000000.0,Historical,World Bank API
2022,Angola,AGO,3.87811614845566,724000000.0,Historical,World Bank API
2023,Angola,AGO,-0.228255715793637,26717000000.0,Historical,World Bank API
2024,Angola,AGO,3.44106776690418,8307000000.0,Historical,World Bank API
2025,Angola,AGO,4.50015356010131,1754000000.0,Historical,World Bank API
2000,Antigua and Barbuda,ATG,2.64431154871538,1034000000.0,Historical,World Bank API
2001,Antigua and Barbuda,ATG,1.67522863586828,186000000.0,Historical,World Bank API
2002,Antigua and Barbuda,ATG,6.07339340909564,2621000000.0,Historical,World Bank API
2003,Antigua and Barbuda,ATG,3.96591946444873,254000000.0,Historical,World Bank API
2004,Antigua and Barbuda,ATG,4.18371193053579,282000000.0,Historical,World Bank API
2005,Antigua and Barbuda,ATG,-0.760584470257314,2369000000.0,Historical,World Bank API
2006,Antigua and Barbuda,ATG,-2.8504539768538,256000000.0,Historical,World Bank API
2007,Antigua and Barbuda,ATG,2.21004795300735,31064000000.0,Historical,World Bank API
2008,Antigua and Barbuda,ATG,0.997832947295251,67402000000.0,Historical,World Bank API
2009,Antigua and Barbuda,ATG,4.08163265306123,27000000.0,Historical,World Bank API
2010,Antigua and Barbuda,ATG,2.41659223498058,19000000.0,Historical,World Bank API
2011,Antigua and Barbuda,ATG,3.58342909978997,124000000.0,Historical,World Bank API
2012,Antigua and Barbuda,ATG,0.993437085479655,7533000000.0,Historical,World Bank API
2013,Antigua and Barbuda,ATG,0.810810810810807,2431500000.0,Historical,World Bank API
2014,Antigua and Barbuda,ATG,-1.06137661464977,29705500000.0,Historical,World Bank API
2015,Antigua and Barbuda,ATG,1.90686426346754,42900001.5258789,Historical,World Bank API
2016,Antigua and Barbuda,ATG,3.01428315192251,320000000.0,Historical,World Bank API
2017,Antigua and Barbuda,ATG,7.10932260228034,3525000000.0,Historical,World Bank API
2018,Antigua and Barbuda,ATG,8.50312283866612,711000000.0,Historical,World Bank API
2019,Antigua and Barbuda,ATG,3.52095345987983,13199999.8092651,Historical,World Bank API
2020,Antigua and Barbuda,ATG,2.48309993837792,1185000000.0,Historical,World Bank API
2021,Antigua and Barbuda,ATG,0.0487485535201131,281000000.0,Historical,World Bank API
2022,Antigua and Barbuda,ATG,4.17329558916195,283000000.0,Historical,World Bank API
2023,Antigua and Barbuda,ATG,2.44795106098685,2200000.04768372,Historical,World Bank API
2024,Antigua and Barbuda,ATG,3.82638491760299,8582000000.0,Historical,World Bank API
2025,Antigua and Barbuda,ATG,6.30000004226711,908500000.0,Historical,World Bank API
2000,Argentina,ARG,12.0658631129953,2414000000.0,Historical,World Bank API
2001,Argentina,ARG,4.79999999528297,2154000000.0,Historical,World Bank API
2002,Argentina,ARG,-1.49756209084892,15757000000.0,Historical,World Bank API
2003,Argentina,ARG,2.26694373649188,75000000.0,Historical,World Bank API
2004,Argentina,ARG,1.57291844759789,521000000.0,Historical,World Bank API
2005,Argentina,ARG,4.69999976404691,45000000.0,Historical,World Bank API
2006,Argentina,ARG,3.16855627858818,10706000000.0,Historical,World Bank API
2007,Argentina,ARG,1.47446761556785,9636000000.0,Historical,World Bank API
2008,Argentina,ARG,1.63409410992996,38625500000.0,Historical,World Bank API
2009,Argentina,ARG,-6.85619346501754,600000.0,Historical,World Bank API
2010,Argentina,ARG,-1.96794740326561,13100000.3814697,Historical,World Bank API
2011,Argentina,ARG,-2.71563682344265,465000000.0,Historical,World Bank API
2012,Argentina,ARG,2.23760317482488,6605000000.0,Historical,World Bank API
2013,Argentina,ARG,2.24063176875049,4703000000.0,Historical,World Bank API
2014,Argentina,ARG,-1.31123206333498,686000000.0,Historical,World Bank API
2015,Argentina,ARG,7.19298728463697,6800000.0,Historical,World Bank API
2016,Argentina,ARG,-1.15748291975636,260800003.051758,Historical,World Bank API
2017,Argentina,ARG,1.58038221539113,922000000.0,Historical,World Bank API
2018,Argentina,ARG,-0.838585871193203,4150000000.0,Historical,World Bank API
2019,Argentina,ARG,5.55126069510321,53000000.0,Historical,World Bank API
2020,Argentina,ARG,2.48265922878505,660000000.0,Historical,World Bank API
2021,Argentina,ARG,7.80000011872161,16500000.0,Historical,World Bank API
2022,Argentina,ARG,4.02442793864228,3700000.04768372,Historical,World Bank API
2023,Argentina,ARG,5.03306918280177,12566000000.0,Historical,World Bank API
2024,Argentina,ARG,6.51388575852702,765000000.0,Historical,World Bank API
2025,Argentina,ARG,3.83500000014033,63000000.0,Historical,World Bank API
2000,Armenia,ARM,7.21123653679159,1251000000.0,Historical,World Bank API
2001,Armenia,ARM,0.675372771884227,880000000.0,Historical,World Bank API
2002,Armenia,ARM,6.06055141198976,557000000.0,Historical,World Bank API
2003,Armenia,ARM,7.29372807096192,1057000000.0,Historical,World Bank API
2004,Armenia,ARM,-8.07603116552393,4072000000.0,Historical,World Bank API
2005,Armenia,ARM,0.852101559410627,14311000000.0,Historical,World Bank API
2006,Armenia,ARM,-2.6809305497999,1043000000.0,Historical,World Bank API
2007,Armenia,ARM,3.41931516597739,3099000000.0,Historical,World Bank API
2008,Armenia,ARM,1.65668551983116,9849000000.0,Historical,World Bank API
2009,Armenia,ARM,6.47348685752347,219000000.0,Historical,World Bank API
2010,Armenia,ARM,5.44528081048476,5406000000.0,Historical,World Bank API
2011,Armenia,ARM,4.24121047272719,6000000.0,Historical,World Bank API
2012,Armenia,ARM,2.72756456708991,11776000000.0,Historical,World Bank API
2013,Armenia,ARM,5.09304469244418,70000000.0,Historical,World Bank API
2014,Armenia,ARM,4.80868869916921,1910000000.0,Historical,World Bank API
2015,Armenia,ARM,7.60697458913162,1643000000.0,Historical,World Bank API
2016,Armenia,ARM,6.00506308559498,201600006.103516,Historical,World Bank API
2017,Armenia,ARM,4.2074764951157,1076000000.0,Historical,World Bank API
2018,Armenia,ARM,3.35506838174288,10000000.0,Historical,World Bank API
2019,Armenia,ARM,2.99727256275818,8199999.80926514,Historical,World Bank API
2020,Armenia,ARM,2.10010882688805,226000000.0,Historical,World Bank API
2021,Armenia,ARM,4.60079447270559,40028000000.0,Historical,World Bank API
2022,Armenia,ARM,1.1222435658518,101500001.54972085,Historical,World Bank API
2023,Armenia,ARM,1.47503481053384,11395000000.0,Historical,World Bank API
2024,Armenia,ARM,0.916459423425337,2486000000.0,Historical,World Bank API
2025,Armenia,ARM,-3.653250914872,365000000.0,Historical,World Bank API
2000,Aruba,ABW,-1.63732118017028,812500000.0,Historical,World Bank API
2001,Aruba,ABW,4.45685893956946,152000000.0,Historical,World Bank API
2002,Aruba,ABW,7.11031431132103,367750000.0,Historical,World Bank API
2003,Aruba,ABW,5.54997471638077,747000000.0,Historical,World Bank API
2004,Aruba,ABW,-0.0317947678412054,16811000000.0,Historical,World Bank API
2005,Aruba,ABW,-9.04834717984643,2501000000.0,Historical,World Bank API
2006,Aruba,ABW,-9.10069369772735,78000000.0,Historical,World Bank API
2007,Aruba,ABW,3.21045439063563,15891000000.0,Historical,World Bank API
2008,Aruba,ABW,2.10000027181374,4926049999.952316,Historical,World Bank API
2009,Aruba,ABW,5.30123864475758,314000000.0,Historical,World Bank API
2010,Aruba,ABW,7.46500685572751,10080000000.0,Historical,World Bank API
2011,Aruba,ABW,1.23308611983484,3890000000.0,Historical,World Bank API
2012,Aruba,ABW,13.0160372478013,243000000.0,Historical,World Bank API
2013,Aruba,ABW,9.02151951268893,9066000000.0,Historical,World Bank API
2014,Aruba,ABW,5.84341590483928,2618000000.0,Historical,World Bank API
2015,Aruba,ABW,0.83791658082157,28700000.7629395,Historical,World Bank API
2016,Aruba,ABW,5.44395088840088,8348300003.051758,Historical,World Bank API
2017,Aruba,ABW,3.95483192702744,877000000.0,Historical,World Bank API
2018,Aruba,ABW,4.11137901761516,61000000.0,Historical,World Bank API
2019,Aruba,ABW,5.45638755166587,18340000000.0,Historical,World Bank API
2020,Aruba,ABW,0.304057565922449,2629000000.0,Historical,World Bank API
2021,Aruba,ABW,6.05505293244555,84205000000.0,Historical,World Bank API
2022,Aruba,ABW,6.01953461940062,199300003.051758,Historical,World Bank API
2023,Aruba,ABW,6.35769548008234,122000000.0,Historical,World Bank API
2024,Aruba,ABW,-1.06671711240203,6744000000.0,Historical,World Bank API
2025,Aruba,ABW,2.73115982828944,5441000000.0,Historical,World Bank API
2000,Australia,AUS,4.00000012807919,374000000.0,Historical,World Bank API
2001,Australia,AUS,5.72701615981669,1663000000.0,Historical,World Bank API
2002,Australia,AUS,1.16911218376478,178500000.0,Historical,World Bank API
2003,Australia,AUS,4.18869237159223,584200012.207031,Historical,World Bank API
2004,Australia,AUS,-1.86388420254838,620000000.0,Historical,World Bank API
2005,Australia,AUS,5.91768464920371,168000000.0,Historical,World Bank API
2006,Australia,AUS,10.7847443857453,347000000.0,Historical,World Bank API
2007,Australia,AUS,3.16835627559691,39299999.2370605,Historical,World Bank API
2008,Australia,AUS,7.08802960050427,3099999.90463257,Historical,World Bank API
2009,Australia,AUS,5.86649177292595,4961000000.0,Historical,World Bank API
2010,Australia,AUS,0.965517241379317,22000000.0,Historical,World Bank API
2011,Australia,AUS,2.57444955124846,66000000.0,Historical,World Bank API
2012,Australia,AUS,6.7854678229144,1966000000.0,Historical,World Bank API
2013,Australia,AUS,1.52048593647231,9870000000.0,Historical,World Bank API
2014,Australia,AUS,3.84879240030133,240860000.610352,Historical,World Bank API
2015,Australia,AUS,5.09986426216793,365350000.3814698,Historical,World Bank API
2016,Australia,AUS,2.01630996216733,16495000000.0,Historical,World Bank API
2017,Australia,AUS,3.04345012371552,3524000000.0,Historical,World Bank API
2018,Australia,AUS,2.06283074347695,25000000.0,Historical,World Bank API
2019,Australia,AUS,1.80943147301357,2060000000.0,Historical,World Bank API
2020,Australia,AUS,3.02841630700273,8379000000.0,Historical,World Bank API
2021,Australia,AUS,4.50601428032604,84205000000.0,Historical,World Bank API
2022,Australia,AUS,9.17120650955299,3917000000.0,Historical,World Bank API
2023,Australia,AUS,1.04429855323325,5358000000.0,Historical,World Bank API
2024,Australia,AUS,3.03441486663654,2717899902.34375,Historical,World Bank API
2025,Australia,AUS,7.09982877575158,217899993.896484,Historical,World Bank API
2000,Austria,AUT,1.75522349592019,28000000.0,Historical,World Bank API
2001,Austria,AUT,7.70256844839309,225000000.0,Historical,World Bank API
2002,Austria,AUT,2.11455779628278,64371000000.0,Historical,World Bank API
2003,Austria,AUT,5.97510939607335,1119000000.0,Historical,World Bank API
2004,Austria,AUT,6.78813990621356,6075000000.0,Historical,World Bank API
2005,Austria,AUT,-0.296457845880582,3700000.04768372,Historical,World Bank API
2006,Austria,AUT,1.34309403607486,926000000.0,Historical,World Bank API
2007,Austria,AUT,5.87559583386607,3245000000.0,Historical,World Bank API
2008,Austria,AUT,1.82662476743647,4593049999.952316,Historical,World Bank API
2009,Austria,AUT,26.5241350674409,38000000.0,Historical,World Bank API
2010,Austria,AUT,3.77522468729185,18471000000.0,Historical,World Bank API
2011,Austria,AUT,-0.927537712532072,720000000.0,Historical,World Bank API
2012,Austria,AUT,4.17561205106279,442000000.0,Historical,World Bank API
2013,Austria,AUT,5.2258643028773,10674000000.0,Historical,World Bank API
2014,Austria,AUT,3.82370364608695,1262000000.0,Historical,World Bank API
2015,Austria,AUT,5.67161248460013,702000000.0,Historical,World Bank API
2016,Austria,AUT,1.10565603382983,6565000000.0,Historical,World Bank API
2017,Austria,AUT,2.20652020635357,1884500000.0,Historical,World Bank API
2018,Austria,AUT,7.93576224743147,1479000000.0,Historical,World Bank API
2019,Austria,AUT,5.44333663288322,20000000.0,Historical,World Bank API
2020,Austria,AUT,6.61462475033599,7300000.0,Historical,World Bank API
2021,Austria,AUT,-7.84050683730972,803000000.0,Historical,World Bank API
2022,Austria,AUT,10.5822700502552,2236000000.0,Historical,World Bank API
2023,Austria,AUT,5.48717948717949,20100000.3814697,Historical,World Bank API
2024,Austria,AUT,2.20988276526516,989000000.0,Historical,World Bank API
2025,Austria,AUT,3.86713552011777,404000000.0,Historical,World Bank API
2000,Azerbaijan,AZE,-1.42488493937503,4771000000.0,Historical,World Bank API
2001,Azerbaijan,AZE,10.454389484408,467500000.0,Historical,World Bank API
2002,Azerbaijan,AZE,-0.970489205783323,1200000.0,Historical,World Bank API
2003,Azerbaijan,AZE,6.71686869844402,2370000000.0,Historical,World Bank API
2004,Azerbaijan,AZE,5.1211061197056,1844000000.0,Historical,World Bank API
2005,Azerbaijan,AZE,3.1570360543854,2229000000.0,Historical,World Bank API
2006,Azerbaijan,AZE,8.96957619074095,1243000000.0,Historical,World Bank API
2007,Azerbaijan,AZE,18.2137799569674,5000000.0,Historical,World Bank API
2008,Azerbaijan,AZE,6.78343772370305,9183000000.0,Historical,World Bank API
2009,Azerbaijan,AZE,5.04164187983342,22000000.0,Historical,World Bank API
2010,Azerbaijan,AZE,3.89226067249989,9477500000.0,Historical,World Bank API
2011,Azerbaijan,AZE,0.676511738873756,548000000.0,Historical,World Bank API
2012,Azerbaijan,AZE,1.38888888888904,1600000.0,Historical,World Bank API
2013,Azerbaijan,AZE,7.93670968715332,402000000.0,Historical,World Bank API
2014,Azerbaijan,AZE,2.05413096200485,11800000.1907349,Historical,World Bank API
2015,Azerbaijan,AZE,-1.81802510749792,46134000000.0,Historical,World Bank API
2016,Azerbaijan,AZE,6.34148557153473,9715000000.0,Historical,World Bank API
2017,Azerbaijan,AZE,-4.55580428525744,245000000.0,Historical,World Bank API
2018,Azerbaijan,AZE,-3.08742052359268,46000000.0,Historical,World Bank API
2019,Azerbaijan,AZE,11.0779282578673,834000000.0,Historical,World Bank API
2020,Azerbaijan,AZE,1.56917104702706,2365000000.0,Historical,World Bank API
2021,Azerbaijan,AZE,4.95383534123657,4380000000.0,Historical,World Bank API
2022,Azerbaijan,AZE,-6.2904717853839,586000000.0,Historical,World Bank API
2023,Azerbaijan,AZE,3.16409886329913,180000000.0,Historical,World Bank API
2024,Azerbaijan,AZE,7.50381465859829,762000000.0,Historical,World Bank API
2025,Azerbaijan,AZE,1.83641914989978,387000000.0,Historical,World Bank API
2000,"Bahamas, The",BHS,2.64743514912058,1745000000.0,Historical,World Bank API
2001,"Bahamas, The",BHS,2.50884408826073,710000000.0,Historical,World Bank API
2002,"Bahamas, The",BHS,2.8758922877538,142000000.0,Historical,World Bank API
2003,"Bahamas, The",BHS,-0.635696647893425,778000000.0,Historical,World Bank API
2004,"Bahamas, The",BHS,-1.88470575631651,8694000000.0,Historical,World Bank API
2005,"Bahamas, The",BHS,2.70347705543654,1422000000.0,Historical,World Bank API
2006,"Bahamas, The",BHS,3.94980535772942,12148000000.0,Historical,World Bank API
2007,"Bahamas, The",BHS,2.53048188351066,63890000000.0,Historical,World Bank API
2008,"Bahamas, The",BHS,3.7837208928099,27000000.0,Historical,World Bank API
2009,"Bahamas, The",BHS,-4.91166050905851,74000000.0,Historical,World Bank API
2010,"Bahamas, The",BHS,3.5274430054537147,484000000.0,Historical,World Bank API
2011,"Bahamas, The",BHS,4.40937501806403,3809000000.0,Historical,World Bank API
2012,"Bahamas, The",BHS,-12.7028934368384,1537800000.0,Historical,World Bank API
2013,"Bahamas, The",BHS,-5.24292190384988,7352000000.0,Historical,World Bank API
2014,"Bahamas, The",BHS,0.415193061293763,46900001.5258789,Historical,World Bank API
2015,"Bahamas, The",BHS,-5.34027547826166,30851333333.333336,Historical,World Bank API
2016,"Bahamas, The",BHS,4.74838445564714,23059999.4659424,Historical,World Bank API
2017,"Bahamas, The",BHS,14.1547775343954,103000000.0,Historical,World Bank API
2018,"Bahamas, The",BHS,1.43311134247756,40099998.4741211,Historical,World Bank API
2019,"Bahamas, The",BHS,7.63136360845897,1185000000.0,Historical,World Bank API
2020,"Bahamas, The",BHS,2.93824658056356,367000000.0,Historical,World Bank API
2021,"Bahamas, The",BHS,4.63215704523927,84000000.0,Historical,World Bank API
2022,"Bahamas, The",BHS,4.7859716500482,2400000.09536743,Historical,World Bank API
2023,"Bahamas, The",BHS,2.77978059105617,6148000000.0,Historical,World Bank API
2024,"Bahamas, The",BHS,14.6999999278723,1735000000.0,Historical,World Bank API
2025,"Bahamas, The",BHS,1.35769537343957,4115000000.0,Historical,World Bank API
2000,Bahrain,BHR,8.42913257059108,271000000.0,Historical,World Bank API
2001,Bahrain,BHR,11.9565611289086,4463000000.0,Historical,World Bank API
2002,Bahrain,BHR,1.45131466066431,86000000.0,Historical,World Bank API
2003,Bahrain,BHR,3.55016483786838,4874000000.0,Historical,World Bank API
2004,Bahrain,BHR,4.19999999988647,202000000.0,Historical,World Bank API
2005,Bahrain,BHR,2.94907546754213,6674000000.0,Historical,World Bank API
2006,Bahrain,BHR,-1.90644105515335,12718000000.0,Historical,World Bank API
2007,Bahrain,BHR,4.7421356730152,32039500000.0,Historical,World Bank API
2008,Bahrain,BHR,1.05993949860752,488000000.0,Historical,World Bank API
2009,Bahrain,BHR,6.19211576941919,264000000.0,Historical,World Bank API
2010,Bahrain,BHR,3.16262533840754,607000000.0,Historical,World Bank API
2011,Bahrain,BHR,6.32334950499747,4325000000.0,Historical,World Bank API
2012,Bahrain,BHR,6.13972470560435,3074000000.0,Historical,World Bank API
2013,Bahrain,BHR,1.6008537886873,1343000000.0,Historical,World Bank API
2014,Bahrain,BHR,0.443832614908331,9097000000.0,Historical,World Bank API
2015,Bahrain,BHR,-0.733092455297992,15568666666.666668,Historical,World Bank API
2016,Bahrain,BHR,3.19999269219366,665000000.0,Historical,World Bank API
2017,Bahrain,BHR,4.52003886739061,2333000000.0,Historical,World Bank API
2018,Bahrain,BHR,1.94335965478776,88000000.0,Historical,World Bank API
2019,Bahrain,BHR,1.63676957736662,49000000.0,Historical,World Bank API
2020,Bahrain,BHR,8.32432449473859,5000000.0,Historical,World Bank API
2021,Bahrain,BHR,0.900000000901912,1899999.97615814,Historical,World Bank API
2022,Bahrain,BHR,6.01370360009123,8150000000.0,Historical,World Bank API
2023,Bahrain,BHR,4.36686504978387,938000000.0,Historical,World Bank API
2024,Bahrain,BHR,0.164777608940113,2708000000.0,Historical,World Bank API
2025,Bahrain,BHR,3.82688702890739,5631853027.34375,Historical,World Bank API
2000,Bangladesh,BGD,25.1031075246958,22688000000.0,Historical,World Bank API
2001,Bangladesh,BGD,6.35606857181878,439000000.0,Historical,World Bank API
2002,Bangladesh,BGD,12.5999999997766,303000000.0,Historical,World Bank API
2003,Bangladesh,BGD,2.64026205699308,2066000000.0,Historical,World Bank API
2004,Bangladesh,BGD,4.80501352746852,13329000000.0,Historical,World Bank API
2005,Bangladesh,BGD,3.85824195230107,82000000.0,Historical,World Bank API
2006,Bangladesh,BGD,-3.2759169063211,6613000000.0,Historical,World Bank API
2007,Bangladesh,BGD,12.5652843771279,189000000.0,Historical,World Bank API
2008,Bangladesh,BGD,4.06236408888319,321000000.0,Historical,World Bank API
2009,Bangladesh,BGD,11.7953525281136,2931000000.0,Historical,World Bank API
2010,Bangladesh,BGD,0.565481557604713,24000000.0,Historical,World Bank API
2011,Bangladesh,BGD,3.21468019683108,22390000000.0,Historical,World Bank API
2012,Bangladesh,BGD,9.44738518613097,635900024.414063,Historical,World Bank API
2013,Bangladesh,BGD,1.73501577287065,22000000.0,Historical,World Bank API
2014,Bangladesh,BGD,7.59630181032645,883000000.0,Historical,World Bank API
2015,Bangladesh,BGD,3.63871070955426,286000000.0,Historical,World Bank API
2016,Bangladesh,BGD,4.05174633027869,2506000000.0,Historical,World Bank API
2017,Bangladesh,BGD,0.307106461240664,601000000.0,Historical,World Bank API
2018,Bangladesh,BGD,3.5331575177533,298500000.0,Historical,World Bank API
2019,Bangladesh,BGD,2.10010882688805,267000000.0,Historical,World Bank API
2020,Bangladesh,BGD,5.10818513903604,21662000000.0,Historical,World Bank API
2021,Bangladesh,BGD,-5.75366122139113,276199999.9880791,Historical,World Bank API
2022,Bangladesh,BGD,1.56062669680782,27285000000.0,Historical,World Bank API
2023,Bangladesh,BGD,-8.20463159324387,10522000000.0,Historical,World Bank API
2024,Bangladesh,BGD,3.82004825518591,2708000000.0,Historical,World Bank API
2025,Bangladesh,BGD,5.39862243994342,488000000.0,Historical,World Bank API
2000,Barbados,BRB,6.27054566937677,24000000.0,Historical,World Bank API
2001,Barbados,BRB,2.84111851154807,7000000.0,Historical,World Bank API
2002,Barbados,BRB,7.04319246586394,339000000.0,Historical,World Bank API
2003,Barbados,BRB,0.0574740238200775,17608000000.0,Historical,World Bank API
2004,Barbados,BRB,8.42600102501767,964000000.0,Historical,World Bank API
2005,Barbados,BRB,-3.18241515376397,73000000.0,Historical,World Bank API
2006,Barbados,BRB,3.34756290750219,437000000.0,Historical,World Bank API
2007,Barbados,BRB,6.19999819490684,96049999.95231628,Historical,World Bank API
2008,Barbados,BRB,4.80711719268376,112000000.0,Historical,World Bank API
2009,Barbados,BRB,6.41316889681683,5710000000.0,Historical,World Bank API
2010,Barbados,BRB,2.58087013921376,7041000000.0,Historical,World Bank API
2011,Barbados,BRB,4.98671283481617,123000000.0,Historical,World Bank API
2012,Barbados,BRB,9.03831632555163,5142000000.0,Historical,World Bank API
2013,Barbados,BRB,27.9615381082131,100000000.0,Historical,World Bank API
2014,Barbados,BRB,7.08988731455126,89000000.0,Historical,World Bank API
2015,Barbados,BRB,4.91037176536236,262000000.0,Historical,World Bank API
2016,Barbados,BRB,-2.14173712008038,9994000000.0,Historical,World Bank API
2017,Barbados,BRB,1.88847388906525,23000000.0,Historical,World Bank API
2018,Barbados,BRB,7.92293661199932,6307000000.0,Historical,World Bank API
2019,Barbados,BRB,5.98196694904402,1092000000.0,Historical,World Bank API
2020,Barbados,BRB,2.52381981363968,222746000000.0,Historical,World Bank API
2021,Barbados,BRB,6.72137167584978,550500000.0,Historical,World Bank API
2022,Barbados,BRB,8.96750520041391,195000000.0,Historical,World Bank API
2023,Barbados,BRB,0.344593196175438,3418000000.0,Historical,World Bank API
2024,Barbados,BRB,9.00765087504757,5030000000.0,Historical,World Bank API
2025,Barbados,BRB,7.08148344487884,29430000000.0,Historical,World Bank API
2000,Belarus,BLR,3.79336515978963,4514000000.0,Historical,World Bank API
2001,Belarus,BLR,4.11469880444737,178500000.0,Historical,World Bank API
2002,Belarus,BLR,10.119723322694,440100006.103516,Historical,World Bank API
2003,Belarus,BLR,1.40000000859727,609000000.0,Historical,World Bank API
2004,Belarus,BLR,3.55064109436891,130000000.0,Historical,World Bank API
2005,Belarus,BLR,3.85280919517032,2400000.0,Historical,World Bank API
2006,Belarus,BLR,3.10041210399676,21399999.6185303,Historical,World Bank API
2007,Belarus,BLR,0.536801194648319,3099999.90463257,Historical,World Bank API
2008,Belarus,BLR,1.75542214874298,20198000000.0,Historical,World Bank API
2009,Belarus,BLR,0.899999999219148,140000000.0,Historical,World Bank API
2010,Belarus,BLR,-5.08930872071532,14000000.0,Historical,World Bank API
2011,Belarus,BLR,7.26838656139654,1966000000.0,Historical,World Bank API
2012,Belarus,BLR,3.53350013165972,7908000000.0,Historical,World Bank API
2013,Belarus,BLR,4.811223315688,174000000.0,Historical,World Bank API
2014,Belarus,BLR,0.890099909173486,2156500000.0,Historical,World Bank API
2015,Belarus,BLR,5.6313145568451,238000000.0,Historical,World Bank API
2016,Belarus,BLR,3.79627166202512,2061000000.0,Historical,World Bank API
2017,Belarus,BLR,4.20017418206496,25000000.0,Historical,World Bank API
2018,Belarus,BLR,1.73037627006349,2060000000.0,Historical,World Bank API
2019,Belarus,BLR,3.03117767594847,11922000000.0,Historical,World Bank API
2020,Belarus,BLR,0.752447592962554,116000000.0,Historical,World Bank API
2021,Belarus,BLR,4.65172550299128,2860000000.0,Historical,World Bank API
2022,Belarus,BLR,2.61937861354482,3051000000.0,Historical,World Bank API
2023,Belarus,BLR,3.37223866114127,2955000000.0,Historical,World Bank API
2024,Belarus,BLR,6.0610593588495,154000000.0,Historical,World Bank API
2025,Belarus,BLR,0.977734697038784,58372000000.0,Historical,World Bank API
2000,Belgium,BEL,4.28239833770654,2311500000.0,Historical,World Bank API
2001,Belgium,BEL,0.840132083053334,30924000000.0,Historical,World Bank API
2002,Belgium,BEL,8.07503915535979,4024000000.0,Historical,World Bank API
2003,Belgium,BEL,7.95904804992662,955000000.0,Historical,World Bank API
2004,Belgium,BEL,-0.121288605564772,4900000.09536743,Historical,World Bank API
2005,Belgium,BEL,10.3179138043147,722000000.0,Historical,World Bank API
2006,Belgium,BEL,0.416711868408683,2603000000.0,Historical,World Bank API
2007,Belgium,BEL,3.60890731687714,19049999.952316284,Historical,World Bank API
2008,Belgium,BEL,-11.7398608281732,228000000.0,Historical,World Bank API
2009,Belgium,BEL,3.18952292988787,11382000000.0,Historical,World Bank API
2010,Belgium,BEL,0.971259129987544,737000000.0,Historical,World Bank API
2011,Belgium,BEL,-6.00000026352828,240000000.0,Historical,World Bank API
2012,Belgium,BEL,2.29577238758284,10674000000.0,Historical,World Bank API
2013,Belgium,BEL,3.86884436177075,190000000.0,Historical,World Bank API
2014,Belgium,BEL,0.560117843140432,4224000000.0,Historical,World Bank API
2015,Belgium,BEL,0.944909363247831,2989000000.0,Historical,World Bank API
2016,Belgium,BEL,-0.0494116727402769,1186500000.0,Historical,World Bank API
2017,Belgium,BEL,3.54210987765977,3137000000.0,Historical,World Bank API
2018,Belgium,BEL,2.74333045031415,919000000.0,Historical,World Bank API
2019,Belgium,BEL,0.401934896977224,6426500000.0,Historical,World Bank API
2020,Belgium,BEL,6.07663666406602,803000000.0,Historical,World Bank API
2021,Belgium,BEL,11.4561670019891,790000000.0,Historical,World Bank API
2022,Belgium,BEL,5.53918680023571,3700000.04768372,Historical,World Bank API
2023,Belgium,BEL,0.101917836412952,810000000.0,Historical,World Bank API
2024,Belgium,BEL,10.0290488827886,243000000.0,Historical,World Bank API
2025,Belgium,BEL,-1.36380390261873,80000000.0,Historical,World Bank API
2000,Belize,BLZ,1.65514876664869,109000000.0,Historical,World Bank API
2001,Belize,BLZ,6.75264845178367,292000000.0,Historical,World Bank API
2002,Belize,BLZ,4.9773565917572,27755000000.0,Historical,World Bank API
2003,Belize,BLZ,2.93247554570904,619000000.0,Historical,World Bank API
2004,Belize,BLZ,9.30746717077338,2626000000.0,Historical,World Bank API
2005,Belize,BLZ,1.7072283175406,1670000000.0,Historical,World Bank API
2006,Belize,BLZ,2.4124442237792,1370000000.0,Historical,World Bank API
2007,Belize,BLZ,1.94575281675984,35000000.0,Historical,World Bank API
2008,Belize,BLZ,5.04164187983342,22000000.0,Historical,World Bank API
2009,Belize,BLZ,3.33939738340764,5920500000.0,Historical,World Bank API
2010,Belize,BLZ,0.764773550338731,117000000.0,Historical,World Bank API
2011,Belize,BLZ,4.13223140495909,3400000.0,Historical,World Bank API
2012,Belize,BLZ,-0.934926303735025,47700000.7629395,Historical,World Bank API
2013,Belize,BLZ,-2.48943244028874,5000000.0,Historical,World Bank API
2014,Belize,BLZ,0.762410677306491,38364000000.0,Historical,World Bank API
2015,Belize,BLZ,7.33449996034538,3441000000.0,Historical,World Bank API
2016,Belize,BLZ,3.72129967114788,312000000.0,Historical,World Bank API
2017,Belize,BLZ,4.40715667561153,57000000.0,Historical,World Bank API
2018,Belize,BLZ,-1.15748291975636,942500000.0,Historical,World Bank API
2019,Belize,BLZ,5.38949856996771,931000000.0,Historical,World Bank API
2020,Belize,BLZ,4.3342989754845,2163000000.0,Historical,World Bank API
2021,Belize,BLZ,4.09049059581743,1972000000.0,Historical,World Bank API
2022,Belize,BLZ,3.21668504736274,1110000000.0,Historical,World Bank API
2023,Belize,BLZ,8.00000033846364,102400001.525879,Historical,World Bank API
2024,Belize,BLZ,5.25089116960211,100000000.0,Historical,World Bank API
2025,Belize,BLZ,8.15577352358517,1950000000.0,Historical,World Bank API
2000,Benin,BEN,1.67546379498209,3612000000.0,Historical,World Bank API
2001,Benin,BEN,6.49999999997677,395000000.0,Historical,World Bank API
2002,Benin,BEN,0.676425345201665,244000000.0,Historical,World Bank API
2003,Benin,BEN,7.97513555844932,8026000000.0,Historical,World Bank API
2004,Benin,BEN,1.2957386351958,1322000000.0,Historical,World Bank API
2005,Benin,BEN,-23.8979898352395,1077000000.0,Historical,World Bank API
2006,Benin,BEN,0.416171964862073,1757000000.0,Historical,World Bank API
2007,Benin,BEN,-3.19038314015573,19000000.0,Historical,World Bank API
2008,Benin,BEN,4.14340681165626,83000000.0,Historical,World Bank API
2009,Benin,BEN,4.644962705725725,459000000.0,Historical,World Bank API
2010,Benin,BEN,2.84695146463069,42313000000.0,Historical,World Bank API
2011,Benin,BEN,2.554965253403,253000000.0,Historical,World Bank API
2012,Benin,BEN,2.43345681089617,1332000000.0,Historical,World Bank API
2013,Benin,BEN,-6.61399480441001,31399999.6185303,Historical,World Bank API
2014,Benin,BEN,1.71219595890548,19267000000.0,Historical,World Bank API
2015,Benin,BEN,1.40628239971301,167000000.0,Historical,World Bank API
2016,Benin,BEN,2.58355480961319,1910000000.0,Historical,World Bank API
2017,Benin,BEN,4.0886479398829,45000000.0,Historical,World Bank API
2018,Benin,BEN,2.33618945029086,966000000.0,Historical,World Bank API
2019,Benin,BEN,1.61660730423688,94000000.0,Historical,World Bank API
2020,Benin,BEN,2.08684522733067,153000000.0,Historical,World Bank API
2021,Benin,BEN,5.5823328114905,1289999.96185303,Historical,World Bank API
2022,Benin,BEN,-13.5,248000000.0,Historical,World Bank API
2023,Benin,BEN,3.26882855955344,885700000.7629396,Historical,World Bank API
2024,Benin,BEN,-1.11803723642878,2380000000.0,Historical,World Bank API
2025,Benin,BEN,3.38407809933472,5518000000.0,Historical,World Bank API
2000,Bermuda,BMU,3.88721095816793,152000000.0,Historical,World Bank API
2001,Bermuda,BMU,13.8263195471281,57000000.0,Historical,World Bank API
2002,Bermuda,BMU,2.22619979863525,10823000000.0,Historical,World Bank API
2003,Bermuda,BMU,3.93330759462793,849000000.0,Historical,World Bank API
2004,Bermuda,BMU,2.71821202053759,669500000.0,Historical,World Bank API
2005,Bermuda,BMU,1.09960362419645,8304000000.0,Historical,World Bank API
2006,Bermuda,BMU,5.55569490080012,1187500000.0,Historical,World Bank API
2007,Bermuda,BMU,5.09133813864338,516000000.0,Historical,World Bank API
2008,Bermuda,BMU,5.4680413807304,212000000.0,Historical,World Bank API
2009,Bermuda,BMU,5.95052802804381,19994000000.0,Historical,World Bank API
2010,Bermuda,BMU,-4.16539345213232,25375000000.0,Historical,World Bank API
2011,Bermuda,BMU,4.95820320611745,1232000000.0,Historical,World Bank API
2012,Bermuda,BMU,-6.59478885893981,1021000000.0,Historical,World Bank API
2013,Bermuda,BMU,1.27799983192831,7617000000.0,Historical,World Bank API
2014,Bermuda,BMU,-11.1960828853386,170000000.0,Historical,World Bank API
2015,Bermuda,BMU,4.38802362461865,20416000000.0,Historical,World Bank API
2016,Bermuda,BMU,0.882373744518318,1897000000.0,Historical,World Bank API
2017,Bermuda,BMU,6.6657243078367,64000000.0,Historical,World Bank API
2018,Bermuda,BMU,11.6489161878925,236000000.0,Historical,World Bank API
2019,Bermuda,BMU,1.39317607830837,1816000000.0,Historical,World Bank API
2020,Bermuda,BMU,4.79980951667159,173000000.0,Historical,World Bank API
2021,Bermuda,BMU,4.49947539085764,5797000000.0,Historical,World Bank API
2022,Bermuda,BMU,7.2765744364722,828000000.0,Historical,World Bank API
2023,Bermuda,BMU,7.8034096507169,1669000000.0,Historical,World Bank API
2024,Bermuda,BMU,3.46646114288178,9215000000.0,Historical,World Bank API
2025,Bermuda,BMU,2.52835100486102,227000000.0,Historical,World Bank API
2000,Bhutan,BTN,3.63973499569106,33099998.4741211,Historical,World Bank API
2001,Bhutan,BTN,3.60000000058993,994000000.0,Historical,World Bank API
2002,Bhutan,BTN,-0.581946709343867,1345000000.0,Historical,World Bank API
2003,Bhutan,BTN,4.92512304864294,518000000.0,Historical,World Bank API
2004,Bhutan,BTN,6.28880816146516,17000000.0,Historical,World Bank API
2005,Bhutan,BTN,5.09419544811998,6109000000.0,Historical,World Bank API
2006,Bhutan,BTN,2.79155975746801,618000000.0,Historical,World Bank API
2007,Bhutan,BTN,1.92275734200614,1977000000.0,Historical,World Bank API
2008,Bhutan,BTN,4.58802192181773,518000000.0,Historical,World Bank API
2009,Bhutan,BTN,2.94776518359767,3200000.0,Historical,World Bank API
2010,Bhutan,BTN,5.24500550580342,8437000000.0,Historical,World Bank API
2011,Bhutan,BTN,7.95838869847094,298000000.0,Historical,World Bank API
2012,Bhutan,BTN,-6.98757763975155,22000000.0,Historical,World Bank API
2013,Bhutan,BTN,8.67980010138049,48000000.0,Historical,World Bank API
2014,Bhutan,BTN,-0.736019991927179,47000000.0,Historical,World Bank API
2015,Bhutan,BTN,6.24174804376447,729000000.0,Historical,World Bank API
2016,Bhutan,BTN,-3.74274431740703,500000000.0,Historical,World Bank API
2017,Bhutan,BTN,2.67780277623314,1202699951.17188,Historical,World Bank API
2018,Bhutan,BTN,-3.86795333823223,10926200195.3125,Historical,World Bank API
2019,Bhutan,BTN,1.61444564976986,1007000000.0,Historical,World Bank API
2020,Bhutan,BTN,-3.60663231572742,172750000.0,Historical,World Bank API
2021,Bhutan,BTN,-5.69323635892741,12537000000.0,Historical,World Bank API
2022,Bhutan,BTN,-4.05090267621935,14578000000.0,Historical,World Bank API
2023,Bhutan,BTN,3.52586277149926,1669000000.0,Historical,World Bank API
2024,Bhutan,BTN,2.19229848237939,7561000000.0,Historical,World Bank API
2025,Bhutan,BTN,8.90480904902596,4428000000.0,Historical,World Bank API
2000,Bolivia,BOL,1.0,1328799999.2370605,Historical,World Bank API
2001,Bolivia,BOL,-0.0967779613221893,1071000000.0,Historical,World Bank API
2002,Bolivia,BOL,4.13782699405849,9264000000.0,Historical,World Bank API
2003,Bolivia,BOL,13.5689500216456,83000000.0,Historical,World Bank API
2004,Bolivia,BOL,9.33149806305823,24000000.0,Historical,World Bank API
2005,Bolivia,BOL,5.66695298703932,476000000.0,Historical,World Bank API
2006,Bolivia,BOL,7.15369505735335,4160000000.0,Historical,World Bank API
2007,Bolivia,BOL,3.79979560086888,4230000.01907349,Historical,World Bank API
2008,Bolivia,BOL,6.89906349055258,1400000000.0,Historical,World Bank API
2009,Bolivia,BOL,-4.79832416684926,8164000000.0,Historical,World Bank API
2010,Bolivia,BOL,8.68728781639683,123000000.0,Historical,World Bank API
2011,Bolivia,BOL,2.8938564123677,39000000.0,Historical,World Bank API
2012,Bolivia,BOL,-0.659089573171372,15362000000.0,Historical,World Bank API
2013,Bolivia,BOL,-0.249033168543434,77000000.0,Historical,World Bank API
2014,Bolivia,BOL,14.4375144375144,279000000.0,Historical,World Bank API
2015,Bolivia,BOL,1.17925385250513,19564000000.0,Historical,World Bank API
2016,Bolivia,BOL,2.33015213407045,5061000000.0,Historical,World Bank API
2017,Bolivia,BOL,5.18615760140189,881000000.0,Historical,World Bank API
2018,Bolivia,BOL,4.61316649389876,538000000.0,Historical,World Bank API
2019,Bolivia,BOL,2.78453963650701,121030000000.0,Historical,World Bank API
2020,Bolivia,BOL,7.62041176451649,172500000.0,Historical,World Bank API
2021,Bolivia,BOL,4.33585592190116,477000000.0,Historical,World Bank API
2022,Bolivia,BOL,2.01431672129407,71900000.0,Historical,World Bank API
2023,Bolivia,BOL,3.65638765956977,416000000.0,Historical,World Bank API
2024,Bolivia,BOL,-4.55329824103478,30513000000.0,Historical,World Bank API
2025,Bolivia,BOL,0.0978759143320076,50000000.0,Historical,World Bank API
2000,Bosnia and Herzegovina,BIH,4.32138429480482,2624500000.0,Historical,World Bank API
2001,Bosnia and Herzegovina,BIH,6.06953087648317,324000000.0,Historical,World Bank API
2002,Bosnia and Herzegovina,BIH,4.70652994008303,190000000.0,Historical,World Bank API
2003,Bosnia and Herzegovina,BIH,10.5489445763446,51000000.0,Historical,World Bank API
2004,Bosnia and Herzegovina,BIH,2.44839285714286,2400000.0,Historical,World Bank API
2005,Bosnia and Herzegovina,BIH,7.32827729427979,1959000000.0,Historical,World Bank API
2006,Bosnia and Herzegovina,BIH,-3.14412917759699,3200000.04768372,Historical,World Bank API
2007,Bosnia and Herzegovina,BIH,8.20006825456321,9720000000.0,Historical,World Bank API
2008,Bosnia and Herzegovina,BIH,2.99999999941909,300000000.0,Historical,World Bank API
2009,Bosnia and Herzegovina,BIH,-8.81641723219757,14000000.0,Historical,World Bank API
2010,Bosnia and Herzegovina,BIH,-5.45684658426701,3386000000.0,Historical,World Bank API
2011,Bosnia and Herzegovina,BIH,-10.7933646271143,12000000.0,Historical,World Bank API
2012,Bosnia and Herzegovina,BIH,1.71316456361184,107699996.948242,Historical,World Bank API
2013,Bosnia and Herzegovina,BIH,0.438683948155543,3779000000.0,Historical,World Bank API
2014,Bosnia and Herzegovina,BIH,6.01148284250441,511000000.0,Historical,World Bank API
2015,Bosnia and Herzegovina,BIH,0.467734528855885,481000000.0,Historical,World Bank API
2016,Bosnia and Herzegovina,BIH,1.49999999847535,15600000.3814697,Historical,World Bank API
2017,Bosnia and Herzegovina,BIH,1.32372510450574,1733000000.0,Historical,World Bank API
2018,Bosnia and Herzegovina,BIH,4.38377069274605,12897000000.0,Historical,World Bank API
2019,Bosnia and Herzegovina,BIH,4.82351908493912,1097000000.0,Historical,World Bank API
2020,Bosnia and Herzegovina,BIH,3.94809757938053,111000000.0,Historical,World Bank API
2021,Bosnia and Herzegovina,BIH,0.342262716277261,834000000.0,Historical,World Bank API
2022,Bosnia and Herzegovina,BIH,3.49791942086068,1016000000.0,Historical,World Bank API
2023,Bosnia and Herzegovina,BIH,6.67190498576788,82000000.0,Historical,World Bank API
2024,Bosnia and Herzegovina,BIH,3.75796884489337,53465000000.0,Historical,World Bank API
2025,Bosnia and Herzegovina,BIH,0.52118550608968,7922000000.0,Historical,World Bank API
2000,Botswana,BWA,8.27189312486149,292000000.0,Historical,World Bank API
2001,Botswana,BWA,4.07477850599065,1463000000.0,Historical,World Bank API
2002,Botswana,BWA,2.26368817563613,1938000000.0,Historical,World Bank API
2003,Botswana,BWA,3.10306793272473,7052000000.0,Historical,World Bank API
2004,Botswana,BWA,0.942185362275907,67000000.0,Historical,World Bank API
2005,Botswana,BWA,2.62329962315329,2325000000.0,Historical,World Bank API
2006,Botswana,BWA,5.52341966978646,21100000.023841858,Historical,World Bank API
2007,Botswana,BWA,1.25373496242949,484000000.0,Historical,World Bank API
2008,Botswana,BWA,2.87417039499501,47327000000.0,Historical,World Bank API
2009,Botswana,BWA,1.43921494437743,35958000000.0,Historical,World Bank API
2010,Botswana,BWA,6.10000039929173,58000000.0,Historical,World Bank API
2011,Botswana,BWA,4.67607488877992,9714000000.0,Historical,World Bank API
2012,Botswana,BWA,0.913135189664487,92000000.0,Historical,World Bank API
2013,Botswana,BWA,2.43864141309342,7481000000.0,Historical,World Bank API
2014,Botswana,BWA,4.96987951807229,1264500000.0,Historical,World Bank API
2015,Botswana,BWA,4.52438074810904,290000000.0,Historical,World Bank API
2016,Botswana,BWA,7.3266954325067,2066000000.0,Historical,World Bank API
2017,Botswana,BWA,9.62863419534361,644000000.0,Historical,World Bank API
2018,Botswana,BWA,2.29150556129265,6570000000.0,Historical,World Bank API
2019,Botswana,BWA,2.10275251923413,19000000.0,Historical,World Bank API
2020,Botswana,BWA,6.07321748125295,205000000.0,Historical,World Bank API
2021,Botswana,BWA,-0.408355471416314,5000000.0,Historical,World Bank API
2022,Botswana,BWA,1.69161857433913,302000000.0,Historical,World Bank API
2023,Botswana,BWA,6.79601142810857,639000000.0,Historical,World Bank API
2024,Botswana,BWA,3.76145359637003,20000000.0,Historical,World Bank API
2025,Botswana,BWA,1.39425181563566,10961000000.0,Historical,World Bank API
2000,Brazil,BRA,8.05093332733966,57000000.0,Historical,World Bank API
2001,Brazil,BRA,6.77555562837017,27755000000.0,Historical,World Bank API
2002,Brazil,BRA,4.29999999729456,589000000.0,Historical,World Bank API
2003,Brazil,BRA,2.4612634592269,394000000.0,Historical,World Bank API
2004,Brazil,BRA,6.0189812403864,1057000000.0,Historical,World Bank API
2005,Brazil,BRA,2.15419536693635,646000000.0,Historical,World Bank API
2006,Brazil,BRA,2.80000000003355,39000000.0,Historical,World Bank API
2007,Brazil,BRA,-6.1689177146757,2716000000.0,Historical,World Bank API
2008,Brazil,BRA,1.07045413019414,7447000000.0,Historical,World Bank API
2009,Brazil,BRA,-0.647450316084857,86000000.0,Historical,World Bank API
2010,Brazil,BRA,19.9999999999999,600000.0,Historical,World Bank API
2011,Brazil,BRA,0.393922530137331,47000000.0,Historical,World Bank API
2012,Brazil,BRA,3.91563637725301,964000000.0,Historical,World Bank API
2013,Brazil,BRA,1.82652049482384,2661000000.0,Historical,World Bank API
2014,Brazil,BRA,3.71625500158383,2018000000.0,Historical,World Bank API
2015,Brazil,BRA,3.78828152085981,99000000.0,Historical,World Bank API
2016,Brazil,BRA,7.19298728463697,21600000.0,Historical,World Bank API
2017,Brazil,BRA,-1.15748291975636,437500000.0,Historical,World Bank API
2018,Brazil,BRA,13.9,243000000.0,Historical,World Bank API
2019,Brazil,BRA,3.34855067103268,985000000.0,Historical,World Bank API
2020,Brazil,BRA,12.5755698246405,440000000.0,Historical,World Bank API
2021,Brazil,BRA,3.40978812497193,926000000.0,Historical,World Bank API
2022,Brazil,BRA,6.70000069016253,220199996.948242,Historical,World Bank API
2023,Brazil,BRA,0.306443809481593,3700000.04768372,Historical,World Bank API
2024,Brazil,BRA,5.03034469419038,3533000000.0,Historical,World Bank API
2025,Brazil,BRA,3.47251046466637,63000000.0,Historical,World Bank API
2000,British Virgin Islands,VGB,0.75579405855224,194000000.0,Historical,World Bank API
2001,British Virgin Islands,VGB,-1.92937123169681,1152000000.0,Historical,World Bank API
2002,British Virgin Islands,VGB,3.42314982843781,837000000.0,Historical,World Bank API
2003,British Virgin Islands,VGB,7.83207023027602,1018000000.0,Historical,World Bank API
2004,British Virgin Islands,VGB,6.43146080719245,1506000000.0,Historical,World Bank API
2005,British Virgin Islands,VGB,3.30337003591039,5210000000.0,Historical,World Bank API
2006,British Virgin Islands,VGB,3.70975709163623,11449000000.0,Historical,World Bank API
2007,British Virgin Islands,VGB,4.20000042083539,26000000.0,Historical,World Bank API
2008,British Virgin Islands,VGB,1.698133839129215,438000000.0,Historical,World Bank API
2009,British Virgin Islands,VGB,4.81470669259771,33169000000.0,Historical,World Bank API
2010,British Virgin Islands,VGB,3.85586514041738,268000000.0,Historical,World Bank API
2011,British Virgin Islands,VGB,-3.75281793983162,687000000.0,Historical,World Bank API
2012,British Virgin Islands,VGB,7.5759803952642,12399999.6185303,Historical,World Bank API
2013,British Virgin Islands,VGB,5.03485413839893,1415500000.0,Historical,World Bank API
2014,British Virgin Islands,VGB,-0.541677601834593,115199996.948242,Historical,World Bank API
2015,British Virgin Islands,VGB,1.43414039522716,1910000000.0,Historical,World Bank API
2016,British Virgin Islands,VGB,-2.88380751483778,865000000.0,Historical,World Bank API
2017,British Virgin Islands,VGB,4.99226917482922,231000000.0,Historical,World Bank API
2018,British Virgin Islands,VGB,-3.93339486032939,75000000.0,Historical,World Bank API
2019,British Virgin Islands,VGB,7.66749238553135,51000000.0,Historical,World Bank API
2020,British Virgin Islands,VGB,3.69655311664086,17100000.3814697,Historical,World Bank API
2021,British Virgin Islands,VGB,0.400000000000006,248000000.0,Historical,World Bank API
2022,British Virgin Islands,VGB,11.811094450607,13771000000.0,Historical,World Bank API
2023,British Virgin Islands,VGB,3.15403492459967,1184000000.0,Historical,World Bank API
2024,British Virgin Islands,VGB,8.09297527811933,2426000000.0,Historical,World Bank API
2025,British Virgin Islands,VGB,-0.358510636850312,3143000000.0,Historical,World Bank API
2000,Brunei Darussalam,BRN,-9.4319740700862,57000000.0,Historical,World Bank API
2001,Brunei Darussalam,BRN,4.0920716112534,6328000000.0,Historical,World Bank API
2002,Brunei Darussalam,BRN,-3.9787086116544,328000000.0,Historical,World Bank API
2003,Brunei Darussalam,BRN,8.97800590573206,551500000.0,Historical,World Bank API
2004,Brunei Darussalam,BRN,-0.672742918585868,542000000.0,Historical,World Bank API
2005,Brunei Darussalam,BRN,2.0865743380603,6193000000.0,Historical,World Bank API
2006,Brunei Darussalam,BRN,4.23979429582137,383000000.0,Historical,World Bank API
2007,Brunei Darussalam,BRN,4.03561315398862,44000000.0,Historical,World Bank API
2008,Brunei Darussalam,BRN,2.32581354806429,19994000000.0,Historical,World Bank API
2009,Brunei Darussalam,BRN,2.2133975392251,16587085000.038147,Historical,World Bank API
2010,Brunei Darussalam,BRN,0.176038366149214,104000000.0,Historical,World Bank API
2011,Brunei Darussalam,BRN,-0.396080883885759,1234000000.0,Historical,World Bank API
2012,Brunei Darussalam,BRN,0.987173815945127,5978000000.0,Historical,World Bank API
2013,Brunei Darussalam,BRN,-50.3385151384986,170000000.0,Historical,World Bank API
2014,Brunei Darussalam,BRN,3.74757848792792,18944000000.0,Historical,World Bank API
2015,Brunei Darussalam,BRN,4.71468033247649,340000000.0,Historical,World Bank API
2016,Brunei Darussalam,BRN,5.80000024323377,58000000.0,Historical,World Bank API
2017,Brunei Darussalam,BRN,8.55623481664365,261000000.0,Historical,World Bank API
2018,Brunei Darussalam,BRN,5.19190584075331,6308000000.0,Historical,World Bank API
2019,Brunei Darussalam,BRN,5.95797670754024,172000000.0,Historical,World Bank API
2020,Brunei Darussalam,BRN,9.68959249192875,13413000000.0,Historical,World Bank API
2021,Brunei Darussalam,BRN,1.63163221127449,669000000.0,Historical,World Bank API
2022,Brunei Darussalam,BRN,-7.73200721540044,409000000.0,Historical,World Bank API
2023,Brunei Darussalam,BRN,1.97287006723876,11615000000.0,Historical,World Bank API
2024,Brunei Darussalam,BRN,8.02630022699017,613000000.0,Historical,World Bank API
2025,Brunei Darussalam,BRN,3.2269508901591,16974000000.0,Historical,World Bank API
2000,Bulgaria,BGR,13.7000000015467,522000000.0,Historical,World Bank API
2001,Bulgaria,BGR,2.70514302901054,955000000.0,Historical,World Bank API
2002,Bulgaria,BGR,3.8624682634,1824000000.0,Historical,World Bank API
2003,Bulgaria,BGR,2.09340124465459,85000000.0,Historical,World Bank API
2004,Bulgaria,BGR,1.3898964044581,1844000000.0,Historical,World Bank API
2005,Bulgaria,BGR,6.05059922215973,465000000.0,Historical,World Bank API
2006,Bulgaria,BGR,8.00565591628701,736000000.0,Historical,World Bank API
2007,Bulgaria,BGR,5.18785986002466,1049000000.0,Historical,World Bank API
2008,Bulgaria,BGR,-0.195577456821965,18500000.0,Historical,World Bank API
2009,Bulgaria,BGR,5.26689747917099,5170000.07629395,Historical,World Bank API
2010,Bulgaria,BGR,2.20238751139603,29000000.0,Historical,World Bank API
2011,Bulgaria,BGR,-4.16666666666666,22000000.0,Historical,World Bank API
2012,Bulgaria,BGR,8.67980010138049,26000000.0,Historical,World Bank API
2013,Bulgaria,BGR,8.5689555834747,3054000000.0,Historical,World Bank API
2014,Bulgaria,BGR,2.46085796805582,15080500000.0,Historical,World Bank API
2015,Bulgaria,BGR,3.41070667687531,500000000.0,Historical,World Bank API
2016,Bulgaria,BGR,3.29352400028485,1098300048.82813,Historical,World Bank API
2017,Bulgaria,BGR,-0.0302325600539604,19429000000.0,Historical,World Bank API
2018,Bulgaria,BGR,2.25261437620587,1782000000.0,Historical,World Bank API
2019,Bulgaria,BGR,3.98004368401293,25000000.0,Historical,World Bank API
2020,Bulgaria,BGR,0.0419624992862282,6069000000.0,Historical,World Bank API
2021,Bulgaria,BGR,1.62503532956156,10487000000.0,Historical,World Bank API
2022,Bulgaria,BGR,9.2203484058663,409000000.0,Historical,World Bank API
2023,Bulgaria,BGR,6.98771131236387,6116000000.0,Historical,World Bank API
2024,Bulgaria,BGR,-0.510051634039826,4454000000.0,Historical,World Bank API
2025,Bulgaria,BGR,1.73139722479493,1418000000.0,Historical,World Bank API
2000,Burkina Faso,BFA,0.752615446604594,910000000.0,Historical,World Bank API
2001,Burkina Faso,BFA,6.20007768127284,996000000.0,Historical,World Bank API
2002,Burkina Faso,BFA,5.48149036541776,113000000.0,Historical,World Bank API
2003,Burkina Faso,BFA,-6.7006946888999,20300000.0,Historical,World Bank API
2004,Burkina Faso,BFA,2.8476778892105,167000000.0,Historical,World Bank API
2005,Burkina Faso,BFA,-0.40502941658977,9255000000.0,Historical,World Bank API
2006,Burkina Faso,BFA,3.53461081750459,15260000.2288818,Historical,World Bank API
2007,Burkina Faso,BFA,8.00091310654791,546000000.0,Historical,World Bank API
2008,Burkina Faso,BFA,2.9172195289956,3376000000.0,Historical,World Bank API
2009,Burkina Faso,BFA,8.04390997190059,124000000.0,Historical,World Bank API
2010,Burkina Faso,BFA,6.35566595800495,26000000.0,Historical,World Bank API
2011,Burkina Faso,BFA,2.11721964494312,20965000000.0,Historical,World Bank API
2012,Burkina Faso,BFA,3.36590242421546,782000000.0,Historical,World Bank API
2013,Burkina Faso,BFA,0.103059364371205,354000000.0,Historical,World Bank API
2014,Burkina Faso,BFA,2.70170912949028,11217000000.0,Historical,World Bank API
2015,Burkina Faso,BFA,1.55535979911015,3807000000.0,Historical,World Bank API
2016,Burkina Faso,BFA,3.76859023848581,881000000.0,Historical,World Bank API
2017,Burkina Faso,BFA,-1.27817177234034,2196000000.0,Historical,World Bank API
2018,Burkina Faso,BFA,1.1264226705118,1536500000.0,Historical,World Bank API
2019,Burkina Faso,BFA,3.18503822575397,91000000.0,Historical,World Bank API
2020,Burkina Faso,BFA,2.88629457537731,300000000.0,Historical,World Bank API
2021,Burkina Faso,BFA,5.11967735428513,30900000.0,Historical,World Bank API
2022,Burkina Faso,BFA,2.71272657973627,820000000.0,Historical,World Bank API
2023,Burkina Faso,BFA,5.32175988403378,2282000000.0,Historical,World Bank API
2024,Burkina Faso,BFA,-0.799493830035985,50000000.0,Historical,World Bank API
2025,Burkina Faso,BFA,1.0,1678500000.0,Historical,World Bank API
2000,Burundi,BDI,7.39164256472846,438000000.0,Historical,World Bank API
2001,Burundi,BDI,43.8193108024355,28000000.0,Historical,World Bank API
2002,Burundi,BDI,0.363801578722132,32299999.2370605,Historical,World Bank API
2003,Burundi,BDI,-6.25,1500000.0,Historical,World Bank API
2004,Burundi,BDI,2.95590137527523,5281000000.0,Historical,World Bank API
2005,Burundi,BDI,5.11415885767801,1762000000.0,Historical,World Bank API
2006,Burundi,BDI,0.916003764382594,1611000000.0,Historical,World Bank API
2007,Burundi,BDI,4.49999999976698,477000000.0,Historical,World Bank API
2008,Burundi,BDI,17.7991091333811,14000000.0,Historical,World Bank API
2009,Burundi,BDI,4.69372252557893,23283000000.0,Historical,World Bank API
2010,Burundi,BDI,-10.7933646271143,26000000.0,Historical,World Bank API
2011,Burundi,BDI,0.500127941638667,10573000000.0,Historical,World Bank API
2012,Burundi,BDI,0.879314134974734,3897500000.0,Historical,World Bank API
2013,Burundi,BDI,3.36461478056277,157000000.0,Historical,World Bank API
2014,Burundi,BDI,-0.294354409043763,650000000.0,Historical,World Bank API
2015,Burundi,BDI,4.52727821346231,15600000.3814697,Historical,World Bank API
2016,Burundi,BDI,4.82117669913565,20459000000.0,Historical,World Bank API
2017,Burundi,BDI,1.23374464400356,5121000000.0,Historical,World Bank API
2018,Burundi,BDI,5.59174807563268,1291000000.0,Historical,World Bank API
2019,Burundi,BDI,0.0427388878891435,106000000.0,Historical,World Bank API
2020,Burundi,BDI,2.67192215053329,834000000.0,Historical,World Bank API
2021,Burundi,BDI,-2.58551241733207,1303000000.0,Historical,World Bank API
2022,Burundi,BDI,2.60379670648454,724000000.0,Historical,World Bank API
2023,Burundi,BDI,-0.529801394291297,30129000000.0,Historical,World Bank API
2024,Burundi,BDI,5.68453936284732,8885000000.0,Historical,World Bank API
2025,Burundi,BDI,6.78158560065316,1939000000.0,Historical,World Bank API
2000,Cabo Verde,CPV,6.26507280509637,509000000.0,Historical,World Bank API
2001,Cabo Verde,CPV,5.63829915220637,170000000.0,Historical,World Bank API
2002,Cabo Verde,CPV,11.9088772241134,3630000000.0,Historical,World Bank API
2003,Cabo Verde,CPV,3.47154471544715,275000000.0,Historical,World Bank API
2004,Cabo Verde,CPV,6.90599999999999,282000000.0,Historical,World Bank API
2005,Cabo Verde,CPV,3.87554677576694,902500000.0,Historical,World Bank API
2006,Cabo Verde,CPV,9.0057617374238,269000000.0,Historical,World Bank API
2007,Cabo Verde,CPV,2.39473494330615,34315000000.0,Historical,World Bank API
2008,Cabo Verde,CPV,1.06675474783462,66441000000.0,Historical,World Bank API
2009,Cabo Verde,CPV,-1.67294117647059,27000000.0,Historical,World Bank API
2010,Cabo Verde,CPV,1.72095737011739,19000000.0,Historical,World Bank API
2011,Cabo Verde,CPV,0.104538372603315,181000000.0,Historical,World Bank API
2012,Cabo Verde,CPV,-6.7401660845502,7013000000.0,Historical,World Bank API
2013,Cabo Verde,CPV,2.68096514745308,579500000.0,Historical,World Bank API
2014,Cabo Verde,CPV,1.53716683173516,34609500000.0,Historical,World Bank API
2015,Cabo Verde,CPV,2.57966943921721,42900001.5258789,Historical,World Bank API
2016,Cabo Verde,CPV,17.3260204175143,328000000.0,Historical,World Bank API
2017,Cabo Verde,CPV,-0.500939261114581,3017000000.0,Historical,World Bank API
2018,Cabo Verde,CPV,4.88306129688392,1241000000.0,Historical,World Bank API
2019,Cabo Verde,CPV,0.0653956557843571,16399999.6185303,Historical,World Bank API
2020,Cabo Verde,CPV,10.6215185022616,1185000000.0,Historical,World Bank API
2021,Cabo Verde,CPV,-3.40806396189404,233000000.0,Historical,World Bank API
2022,Cabo Verde,CPV,4.42143312687995,345000000.0,Historical,World Bank API
2023,Cabo Verde,CPV,5.60536311358261,13600000.3814697,Historical,World Bank API
2024,Cabo Verde,CPV,3.69036908387233,9464000000.0,Historical,World Bank API
2025,Cabo Verde,CPV,5.900000048526,1005500000.0,Historical,World Bank API
2000,Cambodia,KHM,9.40269972778044,27755000000.0,Historical,World Bank API
2001,Cambodia,KHM,5.99999999671084,2365000000.0,Historical,World Bank API
2002,Cambodia,KHM,1.23483197031548,15239000000.0,Historical,World Bank API
2003,Cambodia,KHM,2.26694373649188,75000000.0,Historical,World Bank API
2004,Cambodia,KHM,1.56539303147618,664000000.0,Historical,World Bank API
2005,Cambodia,KHM,9.59999987683469,43000000.0,Historical,World Bank API
2006,Cambodia,KHM,2.39623238465745,11202000000.0,Historical,World Bank API
2007,Cambodia,KHM,1.87796847383565,10319000000.0,Historical,World Bank API
2008,Cambodia,KHM,2.00455580865604,37722500000.0,Historical,World Bank API
2009,Cambodia,KHM,-6.76108886950998,600000.0,Historical,World Bank API
2010,Cambodia,KHM,-0.657650703495165,15000000.0,Historical,World Bank API
2011,Cambodia,KHM,1.16906269526342,472000000.0,Historical,World Bank API
2012,Cambodia,KHM,4.45978271860821,6616000000.0,Historical,World Bank API
2013,Cambodia,KHM,-10.9333065010382,1002000000.0,Historical,World Bank API
2014,Cambodia,KHM,-1.31123206333498,686000000.0,Historical,World Bank API
2015,Cambodia,KHM,7.19298728463697,7100000.0,Historical,World Bank API
2016,Cambodia,KHM,-1.15748291975636,267199996.948242,Historical,World Bank API
2017,Cambodia,KHM,0.105813149997005,913000000.0,Historical,World Bank API
2018,Cambodia,KHM,-20.0893664891399,1007000000.0,Historical,World Bank API
2019,Cambodia,KHM,5.55126069510321,53000000.0,Historical,World Bank API
2020,Cambodia,KHM,4.42605071745108,660000000.0,Historical,World Bank API
2021,Cambodia,KHM,7.89999827154939,23700000.7629395,Historical,World Bank API
2022,Cambodia,KHM,4.42303118490126,3700000.04768372,Historical,World Bank API
2023,Cambodia,KHM,5.06978590134916,14691000000.0,Historical,World Bank API
2024,Cambodia,KHM,4.7781068690358,765000000.0,Historical,World Bank API
2025,Cambodia,KHM,4.1638382499889,72000000.0,Historical,World Bank API
2000,Cameroon,CMR,0.512843095700745,3069000000.0,Historical,World Bank API
2001,Cameroon,CMR,-3.46922750780554,880000000.0,Historical,World Bank API
2002,Cameroon,CMR,6.06055141198976,557000000.0,Historical,World Bank API
2003,Cameroon,CMR,-0.383137672063768,1097000000.0,Historical,World Bank API
2004,Cameroon,CMR,3.1682879121621,4496000000.0,Historical,World Bank API
2005,Cameroon,CMR,2.50376350288664,16606000000.0,Historical,World Bank API
2006,Cameroon,CMR,-2.17825104530091,1043000000.0,Historical,World Bank API
2007,Cameroon,CMR,3.41931516597739,3099000000.0,Historical,World Bank API
2008,Cameroon,CMR,3.05632955101336,9004000000.0,Historical,World Bank API
2009,Cameroon,CMR,5.47200139015595,262000000.0,Historical,World Bank API
2010,Cameroon,CMR,0.152314967200653,5988000000.0,Historical,World Bank API
2011,Cameroon,CMR,6.07168870646615,60500000.0,Historical,World Bank API
2012,Cameroon,CMR,1.58301467403629,11776000000.0,Historical,World Bank API
2013,Cameroon,CMR,7.39012906172989,70000000.0,Historical,World Bank API
2014,Cameroon,CMR,1.55318814103222,1910000000.0,Historical,World Bank API
2015,Cameroon,CMR,3.67201872506541,1643000000.0,Historical,World Bank API
2016,Cameroon,CMR,5.37554769639952,206399993.896484,Historical,World Bank API
2017,Cameroon,CMR,-7.34919301306745,1076000000.0,Historical,World Bank API
2018,Cameroon,CMR,7.32837435673082,9000000.0,Historical,World Bank API
2019,Cameroon,CMR,1.18960211693242,8199999.80926514,Historical,World Bank API
2020,Cameroon,CMR,2.10010882688805,285000000.0,Historical,World Bank API
2021,Cameroon,CMR,5.80557386628684,35648000000.0,Historical,World Bank API
2022,Cameroon,CMR,1.57335596156342,1437350000.0238419,Historical,World Bank API
2023,Cameroon,CMR,0.104309021773304,11395000000.0,Historical,World Bank API
2024,Cameroon,CMR,0.0534198017173964,2677000000.0,Historical,World Bank API
2025,Cameroon,CMR,-17.6689987958491,294000000.0,Historical,World Bank API
2000,Canada,CAN,1.98823813984235,705000000.0,Historical,World Bank API
2001,Canada,CAN,5.98023576982733,149000000.0,Historical,World Bank API
2002,Canada,CAN,6.48637073266447,367750000.0,Historical,World Bank API
2003,Canada,CAN,1.70785253368828,986000000.0,Historical,World Bank API
2004,Canada,CAN,1.47312472702352,19139000000.0,Historical,World Bank API
2005,Canada,CAN,-12.0163724829177,2501000000.0,Historical,World Bank API
2006,Canada,CAN,-0.783479610048047,11000000.0,Historical,World Bank API
2007,Canada,CAN,2.63794375007348,16837000000.0,Historical,World Bank API
2008,Canada,CAN,3.39999842395957,4504585000.038147,Historical,World Bank API
2009,Canada,CAN,2.95715168364671,348000000.0,Historical,World Bank API
2010,Canada,CAN,7.35926270105006,11830000000.0,Historical,World Bank API
2011,Canada,CAN,1.23308611983484,3890000000.0,Historical,World Bank API
2012,Canada,CAN,4.46163899648637,261000000.0,Historical,World Bank API
2013,Canada,CAN,1.86348345462035,10615000000.0,Historical,World Bank API
2014,Canada,CAN,2.79758521448559,2713000000.0,Historical,World Bank API
2015,Canada,CAN,3.92080879452831,28700000.7629395,Historical,World Bank API
2016,Canada,CAN,8.51053758860212,8350699996.948242,Historical,World Bank API
2017,Canada,CAN,7.20443505274413,877000000.0,Historical,World Bank API
2018,Canada,CAN,5.79999174105387,82000000.0,Historical,World Bank API
2019,Canada,CAN,6.38610640094825,19042000000.0,Historical,World Bank API
2020,Canada,CAN,1.28710391543288,2874000000.0,Historical,World Bank API
2021,Canada,CAN,2.51237531986017,84205000000.0,Historical,World Bank API
2022,Canada,CAN,2.94525315127181,2871000000.0,Historical,World Bank API
2023,Canada,CAN,7.10756836811267,143000000.0,Historical,World Bank API
2024,Canada,CAN,5.0395150823517,7536000000.0,Historical,World Bank API
2025,Canada,CAN,-2.08032784377811,5466000000.0,Historical,World Bank API
2000,Cayman Islands,CYM,5.29999970460942,588000000.0,Historical,World Bank API
2001,Cayman Islands,CYM,5.38696254207251,1823000000.0,Historical,World Bank API
2002,Cayman Islands,CYM,2.4624841721544,178500000.0,Historical,World Bank API
2003,Cayman Islands,CYM,3.0317733945467,712400024.414063,Historical,World Bank API
2004,Cayman Islands,CYM,-4.16963395808132,620000000.0,Historical,World Bank API
2005,Cayman Islands,CYM,15.3291557409559,256000000.0,Historical,World Bank API
2006,Cayman Islands,CYM,8.41242596551071,402000000.0,Historical,World Bank API
2007,Cayman Islands,CYM,4.4661636979028,39299999.2370605,Historical,World Bank API
2008,Cayman Islands,CYM,3.74913001948165,5170000.07629395,Historical,World Bank API
2009,Cayman Islands,CYM,-1.43588213859842,4961000000.0,Historical,World Bank API
2010,Cayman Islands,CYM,0.965517241379317,22000000.0,Historical,World Bank API
2011,Cayman Islands,CYM,-0.969217110711355,60000000.0,Historical,World Bank API
2012,Cayman Islands,CYM,8.84342600490342,1966000000.0,Historical,World Bank API
2013,Cayman Islands,CYM,4.06086672473866,10644500000.0,Historical,World Bank API
2014,Cayman Islands,CYM,7.1554516457574,240860000.610352,Historical,World Bank API
2015,Cayman Islands,CYM,3.6088687174876,498000000.0,Historical,World Bank API
2016,Cayman Islands,CYM,2.03396336199143,16495000000.0,Historical,World Bank API
2017,Cayman Islands,CYM,2.97113275066512,3477000000.0,Historical,World Bank API
2018,Cayman Islands,CYM,3.30415979759636,25000000.0,Historical,World Bank API
2019,Cayman Islands,CYM,-8.30441923583135,2060000000.0,Historical,World Bank API
2020,Cayman Islands,CYM,3.02841630700273,8379000000.0,Historical,World Bank API
2021,Cayman Islands,CYM,6.94497398221223,84205000000.0,Historical,World Bank API
2022,Cayman Islands,CYM,7.41840577774235,4064000000.0,Historical,World Bank API
2023,Cayman Islands,CYM,1.64990212764553,5395000000.0,Historical,World Bank API
2024,Cayman Islands,CYM,5.17440215579958,3055100097.65625,Historical,World Bank API
2025,Cayman Islands,CYM,5.77511237007889,217899993.896484,Historical,World Bank API
2000,Central African Republic,CAF,14.0471235803149,797000000.0,Historical,World Bank API
2001,Central African Republic,CAF,7.3930936986377,202000000.0,Historical,World Bank API
2002,Central African Republic,CAF,-6.05003846851622,15360000000.0,Historical,World Bank API
2003,Central African Republic,CAF,3.83241779430614,132000000.0,Historical,World Bank API
2004,Central African Republic,CAF,5.73978202625278,6779000000.0,Historical,World Bank API
2005,Central African Republic,CAF,6.80042148322096,3700000.04768372,Historical,World Bank API
2006,Central African Republic,CAF,-3.89438647450667,900000000.0,Historical,World Bank API
2007,Central African Republic,CAF,-3.22063018637567,663000000.0,Historical,World Bank API
2008,Central African Republic,CAF,2.85452253179545,5197085000.038147,Historical,World Bank API
2009,Central African Republic,CAF,9.48363126885343,60000000.0,Historical,World Bank API
2010,Central African Republic,CAF,1.45330562142114,18471000000.0,Historical,World Bank API
2011,Central African Republic,CAF,0.398801414346934,746000000.0,Historical,World Bank API
2012,Central African Republic,CAF,4.07559546585034,500000000.0,Historical,World Bank API
2013,Central African Republic,CAF,1.25543620445816,10674000000.0,Historical,World Bank API
2014,Central African Republic,CAF,5.87193108148227,1392000000.0,Historical,World Bank API
2015,Central African Republic,CAF,8.74132941508014,848000000.0,Historical,World Bank API
2016,Central African Republic,CAF,2.71795924894734,6784000000.0,Historical,World Bank API
2017,Central African Republic,CAF,3.02322219840339,1861000000.0,Historical,World Bank API
2018,Central African Republic,CAF,4.55149177958398,1479000000.0,Historical,World Bank API
2019,Central African Republic,CAF,5.32162141190466,32000000.0,Historical,World Bank API
2020,Central African Republic,CAF,8.86610935944026,6700000.0,Historical,World Bank API
2021,Central African Republic,CAF,-1.95874262217572,803000000.0,Historical,World Bank API
2022,Central African Republic,CAF,10.2574929627477,2107000000.0,Historical,World Bank API
2023,Central African Republic,CAF,10.4521147301896,20100000.3814697,Historical,World Bank API
2024,Central African Republic,CAF,3.89175024218898,989000000.0,Historical,World Bank API
2025,Central African Republic,CAF,6.32526794858342,507000000.0,Historical,World Bank API
2000,Chad,TCD,4.44091288475967,28000000.0,Historical,World Bank API
2001,Chad,TCD,3.55029945613975,503000000.0,Historical,World Bank API
2002,Chad,TCD,0.0,1200000.0,Historical,World Bank API
2003,Chad,TCD,6.73819469090975,2616000000.0,Historical,World Bank API
2004,Chad,TCD,4.56867961444982,2004000000.0,Historical,World Bank API
2005,Chad,TCD,2.85993252302089,2474000000.0,Historical,World Bank API
2006,Chad,TCD,4.8268006234359,1243000000.0,Historical,World Bank API
2007,Chad,TCD,63.3798754250602,14000000.0,Historical,World Bank API
2008,Chad,TCD,5.33213916141486,10389000000.0,Historical,World Bank API
2009,Chad,TCD,5.49341639529945,22000000.0,Historical,World Bank API
2010,Chad,TCD,2.7602602736023,9477500000.0,Historical,World Bank API
2011,Chad,TCD,-13.7566222572107,548000000.0,Historical,World Bank API
2012,Chad,TCD,1.38888888888904,1600000.0,Historical,World Bank API
2013,Chad,TCD,14.4409895389734,437000000.0,Historical,World Bank API
2014,Chad,TCD,8.58726042640994,7500000.0,Historical,World Bank API
2015,Chad,TCD,-0.00138761730454462,46134000000.0,Historical,World Bank API
2016,Chad,TCD,6.11852566221303,11455000000.0,Historical,World Bank API
2017,Chad,TCD,-26.5575264529877,245000000.0,Historical,World Bank API
2018,Chad,TCD,5.80495468629533,52000000.0,Historical,World Bank API
2019,Chad,TCD,2.59946154605602,834000000.0,Historical,World Bank API
2020,Chad,TCD,0.703323545247201,2702000000.0,Historical,World Bank API
2021,Chad,TCD,2.05258864979861,3834000000.0,Historical,World Bank API
2022,Chad,TCD,10.6442336580969,586000000.0,Historical,World Bank API
2023,Chad,TCD,2.58218091499747,2280000000.0,Historical,World Bank API
2024,Chad,TCD,7.47631925974784,835000000.0,Historical,World Bank API
2025,Chad,TCD,3.92471821338283,438000000.0,Historical,World Bank API
2000,Channel Islands,CHI,6.97878002657477,27755000000.0,Historical,World Bank API
2001,Channel Islands,CHI,-2.49999999628,589000000.0,Historical,World Bank API
2002,Channel Islands,CHI,2.35970586926597,14318000000.0,Historical,World Bank API
2003,Channel Islands,CHI,5.13082193056189,880000000.0,Historical,World Bank API
2004,Channel Islands,CHI,-2.10876837627522,549000000.0,Historical,World Bank API
2005,Channel Islands,CHI,5.62527000105139,36000000.0,Historical,World Bank API
2006,Channel Islands,CHI,0.25993557687633,9064000000.0,Historical,World Bank API
2007,Channel Islands,CHI,1.07045413019414,7447000000.0,Historical,World Bank API
2008,Channel Islands,CHI,9.46397343076491,104000000.0,Historical,World Bank API
2009,Channel Islands,CHI,-22.077922077922,600000.0,Historical,World Bank API
2010,Channel Islands,CHI,0.919761024923076,40000000.0,Historical,World Bank API
2011,Channel Islands,CHI,4.26726567162505,911000000.0,Historical,World Bank API
2012,Channel Islands,CHI,6.26326343841286,2661000000.0,Historical,World Bank API
2013,Channel Islands,CHI,3.04923134463486,2011000000.0,Historical,World Bank API
2014,Channel Islands,CHI,-0.996556103477076,25000000.0,Historical,World Bank API
2015,Channel Islands,CHI,7.19298728463697,20500000.0,Historical,World Bank API
2016,Channel Islands,CHI,-1.15748291975636,402500000.0,Historical,World Bank API
2017,Channel Islands,CHI,4.57759677933345,243000000.0,Historical,World Bank API
2018,Channel Islands,CHI,2.49094875338352,886000000.0,Historical,World Bank API
2019,Channel Islands,CHI,9.42148081189909,361000000.0,Historical,World Bank API
2020,Channel Islands,CHI,2.77559782547836,765000000.0,Historical,World Bank API
2021,Channel Islands,CHI,6.28934214285795,13054000000.0,Historical,World Bank API
2022,Channel Islands,CHI,4.45934202358784,3700000.04768372,Historical,World Bank API
2023,Channel Islands,CHI,5.03034469419038,3533000000.0,Historical,World Bank API
2024,Channel Islands,CHI,-2.12776308332282,63000000.0,Historical,World Bank API
2025,Channel Islands,CHI,9.02916101784777,57000000.0,Historical,World Bank API
2000,Chile,CHL,3.66312056830718,5252000000.0,Historical,World Bank API
2001,Chile,CHL,5.09686013628365,804000000.0,Historical,World Bank API
2002,Chile,CHL,5.60099182147214,188000000.0,Historical,World Bank API
2003,Chile,CHL,-0.637398345190817,820000000.0,Historical,World Bank API
2004,Chile,CHL,-6.91492472851026,8717000000.0,Historical,World Bank API
2005,Chile,CHL,3.74793303561771,1422000000.0,Historical,World Bank API
2006,Chile,CHL,3.0912800997751,14981000000.0,Historical,World Bank API
2007,Chile,CHL,0.380171435849121,68034000000.0,Historical,World Bank API
2008,Chile,CHL,-1.69422024723235,27000000.0,Historical,World Bank API
2009,Chile,CHL,1.56603782534897,61000000.0,Historical,World Bank API
2010,Chile,CHL,2.96144280600492,484000000.0,Historical,World Bank API
2011,Chile,CHL,4.06202617226026,4191000000.0,Historical,World Bank API
2012,Chile,CHL,-6.87146321746161,1958800000.0,Historical,World Bank API
2013,Chile,CHL,1.60285004671343,8577000000.0,Historical,World Bank API
2014,Chile,CHL,-8.68524343913786,42900001.5258789,Historical,World Bank API
2015,Chile,CHL,10.7456560819583,30821333333.333336,Historical,World Bank API
2016,Chile,CHL,2.17937971500419,6060000000.0,Historical,World Bank API
2017,Chile,CHL,11.8418178757044,91000000.0,Historical,World Bank API
2018,Chile,CHL,3.82443487429767,51400001.5258789,Historical,World Bank API
2019,Chile,CHL,9.62070315764963,1185000000.0,Historical,World Bank API
2020,Chile,CHL,-15.3018891740649,367000000.0,Historical,World Bank API
2021,Chile,CHL,4.63215704523927,84000000.0,Historical,World Bank API
2022,Chile,CHL,3.65393603642713,2400000.09536743,Historical,World Bank API
2023,Chile,CHL,3.05641638984955,7190000000.0,Historical,World Bank API
2024,Chile,CHL,11.0999999615545,1585000000.0,Historical,World Bank API
2025,Chile,CHL,3.99002947789977,3911000000.0,Historical,World Bank API
2000,China,CHN,10.7,973000000.0,Historical,World Bank API
2001,China,CHN,19.5921744776308,4463000000.0,Historical,World Bank API
2002,China,CHN,2.26031420279821,62000000.0,Historical,World Bank API
2003,China,CHN,3.29064601202211,4874000000.0,Historical,World Bank API
2004,China,CHN,1.57607762616895,29000000.0,Historical,World Bank API
2005,China,CHN,4.55455990721774,7571000000.0,Historical,World Bank API
2006,China,CHN,2.71031150254662,12680000000.0,Historical,World Bank API
2007,China,CHN,-2.52931802394475,34111500000.0,Historical,World Bank API
2008,China,CHN,-0.839152163419357,451000000.0,Historical,World Bank API
2009,China,CHN,6.53204505563791,264000000.0,Historical,World Bank API
2010,China,CHN,3.16262533840754,518000000.0,Historical,World Bank API
2011,China,CHN,3.22209599987266,5401000000.0,Historical,World Bank API
2012,China,CHN,5.85251821084928,3916000000.0,Historical,World Bank API
2013,China,CHN,-0.735294117647058,1202000000.0,Historical,World Bank API
2014,China,CHN,0.604587766175584,9097000000.0,Historical,World Bank API
2015,China,CHN,-0.993919947159299,15508666666.666668,Historical,World Bank API
2016,China,CHN,3.19999269219366,665000000.0,Historical,World Bank API
2017,China,CHN,-2.86320081549439,2305000000.0,Historical,World Bank API
2018,China,CHN,4.8226112492757,128000000.0,Historical,World Bank API
2019,China,CHN,5.0327096366527,49000000.0,Historical,World Bank API
2020,China,CHN,9.58083617842951,5000000.0,Historical,World Bank API
2021,China,CHN,5.41380714491444,1600000.02384186,Historical,World Bank API
2022,China,CHN,4.62887118256153,6053000000.0,Historical,World Bank API
2023,China,CHN,4.11642817161422,971000000.0,Historical,World Bank API
2024,China,CHN,0.928351141267498,2335000000.0,Historical,World Bank API
2025,China,CHN,3.82688702890739,5631853027.34375,Historical,World Bank API
2000,Colombia,COL,2.09609028156248,880000000.0,Historical,World Bank API
2001,Colombia,COL,7.4074861863013,470000000.0,Historical,World Bank API
2002,Colombia,COL,8.29999999959539,303000000.0,Historical,World Bank API
2003,Colombia,COL,1.68732644358099,2238000000.0,Historical,World Bank API
2004,Colombia,COL,2.07786393438754,14055000000.0,Historical,World Bank API
2005,Colombia,COL,-3.21353209253371,179000000.0,Historical,World Bank API
2006,Colombia,COL,1.32286905390815,6175000000.0,Historical,World Bank API
2007,Colombia,COL,4.14356194013767,189000000.0,Historical,World Bank API
2008,Colombia,COL,4.54913578288874,88000000.0,Historical,World Bank API
2009,Colombia,COL,3.07123039245209,3542000000.0,Historical,World Bank API
2010,Colombia,COL,7.84300782191249,10700000.0,Historical,World Bank API
2011,Colombia,COL,2.92029267301234,18711000000.0,Historical,World Bank API
2012,Colombia,COL,-3.37368746369782,212000000.0,Historical,World Bank API
2013,Colombia,COL,1.73501577287065,22000000.0,Historical,World Bank API
2014,Colombia,COL,6.80070110758655,1111000000.0,Historical,World Bank API
2015,Colombia,COL,5.45473562577585,196000000.0,Historical,World Bank API
2016,Colombia,COL,6.3779788972687,3278000000.0,Historical,World Bank API
2017,Colombia,COL,-6.82757303480177,94000000.0,Historical,World Bank API
2018,Colombia,COL,3.65186382894819,298500000.0,Historical,World Bank API
2019,Colombia,COL,2.10010882688805,267000000.0,Historical,World Bank API
2020,Colombia,COL,0.920118221365883,26446000000.0,Historical,World Bank API
2021,Colombia,COL,0.493931120528785,100450001.53779992,Historical,World Bank API
2022,Colombia,COL,0.753826745789127,33456000000.0,Historical,World Bank API
2023,Colombia,COL,5.55875672070374,10522000000.0,Historical,World Bank API
2024,Colombia,COL,-3.05911780575599,125000000.0,Historical,World Bank API
2025,Colombia,COL,4.34113198577639,492000000.0,Historical,World Bank API
2000,Comoros,COM,-54.4020925789353,9442000000.0,Historical,World Bank API
2001,Comoros,COM,2.99755987604104,7000000.0,Historical,World Bank API
2002,Comoros,COM,11.4497432088167,362000000.0,Historical,World Bank API
2003,Comoros,COM,-4.11927606715011,16038000000.0,Historical,World Bank API
2004,Comoros,COM,8.16990745558277,1687000000.0,Historical,World Bank API
2005,Comoros,COM,-0.466502371512661,78000000.0,Historical,World Bank API
2006,Comoros,COM,3.52472308052245,437000000.0,Historical,World Bank API
2007,Comoros,COM,5.99999968812641,96049999.95231628,Historical,World Bank API
2008,Comoros,COM,5.42162287218235,121000000.0,Historical,World Bank API
2009,Comoros,COM,5.5045447041189,6850000000.0,Historical,World Bank API
2010,Comoros,COM,5.17356529967881,7695000000.0,Historical,World Bank API
2011,Comoros,COM,4.80810517290655,123000000.0,Historical,World Bank API
2012,Comoros,COM,-1.07086275100448,4641000000.0,Historical,World Bank API
2013,Comoros,COM,34.4662096226792,201000000.0,Historical,World Bank API
2014,Comoros,COM,7.09175334258654,25399999.6185303,Historical,World Bank API
2015,Comoros,COM,3.00844358752744,217000000.0,Historical,World Bank API
2016,Comoros,COM,5.55962020605844,9994000000.0,Historical,World Bank API
2017,Comoros,COM,6.61340574539679,25000000.0,Historical,World Bank API
2018,Comoros,COM,7.92343062148318,7659000000.0,Historical,World Bank API
2019,Comoros,COM,2.47199856582773,1072000000.0,Historical,World Bank API
2020,Comoros,COM,2.94555045484053,230574000000.0,Historical,World Bank API
2021,Comoros,COM,0.699728593494228,199300003.051758,Historical,World Bank API
2022,Comoros,COM,9.0132928339342,195000000.0,Historical,World Bank API
2023,Comoros,COM,-0.688390130317757,3418000000.0,Historical,World Bank API
2024,Comoros,COM,4.05723310346406,5273000000.0,Historical,World Bank API
2025,Comoros,COM,5.85614389735763,29432000000.0,Historical,World Bank API
2000,"Congo, Dem. Rep.",COD,3.34754072731407,820000000.0,Historical,World Bank API
2001,"Congo, Dem. Rep.",COD,2.48855733938132,178500000.0,Historical,World Bank API
2002,"Congo, Dem. Rep.",COD,6.83841052493574,468299987.792969,Historical,World Bank API
2003,"Congo, Dem. Rep.",COD,1.81246807847532,511000000.0,Historical,World Bank API
2004,"Congo, Dem. Rep.",COD,1.38359636198477,130000000.0,Historical,World Bank API
2005,"Congo, Dem. Rep.",COD,3.85280919517032,2400000.0,Historical,World Bank API
2006,"Congo, Dem. Rep.",COD,5.66520240193151,24399999.6185303,Historical,World Bank API
2007,"Congo, Dem. Rep.",COD,1.2259519892488,3099999.90463257,Historical,World Bank API
2008,"Congo, Dem. Rep.",COD,0.736267221765672,19451000000.0,Historical,World Bank API
2009,"Congo, Dem. Rep.",COD,-4.99999999908597,50000000.0,Historical,World Bank API
2010,"Congo, Dem. Rep.",COD,0.907248245986736,14000000.0,Historical,World Bank API
2011,"Congo, Dem. Rep.",COD,13.7500496410836,1966000000.0,Historical,World Bank API
2012,"Congo, Dem. Rep.",COD,0.767165748290694,7657500000.0,Historical,World Bank API
2013,"Congo, Dem. Rep.",COD,7.19143372144946,193000000.0,Historical,World Bank API
2014,"Congo, Dem. Rep.",COD,-0.828231904933389,2124699999.8092651,Historical,World Bank API
2015,"Congo, Dem. Rep.",COD,1.98254843628392,238000000.0,Historical,World Bank API
2016,"Congo, Dem. Rep.",COD,1.32255714828946,1831000000.0,Historical,World Bank API
2017,"Congo, Dem. Rep.",COD,3.08119033861925,25000000.0,Historical,World Bank API
2018,"Congo, Dem. Rep.",COD,-0.613636042132399,2060000000.0,Historical,World Bank API
2019,"Congo, Dem. Rep.",COD,5.15245773325907,13925000000.0,Historical,World Bank API
2020,"Congo, Dem. Rep.",COD,0.752447592962554,116000000.0,Historical,World Bank API
2021,"Congo, Dem. Rep.",COD,2.46937023763239,2798000000.0,Historical,World Bank API
2022,"Congo, Dem. Rep.",COD,4.23188928835465,3824000000.0,Historical,World Bank API
2023,"Congo, Dem. Rep.",COD,-7.59058614046387,2817000000.0,Historical,World Bank API
2024,"Congo, Dem. Rep.",COD,6.55263987816197,150300003.051758,Historical,World Bank API
2025,"Congo, Dem. Rep.",COD,-4.13191443239947,58372000000.0,Historical,World Bank API
2000,"Congo, Rep.",COG,6.87802942560995,213000000.0,Historical,World Bank API
2001,"Congo, Rep.",COG,7.24279620249642,34565000000.0,Historical,World Bank API
2002,"Congo, Rep.",COG,8.77622376224463,4832000000.0,Historical,World Bank API
2003,"Congo, Rep.",COG,0.517705525131191,955000000.0,Historical,World Bank API
2004,"Congo, Rep.",COG,-0.158900533082658,4900000.09536743,Historical,World Bank API
2005,"Congo, Rep.",COG,9.87214910851037,843000000.0,Historical,World Bank API
2006,"Congo, Rep.",COG,-3.44738151374587,2603000000.0,Historical,World Bank API
2007,"Congo, Rep.",COG,-3.13817493733471,19049999.952316284,Historical,World Bank API
2008,"Congo, Rep.",COG,0.552281631207279,228000000.0,Historical,World Bank API
2009,"Congo, Rep.",COG,1.31698749571339,11511000000.0,Historical,World Bank API
2010,"Congo, Rep.",COG,0.309973476180005,759000000.0,Historical,World Bank API
2011,"Congo, Rep.",COG,7.10000010705836,222000000.0,Historical,World Bank API
2012,"Congo, Rep.",COG,4.38824673608589,10674000000.0,Historical,World Bank API
2013,"Congo, Rep.",COG,1.1335733495246,190000000.0,Historical,World Bank API
2014,"Congo, Rep.",COG,0.560117843140432,4224000000.0,Historical,World Bank API
2015,"Congo, Rep.",COG,4.01458802387079,3531000000.0,Historical,World Bank API
2016,"Congo, Rep.",COG,-4.58740819226323,1033000000.0,Historical,World Bank API
2017,"Congo, Rep.",COG,3.65208096802883,3408000000.0,Historical,World Bank API
2018,"Congo, Rep.",COG,2.26381706595791,1198000000.0,Historical,World Bank API
2019,"Congo, Rep.",COG,0.401934896977224,7603500000.0,Historical,World Bank API
2020,"Congo, Rep.",COG,5.76710338270556,803000000.0,Historical,World Bank API
2021,"Congo, Rep.",COG,10.7885216870332,1184000000.0,Historical,World Bank API
2022,"Congo, Rep.",COG,-0.502512562814076,4780000.20980835,Historical,World Bank API
2023,"Congo, Rep.",COG,3.42787214525211,776000000.0,Historical,World Bank API
2024,"Congo, Rep.",COG,3.74741781241461,243000000.0,Historical,World Bank API
2025,"Congo, Rep.",COG,2.2795216592191,65000000.0,Historical,World Bank API
2000,Costa Rica,CRI,4.79226768332697,168000000.0,Historical,World Bank API
2001,Costa Rica,CRI,4.98170549382992,292000000.0,Historical,World Bank API
2002,Costa Rica,CRI,4.9773565917572,27755000000.0,Historical,World Bank API
2003,Costa Rica,CRI,5.10429977629738,799000000.0,Historical,World Bank API
2004,Costa Rica,CRI,-5.51670615843011,1688000000.0,Historical,World Bank API
2005,Costa Rica,CRI,2.24022695382642,1849000000.0,Historical,World Bank API
2006,Costa Rica,CRI,2.43747159065784,1664000000.0,Historical,World Bank API
2007,Costa Rica,CRI,1.6734340852915,35000000.0,Historical,World Bank API
2008,Costa Rica,CRI,5.04164187983342,22000000.0,Historical,World Bank API
2009,Costa Rica,CRI,-1.62747776449082,5997500000.0,Historical,World Bank API
2010,Costa Rica,CRI,-1.15483816409801,122000000.0,Historical,World Bank API
2011,Costa Rica,CRI,-6.34920634920697,3900000.0,Historical,World Bank API
2012,Costa Rica,CRI,-2.12854452405193,47700000.7629395,Historical,World Bank API
2013,Costa Rica,CRI,4.46473902640867,5000000.0,Historical,World Bank API
2014,Costa Rica,CRI,1.79947992234244,41666000000.0,Historical,World Bank API
2015,Costa Rica,CRI,3.85823282795663,4053000000.0,Historical,World Bank API
2016,Costa Rica,CRI,8.86461881995935,235000000.0,Historical,World Bank API
2017,Costa Rica,CRI,5.16653702854374,57000000.0,Historical,World Bank API
2018,Costa Rica,CRI,3.41862206571636,430000000.0,Historical,World Bank API
2019,Costa Rica,CRI,6.48493222274386,1282000000.0,Historical,World Bank API
2020,Costa Rica,CRI,1.92815791170796,1766000000.0,Historical,World Bank API
2021,Costa Rica,CRI,3.35102350265353,2049000000.0,Historical,World Bank API
2022,Costa Rica,CRI,4.73292113433965,1224000000.0,Historical,World Bank API
2023,Costa Rica,CRI,8.29999921651935,102400001.525879,Historical,World Bank API
2024,Costa Rica,CRI,4.17625932578332,135000000.0,Historical,World Bank API
2025,Costa Rica,CRI,0.250856553493634,1978000000.0,Historical,World Bank API
2000,Cote d'Ivoire,CIV,1.51267904038146,123000000.0,Historical,World Bank API
2001,Cote d'Ivoire,CIV,5.92480905652914,69000000.0,Historical,World Bank API
2002,Cote d'Ivoire,CIV,1.63593468987035,277000000.0,Historical,World Bank API
2003,Cote d'Ivoire,CIV,0.86733987855277,6797000000.0,Historical,World Bank API
2004,Cote d'Ivoire,CIV,2.97519807160826,1461000000.0,Historical,World Bank API
2005,Cote d'Ivoire,CIV,14.7306159219273,1077000000.0,Historical,World Bank API
2006,Cote d'Ivoire,CIV,4.14099996402915,38706000000.0,Historical,World Bank API
2007,Cote d'Ivoire,CIV,2.31413355373383,21000000.0,Historical,World Bank API
2008,Cote d'Ivoire,CIV,3.01369898266211,70000000.0,Historical,World Bank API
2009,Cote d'Ivoire,CIV,1.280779258258845,484000000.0,Historical,World Bank API
2010,Cote d'Ivoire,CIV,-1.6724459934221,32697000000.0,Historical,World Bank API
2011,Cote d'Ivoire,CIV,2.99373536567732,253000000.0,Historical,World Bank API
2012,Cote d'Ivoire,CIV,8.80054081355328,1438000000.0,Historical,World Bank API
2013,Cote d'Ivoire,CIV,6.30637595585259,37000000.0,Historical,World Bank API
2014,Cote d'Ivoire,CIV,5.34079911900278,20918000000.0,Historical,World Bank API
2015,Cote d'Ivoire,CIV,-0.609647103380141,192300003.051758,Historical,World Bank API
2016,Cote d'Ivoire,CIV,3.37182032638998,1910000000.0,Historical,World Bank API
2017,Cote d'Ivoire,CIV,4.53865525672528,70040000.9155273,Historical,World Bank API
2018,Cote d'Ivoire,CIV,5.03640168136971,1185000000.0,Historical,World Bank API
2019,Cote d'Ivoire,CIV,-0.737636737448398,95000000.0,Historical,World Bank API
2020,Cote d'Ivoire,CIV,3.50187185732737,121000000.0,Historical,World Bank API
2021,Cote d'Ivoire,CIV,3.97240784200721,1289999.96185303,Historical,World Bank API
2022,Cote d'Ivoire,CIV,-13.5,248000000.0,Historical,World Bank API
2023,Cote d'Ivoire,CIV,5.00040743766748,1251700000.7629395,Historical,World Bank API
2024,Cote d'Ivoire,CIV,5.85165102224047,2362000000.0,Historical,World Bank API
2025,Cote d'Ivoire,CIV,2.49652879315188,4968000000.0,Historical,World Bank API
2000,Croatia,HRV,3.71995867654906,4463000000.0,Historical,World Bank API
2001,Croatia,HRV,3.92498381999467,57000000.0,Historical,World Bank API
2002,Croatia,HRV,2.18546605362143,6747000000.0,Historical,World Bank API
2003,Croatia,HRV,3.19435651744398,879000000.0,Historical,World Bank API
2004,Croatia,HRV,4.17524257571303,741000000.0,Historical,World Bank API
2005,Croatia,HRV,1.70689430349601,7598000000.0,Historical,World Bank API
2006,Croatia,HRV,2.3524379811805,19706000000.0,Historical,World Bank API
2007,Croatia,HRV,5.0616820696264,416000000.0,Historical,World Bank API
2008,Croatia,HRV,4.21490387414525,223000000.0,Historical,World Bank API
2009,Croatia,HRV,4.18903628100851,19994000000.0,Historical,World Bank API
2010,Croatia,HRV,8.58208942390802,4611000000.0,Historical,World Bank API
2011,Croatia,HRV,6.28506032509601,1438000000.0,Historical,World Bank API
2012,Croatia,HRV,0.596383224317051,1223000000.0,Historical,World Bank API
2013,Croatia,HRV,2.10441456445301,6685000000.0,Historical,World Bank API
2014,Croatia,HRV,-29.4552967282824,170000000.0,Historical,World Bank API
2015,Croatia,HRV,4.38802362461865,20416000000.0,Historical,World Bank API
2016,Croatia,HRV,3.39608420536011,2081000000.0,Historical,World Bank API
2017,Croatia,HRV,5.90833580968288,80000000.0,Historical,World Bank API
2018,Croatia,HRV,7.88522548204762,257000000.0,Historical,World Bank API
2019,Croatia,HRV,1.22070522070523,1816000000.0,Historical,World Bank API
2020,Croatia,HRV,4.79980951667159,173000000.0,Historical,World Bank API
2021,Croatia,HRV,4.78036912167654,4461000000.0,Historical,World Bank API
2022,Croatia,HRV,6.05163767569996,919000000.0,Historical,World Bank API
2023,Croatia,HRV,5.16213302463606,2401000000.0,Historical,World Bank API
2024,Croatia,HRV,3.28396321643012,10534000000.0,Historical,World Bank API
2025,Croatia,HRV,2.70742652643155,227000000.0,Historical,World Bank API
2000,Cuba,CUB,3.39088925336209,464000000.0,Historical,World Bank API
2001,Cuba,CUB,3.19999999896625,956000000.0,Historical,World Bank API
2002,Cuba,CUB,-17.1835352599354,236000000.0,Historical,World Bank API
2003,Cuba,CUB,4.92512304864294,518000000.0,Historical,World Bank API
2004,Cuba,CUB,5.14088851762675,21000000.0,Historical,World Bank API
2005,Cuba,CUB,-0.12581200299141,5635000000.0,Historical,World Bank API
2006,Cuba,CUB,3.0580805621437,706000000.0,Historical,World Bank API
2007,Cuba,CUB,2.20842927714892,1471000000.0,Historical,World Bank API
2008,Cuba,CUB,5.33697295511469,518000000.0,Historical,World Bank API
2009,Cuba,CUB,5.57782231144439,3200000.0,Historical,World Bank API
2010,Cuba,CUB,5.8419633918717,9253000000.0,Historical,World Bank API
2011,Cuba,CUB,8.64150815836322,337000000.0,Historical,World Bank API
2012,Cuba,CUB,2.6711185308848,22000000.0,Historical,World Bank API
2013,Cuba,CUB,8.67980010138049,48000000.0,Historical,World Bank API
2014,Cuba,CUB,15.8060317406145,91000000.0,Historical,World Bank API
2015,Cuba,CUB,7.66829190107919,733000000.0,Historical,World Bank API
2016,Cuba,CUB,-5.30529910675297,448000000.0,Historical,World Bank API
2017,Cuba,CUB,3.07985126948702,1217599975.58594,Historical,World Bank API
2018,Cuba,CUB,6.2768306708326,10926200195.3125,Historical,World Bank API
2019,Cuba,CUB,6.98528697817062,20760000000.0,Historical,World Bank API
2020,Cuba,CUB,-3.60663231572742,182000000.0,Historical,World Bank API
2021,Cuba,CUB,4.09791791943181,15356000000.0,Historical,World Bank API
2022,Cuba,CUB,-0.984106574148328,16080000000.0,Historical,World Bank API
2023,Cuba,CUB,4.03449389667165,2401000000.0,Historical,World Bank API
2024,Cuba,CUB,4.95352204492849,7561000000.0,Historical,World Bank API
2025,Cuba,CUB,11.6433551416587,5225000000.0,Historical,World Bank API
2000,Curacao,CUW,3.07546176144591,79000000.0,Historical,World Bank API
2001,Curacao,CUW,17.2264626793379,1071000000.0,Historical,World Bank API
2002,Curacao,CUW,4.65041459442163,9219000000.0,Historical,World Bank API
2003,Curacao,CUW,13.0761013792372,59000000.0,Historical,World Bank API
2004,Curacao,CUW,5.95855501570803,18000000.0,Historical,World Bank API
2005,Curacao,CUW,4.53579423678801,508000000.0,Historical,World Bank API
2006,Curacao,CUW,16.2581881158197,4160000000.0,Historical,World Bank API
2007,Curacao,CUW,-2.31414056819045,88000000.0,Historical,World Bank API
2008,Curacao,CUW,7.53641060890386,1700000000.0,Historical,World Bank API
2009,Curacao,CUW,2.71466509907701,8068000000.0,Historical,World Bank API
2010,Curacao,CUW,0.701393100287518,123000000.0,Historical,World Bank API
2011,Curacao,CUW,5.50270937378153,39000000.0,Historical,World Bank API
2012,Curacao,CUW,-0.659089573171372,15362000000.0,Historical,World Bank API
2013,Curacao,CUW,2.2473300115045,84000000.0,Historical,World Bank API
2014,Curacao,CUW,0.746871215179652,300000000.0,Historical,World Bank API
2015,Curacao,CUW,1.79214400716117,20236000000.0,Historical,World Bank API
2016,Curacao,CUW,3.79331765354152,4832000000.0,Historical,World Bank API
2017,Curacao,CUW,-0.970676468918384,881000000.0,Historical,World Bank API
2018,Curacao,CUW,-0.784165786429256,539000000.0,Historical,World Bank API
2019,Curacao,CUW,2.00385829784946,134800000000.0,Historical,World Bank API
2020,Curacao,CUW,10.7602131311256,191000000.0,Historical,World Bank API
2021,Curacao,CUW,4.73993722377884,480000000.0,Historical,World Bank API
2022,Curacao,CUW,2.62485949543812,71900000.0,Historical,World Bank API
2023,Curacao,CUW,-0.78899893905691,3195000000.0,Historical,World Bank API
2024,Curacao,CUW,-4.55329824103478,29593500000.0,Historical,World Bank API
2025,Curacao,CUW,2.62022948104543,50000000.0,Historical,World Bank API
2000,Cyprus,CYP,4.89999967133534,6091000000.0,Historical,World Bank API
2001,Cyprus,CYP,4.62589474959299,459000000.0,Historical,World Bank API
2002,Cyprus,CYP,2.6580323082747,360000000.0,Historical,World Bank API
2003,Cyprus,CYP,5.31513063394726,59000000.0,Historical,World Bank API
2004,Cyprus,CYP,1.38728384151602,2400000.0,Historical,World Bank API
2005,Cyprus,CYP,0.712380031974334,1959000000.0,Historical,World Bank API
2006,Cyprus,CYP,1.44715494184476,3200000.04768372,Historical,World Bank API
2007,Cyprus,CYP,8.49997776916511,12426000000.0,Historical,World Bank API
2008,Cyprus,CYP,2.40000000034432,295000000.0,Historical,World Bank API
2009,Cyprus,CYP,-5.66750850486686,14000000.0,Historical,World Bank API
2010,Cyprus,CYP,3.31534954399166,3386000000.0,Historical,World Bank API
2011,Cyprus,CYP,5.20064125553942,5964000000.0,Historical,World Bank API
2012,Cyprus,CYP,3.94373882815798,121599998.474121,Historical,World Bank API
2013,Cyprus,CYP,2.26325193567601,4266000000.0,Historical,World Bank API
2014,Cyprus,CYP,3.97605327162971,509000000.0,Historical,World Bank API
2015,Cyprus,CYP,-8.78879817831519,151000000.0,Historical,World Bank API
2016,Cyprus,CYP,-0.879681024403922,14000000.0,Historical,World Bank API
2017,Cyprus,CYP,0.893797935409893,1783000000.0,Historical,World Bank API
2018,Cyprus,CYP,2.61512859291683,9888000000.0,Historical,World Bank API
2019,Cyprus,CYP,-0.188690241954504,1199000000.0,Historical,World Bank API
2020,Cyprus,CYP,-15.7064024545862,111000000.0,Historical,World Bank API
2021,Cyprus,CYP,2.77263124530285,834000000.0,Historical,World Bank API
2022,Cyprus,CYP,2.82868479430465,1059000000.0,Historical,World Bank API
2023,Cyprus,CYP,7.05859935449848,82000000.0,Historical,World Bank API
2024,Cyprus,CYP,0.463512036709204,51626000000.0,Historical,World Bank API
2025,Cyprus,CYP,5.05789816173446,9086000000.0,Historical,World Bank API
2000,Czechia,CZE,4.18763842884337,12103000000.0,Historical,World Bank API
2001,Czechia,CZE,5.07691843229247,1671000000.0,Historical,World Bank API
2002,Czechia,CZE,2.60676642939541,2833000000.0,Historical,World Bank API
2003,Czechia,CZE,-17.8212299459324,1841000000.0,Historical,World Bank API
2004,Czechia,CZE,0.942185362275907,67000000.0,Historical,World Bank API
2005,Czechia,CZE,5.02627226665527,2552000000.0,Historical,World Bank API
2006,Czechia,CZE,-1.25375779920832,16600000.02384186,Historical,World Bank API
2007,Czechia,CZE,4.0636918123521,481000000.0,Historical,World Bank API
2008,Czechia,CZE,2.19401703622717,47953000000.0,Historical,World Bank API
2009,Czechia,CZE,1.19046798275883,35958000000.0,Historical,World Bank API
2010,Czechia,CZE,7.79999965773833,72000000.0,Historical,World Bank API
2011,Czechia,CZE,3.22486814096095,11889000000.0,Historical,World Bank API
2012,Czechia,CZE,-2.12478292664558,96000000.0,Historical,World Bank API
2013,Czechia,CZE,4.12418389451805,8448000000.0,Historical,World Bank API
2014,Czechia,CZE,16.6427546628408,1165000000.0,Historical,World Bank API
2015,Czechia,CZE,2.39102229602824,148500000.0,Historical,World Bank API
2016,Czechia,CZE,8.21513198348715,2454000000.0,Historical,World Bank API
2017,Czechia,CZE,6.62587485078971,780000000.0,Historical,World Bank API
2018,Czechia,CZE,2.34440586055426,5065500000.0,Historical,World Bank API
2019,Czechia,CZE,4.21600258475137,19000000.0,Historical,World Bank API
2020,Czechia,CZE,8.30130632267965,218000000.0,Historical,World Bank API
2021,Czechia,CZE,1.79104477611941,3690000.05722046,Historical,World Bank API
2022,Czechia,CZE,4.94932194028057,311000000.0,Historical,World Bank API
2023,Czechia,CZE,5.46056950635116,746000000.0,Historical,World Bank API
2024,Czechia,CZE,5.32749571119344,18920000.0762939,Historical,World Bank API
2025,Czechia,CZE,1.28862004711685,10961000000.0,Historical,World Bank API
2000,Denmark,DNK,-2.66655562053364,292000000.0,Historical,World Bank API
2001,Denmark,DNK,6.8912663621211,27755000000.0,Historical,World Bank API
2002,Denmark,DNK,3.19999999970734,589000000.0,Historical,World Bank API
2003,Denmark,DNK,5.21813625673708,419000000.0,Historical,World Bank API
2004,Denmark,DNK,6.50009261158209,1479000000.0,Historical,World Bank API
2005,Denmark,DNK,3.77358499834686,729000000.0,Historical,World Bank API
2006,Denmark,DNK,2.49999999914311,30000000.0,Historical,World Bank API
2007,Denmark,DNK,4.85864865060148,2716000000.0,Historical,World Bank API
2008,Denmark,DNK,12.2406120663359,24202000000.0,Historical,World Bank API
2009,Denmark,DNK,13.2761883306272,71000000.0,Historical,World Bank API
2010,Denmark,DNK,-5.55555555555564,500000.0,Historical,World Bank API
2011,Denmark,DNK,1.99053625497055,38299999.2370605,Historical,World Bank API
2012,Denmark,DNK,-4.95480732200573,964000000.0,Historical,World Bank API
2013,Denmark,DNK,0.871968424377442,2661000000.0,Historical,World Bank API
2014,Denmark,DNK,5.08691113513073,1821000000.0,Historical,World Bank API
2015,Denmark,DNK,7.42918225547835,146000000.0,Historical,World Bank API
2016,Denmark,DNK,7.19298728463697,24700000.0,Historical,World Bank API
2017,Denmark,DNK,-1.15748291975636,755500000.0,Historical,World Bank API
2018,Denmark,DNK,3.8,243000000.0,Historical,World Bank API
2019,Denmark,DNK,6.29644129075703,1206000000.0,Historical,World Bank API
2020,Denmark,DNK,2.42161440960641,505000000.0,Historical,World Bank API
2021,Denmark,DNK,-2.48732882965353,860000000.0,Historical,World Bank API
2022,Denmark,DNK,6.01930331771186,146000000.0,Historical,World Bank API
2023,Denmark,DNK,3.23707479823578,3700000.04768372,Historical,World Bank API
2024,Denmark,DNK,5.84552747578209,677000000.0,Historical,World Bank API
2025,Denmark,DNK,2.88482726313062,63000000.0,Historical,World Bank API
2000,Djibouti,DJI,6.77992399655236,1679000000.0,Historical,World Bank API
2001,Djibouti,DJI,-1.06173273220524,1152000000.0,Historical,World Bank API
2002,Djibouti,DJI,3.22709826879041,6782000000.0,Historical,World Bank API
2003,Djibouti,DJI,5.16089327231823,1114000000.0,Historical,World Bank API
2004,Djibouti,DJI,1.42609864257801,1625000000.0,Historical,World Bank API
2005,Djibouti,DJI,1.19297759742292,5762000000.0,Historical,World Bank API
2006,Djibouti,DJI,3.35354140652768,11449000000.0,Historical,World Bank API
2007,Djibouti,DJI,2.80000068850687,17000000.0,Historical,World Bank API
2008,Djibouti,DJI,7.557039422097006,451000000.0,Historical,World Bank API
2009,Djibouti,DJI,1.70030613669923,37098000000.0,Historical,World Bank API
2010,Djibouti,DJI,2.84820519363306,283000000.0,Historical,World Bank API
2011,Djibouti,DJI,3.44562065945944,687000000.0,Historical,World Bank API
2012,Djibouti,DJI,3.80260189913561,22600000.3814697,Historical,World Bank API
2013,Djibouti,DJI,5.03485413839893,1415500000.0,Historical,World Bank API
2014,Djibouti,DJI,6.1247199226125,123699996.948242,Historical,World Bank API
2015,Djibouti,DJI,3.70967806978986,1910000000.0,Historical,World Bank API
2016,Djibouti,DJI,8.25488044580031,865000000.0,Historical,World Bank API
2017,Djibouti,DJI,19.6812692571542,731000000.0,Historical,World Bank API
2018,Djibouti,DJI,3.99634666125431,103000000.0,Historical,World Bank API
2019,Djibouti,DJI,11.9318738376229,64000000.0,Historical,World Bank API
2020,Djibouti,DJI,3.82591056949435,27000000.0,Historical,World Bank API
2021,Djibouti,DJI,-1.40000000000001,248000000.0,Historical,World Bank API
2022,Djibouti,DJI,5.44122511322401,13771000000.0,Historical,World Bank API
2023,Djibouti,DJI,3.20279913520113,1221000000.0,Historical,World Bank API
2024,Djibouti,DJI,8.17616995204646,2754000000.0,Historical,World Bank API
2025,Djibouti,DJI,0.0292751500944064,3193000000.0,Historical,World Bank API
2000,Dominica,DMA,-9.4319740700862,57000000.0,Historical,World Bank API
2001,Dominica,DMA,4.47174447174434,7206000000.0,Historical,World Bank API
2002,Dominica,DMA,0.619239744622121,425000000.0,Historical,World Bank API
2003,Dominica,DMA,10.4621881235166,599500000.0,Historical,World Bank API
2004,Dominica,DMA,2.43886210234947,542000000.0,Historical,World Bank API
2005,Dominica,DMA,2.0865743380603,6193000000.0,Historical,World Bank API
2006,Dominica,DMA,12.2695481036769,426000000.0,Historical,World Bank API
2007,Dominica,DMA,5.45381096920332,73000000.0,Historical,World Bank API
2008,Dominica,DMA,2.87346677785811,19994000000.0,Historical,World Bank API
2009,Dominica,DMA,0.254877847398262,22812500000.0,Historical,World Bank API
2010,Dominica,DMA,4.9992279112746,104000000.0,Historical,World Bank API
2011,Dominica,DMA,-0.396080883885759,1195000000.0,Historical,World Bank API
2012,Dominica,DMA,-0.417178439991005,6281000000.0,Historical,World Bank API
2013,Dominica,DMA,86.8267484395784,170000000.0,Historical,World Bank API
2014,Dominica,DMA,4.47689915845876,19891000000.0,Historical,World Bank API
2015,Dominica,DMA,1.35447749115767,340000000.0,Historical,World Bank API
2016,Dominica,DMA,-3.25000014970206,58000000.0,Historical,World Bank API
2017,Dominica,DMA,10.2480163590057,349000000.0,Historical,World Bank API
2018,Dominica,DMA,2.8500028435797,1816000000.0,Historical,World Bank API
2019,Dominica,DMA,6.20348941121868,172000000.0,Historical,World Bank API
2020,Dominica,DMA,7.60936497768895,13413000000.0,Historical,World Bank API
2021,Dominica,DMA,4.2600880111325,551000000.0,Historical,World Bank API
2022,Dominica,DMA,0.805283915893824,419000000.0,Historical,World Bank API
2023,Dominica,DMA,-6.81231217572574,9300000000.0,Historical,World Bank API
2024,Dominica,DMA,7.61196343979319,642400024.414063,Historical,World Bank API
2025,Dominica,DMA,1.65158925617395,19849000000.0,Historical,World Bank API
2000,Dominican Republic,DOM,6.90000000042959,564000000.0,Historical,World Bank API
2001,Dominican Republic,DOM,1.41131438177968,989000000.0,Historical,World Bank API
2002,Dominican Republic,DOM,3.93798380632353,2005000000.0,Historical,World Bank API
2003,Dominican Republic,DOM,3.1108330034352,85000000.0,Historical,World Bank API
2004,Dominican Republic,DOM,3.05346185683619,2142000000.0,Historical,World Bank API
2005,Dominican Republic,DOM,6.56724355177587,515700012.207031,Historical,World Bank API
2006,Dominican Republic,DOM,5.30792420289453,688000000.0,Historical,World Bank API
2007,Dominican Republic,DOM,4.78100029254482,1118000000.0,Historical,World Bank API
2008,Dominican Republic,DOM,2.0001921183449,18500000.0,Historical,World Bank API
2009,Dominican Republic,DOM,9.2018583880479,8527000000.0,Historical,World Bank API
2010,Dominican Republic,DOM,7.44766737034072,29000000.0,Historical,World Bank API
2011,Dominican Republic,DOM,0.299850074962521,22000000.0,Historical,World Bank API
2012,Dominican Republic,DOM,8.67980010138049,26000000.0,Historical,World Bank API
2013,Dominican Republic,DOM,6.92305989050099,3171000000.0,Historical,World Bank API
2014,Dominican Republic,DOM,3.45525405630191,15902500000.0,Historical,World Bank API
2015,Dominican Republic,DOM,2.32126722323136,500000000.0,Historical,World Bank API
2016,Dominican Republic,DOM,0.476898106596394,1086300048.82813,Historical,World Bank API
2017,Dominican Republic,DOM,1.61261001294011,19669000000.0,Historical,World Bank API
2018,Dominican Republic,DOM,2.60696965356362,2320000000.0,Historical,World Bank API
2019,Dominican Republic,DOM,4.19925854085865,25000000.0,Historical,World Bank API
2020,Dominican Republic,DOM,1.53512549946694,11475000000.0,Historical,World Bank API
2021,Dominican Republic,DOM,2.50657937751231,12945000000.0,Historical,World Bank API
2022,Dominican Republic,DOM,10.2982233241213,419000000.0,Historical,World Bank API
2023,Dominican Republic,DOM,6.71974078681295,6720000000.0,Historical,World Bank API
2024,Dominican Republic,DOM,6.9297342584233,4454000000.0,Historical,World Bank API
2025,Dominican Republic,DOM,-14.2769995911797,4000000.0,Historical,World Bank API
2000,Ecuador,ECU,-1.17048018967635,974000000.0,Historical,World Bank API
2001,Ecuador,ECU,6.5077747939152,1490000000.0,Historical,World Bank API
2002,Ecuador,ECU,2.14854964610538,113000000.0,Historical,World Bank API
2003,Ecuador,ECU,-2.18226723759027,20300000.0,Historical,World Bank API
2004,Ecuador,ECU,2.57925177738754,271000000.0,Historical,World Bank API
2005,Ecuador,ECU,2.1929375750029,10165000000.0,Historical,World Bank API
2006,Ecuador,ECU,-0.279252284959952,4230000.01907349,Historical,World Bank API
2007,Ecuador,ECU,4.00168591128376,546000000.0,Historical,World Bank API
2008,Ecuador,ECU,1.51345949139996,3376000000.0,Historical,World Bank API
2009,Ecuador,ECU,9.53527536282282,131000000.0,Historical,World Bank API
2010,Ecuador,ECU,8.10065518714917,44000000.0,Historical,World Bank API
2011,Ecuador,ECU,2.27224992038207,22424000000.0,Historical,World Bank API
2012,Ecuador,ECU,2.9373470716322,782000000.0,Historical,World Bank API
2013,Ecuador,ECU,3.91022992758094,1702500000.0,Historical,World Bank API
2014,Ecuador,ECU,2.74969910618739,11914000000.0,Historical,World Bank API
2015,Ecuador,ECU,2.09017507758604,4297000000.0,Historical,World Bank API
2016,Ecuador,ECU,6.21808764217616,881000000.0,Historical,World Bank API
2017,Ecuador,ECU,3.90868676830634,2196000000.0,Historical,World Bank API
2018,Ecuador,ECU,1.1264226705118,1805500000.0,Historical,World Bank API
2019,Ecuador,ECU,0.996065564854788,93000000.0,Historical,World Bank API
2020,Ecuador,ECU,-0.471566596791618,212000000.0,Historical,World Bank API
2021,Ecuador,ECU,4.90621048664867,56100000.0,Historical,World Bank API
2022,Ecuador,ECU,6.71200487159726,854000000.0,Historical,World Bank API
2023,Ecuador,ECU,6.59424599357075,2282000000.0,Historical,World Bank API
2024,Ecuador,ECU,1.38148396045266,50000000.0,Historical,World Bank API
2025,Ecuador,ECU,1.0,1025500000.0,Historical,World Bank API
2000,"Egypt, Arab Rep.",EGY,4.22681333390325,438000000.0,Historical,World Bank API
2001,"Egypt, Arab Rep.",EGY,0.870059259424892,128000000.0,Historical,World Bank API
2002,"Egypt, Arab Rep.",EGY,7.33186884258517,43900001.5258789,Historical,World Bank API
2003,"Egypt, Arab Rep.",EGY,-2.22222222222223,2400000.0,Historical,World Bank API
2004,"Egypt, Arab Rep.",EGY,2.08738250162794,5631000000.0,Historical,World Bank API
2005,"Egypt, Arab Rep.",EGY,-0.272766327438816,1762000000.0,Historical,World Bank API
2006,"Egypt, Arab Rep.",EGY,0.916003764382594,1611000000.0,Historical,World Bank API
2007,"Egypt, Arab Rep.",EGY,5.39999999969525,477000000.0,Historical,World Bank API
2008,"Egypt, Arab Rep.",EGY,1.34335628806095,14000000.0,Historical,World Bank API
2009,"Egypt, Arab Rep.",EGY,6.00672194558203,24469000000.0,Historical,World Bank API
2010,"Egypt, Arab Rep.",EGY,-10.7933646271143,12000000.0,Historical,World Bank API
2011,"Egypt, Arab Rep.",EGY,3.50466435023895,11307500000.0,Historical,World Bank API
2012,"Egypt, Arab Rep.",EGY,0.879314134974734,3688500000.0,Historical,World Bank API
2013,"Egypt, Arab Rep.",EGY,3.41156027980276,234000000.0,Historical,World Bank API
2014,"Egypt, Arab Rep.",EGY,6.71074625448722,852000000.0,Historical,World Bank API
2015,"Egypt, Arab Rep.",EGY,3.78944359275462,15600000.3814697,Historical,World Bank API
2016,"Egypt, Arab Rep.",EGY,0.975694840127005,20459000000.0,Historical,World Bank API
2017,"Egypt, Arab Rep.",EGY,1.90119437968586,4971000000.0,Historical,World Bank API
2018,"Egypt, Arab Rep.",EGY,3.17040935922364,1291000000.0,Historical,World Bank API
2019,"Egypt, Arab Rep.",EGY,-0.15739179314221,76000000.0,Historical,World Bank API
2020,"Egypt, Arab Rep.",EGY,4.61224310312809,834000000.0,Historical,World Bank API
2021,"Egypt, Arab Rep.",EGY,5.6558588065555,1303000000.0,Historical,World Bank API
2022,"Egypt, Arab Rep.",EGY,2.60379670648454,724000000.0,Historical,World Bank API
2023,"Egypt, Arab Rep.",EGY,1.16208684507278,36417000000.0,Historical,World Bank API
2024,"Egypt, Arab Rep.",EGY,3.74576940136258,7980000000.0,Historical,World Bank API
2025,"Egypt, Arab Rep.",EGY,6.73246186832483,2047000000.0,Historical,World Bank API
2000,El Salvador,SLV,10.2836813071691,441000000.0,Historical,World Bank API
2001,El Salvador,SLV,1.88853936243953,555000000.0,Historical,World Bank API
2002,El Salvador,SLV,9.62729355007232,4585000000.0,Historical,World Bank API
2003,El Salvador,SLV,4.41266598569969,289000000.0,Historical,World Bank API
2004,El Salvador,SLV,4.20199999999977,282000000.0,Historical,World Bank API
2005,El Salvador,SLV,3.56158183392093,902500000.0,Historical,World Bank API
2006,El Salvador,SLV,9.40612855732827,323000000.0,Historical,World Bank API
2007,El Salvador,SLV,3.95247138119184,34137000000.0,Historical,World Bank API
2008,El Salvador,SLV,0.860031075424033,63557000000.0,Historical,World Bank API
2009,El Salvador,SLV,3.09969928290539,27000000.0,Historical,World Bank API
2010,El Salvador,SLV,1.72095737011739,19000000.0,Historical,World Bank API
2011,El Salvador,SLV,-0.00392531660746442,191000000.0,Historical,World Bank API
2012,El Salvador,SLV,1.06795068152046,6595000000.0,Historical,World Bank API
2013,El Salvador,SLV,4.177545691906,618000000.0,Historical,World Bank API
2014,El Salvador,SLV,1.27134240761141,38413300781.25,Historical,World Bank API
2015,El Salvador,SLV,2.57966943921721,42900001.5258789,Historical,World Bank API
2016,El Salvador,SLV,10.2402980586354,398000000.0,Historical,World Bank API
2017,El Salvador,SLV,-10.3209565764632,2921000000.0,Historical,World Bank API
2018,El Salvador,SLV,4.65572356315585,1597000000.0,Historical,World Bank API
2019,El Salvador,SLV,6.43186888691574,14300000.1907349,Historical,World Bank API
2020,El Salvador,SLV,6.79990300224401,1185000000.0,Historical,World Bank API
2021,El Salvador,SLV,0.416450493043214,210000000.0,Historical,World Bank API
2022,El Salvador,SLV,4.79700882356046,330000000.0,Historical,World Bank API
2023,El Salvador,SLV,8.08504167173554,14500000.0,Historical,World Bank API
2024,El Salvador,SLV,3.77911068354334,9773000000.0,Historical,World Bank API
2025,El Salvador,SLV,6.20000001747076,1057500000.0,Historical,World Bank API
2000,Equatorial Guinea,GNQ,10.5962719761682,27755000000.0,Historical,World Bank API
2001,Equatorial Guinea,GNQ,4.20000000566705,2239000000.0,Historical,World Bank API
2002,Equatorial Guinea,GNQ,0.688255893930972,15647000000.0,Historical,World Bank API
2003,Equatorial Guinea,GNQ,2.26694373649188,75000000.0,Historical,World Bank API
2004,Equatorial Guinea,GNQ,0.889404485692197,748000000.0,Historical,World Bank API
2005,Equatorial Guinea,GNQ,7.63973639944591,43000000.0,Historical,World Bank API
2006,Equatorial Guinea,GNQ,2.48546800826588,10468000000.0,Historical,World Bank API
2007,Equatorial Guinea,GNQ,2.4428900448156,10581000000.0,Historical,World Bank API
2008,Equatorial Guinea,GNQ,0.865961986998158,37715500000.0,Historical,World Bank API
2009,Equatorial Guinea,GNQ,-9.97138355338151,600000.0,Historical,World Bank API
2010,Equatorial Guinea,GNQ,-2.16566342680382,15000000.0,Historical,World Bank API
2011,Equatorial Guinea,GNQ,1.22975368307725,489000000.0,Historical,World Bank API
2012,Equatorial Guinea,GNQ,4.3469311670646,7602000000.0,Historical,World Bank API
2013,Equatorial Guinea,GNQ,13.3626240903125,1002000000.0,Historical,World Bank API
2014,Equatorial Guinea,GNQ,-8.5555726838292,94000000.0,Historical,World Bank API
2015,Equatorial Guinea,GNQ,7.19298728463697,9800000.0,Historical,World Bank API
2016,Equatorial Guinea,GNQ,-1.15748291975636,314500000.0,Historical,World Bank API
2017,Equatorial Guinea,GNQ,0.96775836306881,871000000.0,Historical,World Bank API
2018,Equatorial Guinea,GNQ,17.5861390037409,1007000000.0,Historical,World Bank API
2019,Equatorial Guinea,GNQ,1.84038117927339,107000000.0,Historical,World Bank API
2020,Equatorial Guinea,GNQ,4.18060450885471,660000000.0,Historical,World Bank API
2021,Equatorial Guinea,GNQ,3.90000114826496,19500000.0,Historical,World Bank API
2022,Equatorial Guinea,GNQ,4.92392485117456,3700000.04768372,Historical,World Bank API
2023,Equatorial Guinea,GNQ,5.17429153955024,17915000000.0,Historical,World Bank API
2024,Equatorial Guinea,GNQ,-0.414935997088406,765000000.0,Historical,World Bank API
2025,Equatorial Guinea,GNQ,3.97348819235724,68000000.0,Historical,World Bank API
2000,Eritrea,ERI,1.80979178380274,3302000000.0,Historical,World Bank API
2001,Eritrea,ERI,6.94254173062592,880000000.0,Historical,World Bank API
2002,Eritrea,ERI,6.0550897288645,77000000.0,Historical,World Bank API
2003,Eritrea,ERI,1.12741146411624,1064099975.58594,Historical,World Bank API
2004,Eritrea,ERI,2.39039455396828,5615000000.0,Historical,World Bank API
2005,Eritrea,ERI,2.70232342550646,18729000000.0,Historical,World Bank API
2006,Eritrea,ERI,-3.62980082410752,1043000000.0,Historical,World Bank API
2007,Eritrea,ERI,2.24639734104173,345000000.0,Historical,World Bank API
2008,Eritrea,ERI,8.70010092519611,11874000000.0,Historical,World Bank API
2009,Eritrea,ERI,-0.358614856979671,232000000.0,Historical,World Bank API
2010,Eritrea,ERI,0.045439094492707,5931000000.0,Historical,World Bank API
2011,Eritrea,ERI,0.555384294580819,60500000.0,Historical,World Bank API
2012,Eritrea,ERI,2.00361101838986,11776000000.0,Historical,World Bank API
2013,Eritrea,ERI,5.65195919890348,70000000.0,Historical,World Bank API
2014,Eritrea,ERI,-5.55918636850581,1910000000.0,Historical,World Bank API
2015,Eritrea,ERI,1.75649379621869,2022000000.0,Historical,World Bank API
2016,Eritrea,ERI,4.86784999991505,231000000.0,Historical,World Bank API
2017,Eritrea,ERI,-2.3298481898334,1076000000.0,Historical,World Bank API
2018,Eritrea,ERI,10.4437797168913,8000000.0,Historical,World Bank API
2019,Eritrea,ERI,6.81747111070281,1100000.02384186,Historical,World Bank API
2020,Eritrea,ERI,2.10010882688805,288000000.0,Historical,World Bank API
2021,Eritrea,ERI,3.32366508200445,26505000000.0,Historical,World Bank API
2022,Eritrea,ERI,-8.89677926591959,1733350000.0238419,Historical,World Bank API
2023,Eritrea,ERI,0.104309021773304,11395000000.0,Historical,World Bank API
2024,Eritrea,ERI,8.7486769008168,3024000000.0,Historical,World Bank API
2025,Eritrea,ERI,13.2720546167979,129000000.0,Historical,World Bank API
2000,Estonia,EST,-2.00125476341026,705000000.0,Historical,World Bank API
2001,Estonia,EST,-12.4079711055149,109000000.0,Historical,World Bank API
2002,Estonia,EST,6.69435192557005,127750000.0,Historical,World Bank API
2003,Estonia,EST,0.998719299661161,1156000000.0,Historical,World Bank API
2004,Estonia,EST,2.06467207892409,21594000000.0,Historical,World Bank API
2005,Estonia,EST,4.0374934360085,2501000000.0,Historical,World Bank API
2006,Estonia,EST,0.823438752111855,14000000.0,Historical,World Bank API
2007,Estonia,EST,2.04990463726786,17962000000.0,Historical,World Bank API
2008,Estonia,EST,1.99999938207415,5939585000.038147,Historical,World Bank API
2009,Estonia,EST,4.26802583314358,356000000.0,Historical,World Bank API
2010,Estonia,EST,2.86541320912272,3232000000.0,Historical,World Bank API
2011,Estonia,EST,3.72400899471576,3671000000.0,Historical,World Bank API
2012,Estonia,EST,11.8707565226151,301000000.0,Historical,World Bank API
2013,Estonia,EST,0.127953382778088,9225000000.0,Historical,World Bank API
2014,Estonia,EST,1.04954641215085,2535000000.0,Historical,World Bank API
2015,Estonia,EST,-1.83776106357656,28700000.7629395,Historical,World Bank API
2016,Estonia,EST,8.51053758860212,8363000000.0,Historical,World Bank API
2017,Estonia,EST,6.90295943489203,1883000000.0,Historical,World Bank API
2018,Estonia,EST,2.96195085866692,99000000.0,Historical,World Bank API
2019,Estonia,EST,7.41022760508854,20756000000.0,Historical,World Bank API
2020,Estonia,EST,-1.12863801728058,3077000000.0,Historical,World Bank API
2021,Estonia,EST,2.88755600749487,84205000000.0,Historical,World Bank API
2022,Estonia,EST,3.11123490972072,3463000000.0,Historical,World Bank API
2023,Estonia,EST,8.61926620832807,160000000.0,Historical,World Bank API
2024,Estonia,EST,11.758820686671,9317000000.0,Historical,World Bank API
2025,Estonia,EST,2.81850297775918,5830000000.0,Historical,World Bank API
2000,Eswatini,SWZ,0.700000402432295,722000000.0,Historical,World Bank API
2001,Eswatini,SWZ,3.31507699790781,1390000000.0,Historical,World Bank API
2002,Eswatini,SWZ,1.1457271877622,178500000.0,Historical,World Bank API
2003,Eswatini,SWZ,-8.72888243996397,217000000.0,Historical,World Bank API
2004,Eswatini,SWZ,-4.16963395808132,620000000.0,Historical,World Bank API
2005,Eswatini,SWZ,7.34719496799492,58000000.0,Historical,World Bank API
2006,Eswatini,SWZ,8.70875190154499,536000000.0,Historical,World Bank API
2007,Eswatini,SWZ,2.10666920560958,62799999.2370605,Historical,World Bank API
2008,Eswatini,SWZ,3.47943880004293,5170000.07629395,Historical,World Bank API
2009,Eswatini,SWZ,4.08252481259281,4961000000.0,Historical,World Bank API
2010,Eswatini,SWZ,0.965517241379317,22000000.0,Historical,World Bank API
2011,Eswatini,SWZ,1.42682221120323,61000000.0,Historical,World Bank API
2012,Eswatini,SWZ,2.38928797963442,2032000000.0,Historical,World Bank API
2013,Eswatini,SWZ,2.91515598595787,9949500000.0,Historical,World Bank API
2014,Eswatini,SWZ,6.25294705373625,240860000.610352,Historical,World Bank API
2015,Eswatini,SWZ,2.33257486608854,588000000.0,Historical,World Bank API
2016,Eswatini,SWZ,3.53737509680782,16495000000.0,Historical,World Bank API
2017,Eswatini,SWZ,-2.04663389535644,2529000000.0,Historical,World Bank API
2018,Eswatini,SWZ,-4.12250332670322,25000000.0,Historical,World Bank API
2019,Eswatini,SWZ,5.70467978309095,2060000000.0,Historical,World Bank API
2020,Eswatini,SWZ,3.81617714108242,6029000000.0,Historical,World Bank API
2021,Eswatini,SWZ,7.03239511515218,84205000000.0,Historical,World Bank API
2022,Eswatini,SWZ,3.26808671288212,4166000000.0,Historical,World Bank API
2023,Eswatini,SWZ,3.17178989968683,5629000000.0,Historical,World Bank API
2024,Eswatini,SWZ,4.37908347331195,3377500000.0,Historical,World Bank API
2025,Eswatini,SWZ,4.22325911250161,217899993.896484,Historical,World Bank API
2000,Ethiopia,ETH,9.2927894063005,1154000000.0,Historical,World Bank API
2001,Ethiopia,ETH,4.69699024225795,114000000.0,Historical,World Bank API
2002,Ethiopia,ETH,1.55216608426647,15360000000.0,Historical,World Bank API
2003,Ethiopia,ETH,4.32426119221549,182000000.0,Historical,World Bank API
2004,Ethiopia,ETH,4.98785364537615,7668000000.0,Historical,World Bank API
2005,Ethiopia,ETH,10.1284540720232,2400000.09536743,Historical,World Bank API
2006,Ethiopia,ETH,-6.22137102671199,654000000.0,Historical,World Bank API
2007,Ethiopia,ETH,11.3975590801512,663000000.0,Historical,World Bank API
2008,Ethiopia,ETH,2.85452253179545,6142585000.038147,Historical,World Bank API
2009,Ethiopia,ETH,6.47884588417347,58000000.0,Historical,World Bank API
2010,Ethiopia,ETH,-3.58626472551299,18471000000.0,Historical,World Bank API
2011,Ethiopia,ETH,0.593554452942286,835000000.0,Historical,World Bank API
2012,Ethiopia,ETH,3.5523140853476,527000000.0,Historical,World Bank API
2013,Ethiopia,ETH,-0.204061304891439,10674000000.0,Historical,World Bank API
2014,Ethiopia,ETH,5.23715364977618,2051000000.0,Historical,World Bank API
2015,Ethiopia,ETH,1.69961076077263,881000000.0,Historical,World Bank API
2016,Ethiopia,ETH,1.01619084044641,7175000000.0,Historical,World Bank API
2017,Ethiopia,ETH,1.55133095078786,1387000000.0,Historical,World Bank API
2018,Ethiopia,ETH,5.11192183224598,1479000000.0,Historical,World Bank API
2019,Ethiopia,ETH,-0.0173246130360667,48000000.0,Historical,World Bank API
2020,Ethiopia,ETH,3.64147185166024,5000000.0,Historical,World Bank API
2021,Ethiopia,ETH,10.4999999988202,189000000.0,Historical,World Bank API
2022,Ethiopia,ETH,10.3924630141307,2279000000.0,Historical,World Bank API
2023,Ethiopia,ETH,-2.77288732394366,20100000.3814697,Historical,World Bank API
2024,Ethiopia,ETH,3.89175024218898,989000000.0,Historical,World Bank API
2025,Ethiopia,ETH,3.89718320544974,557000000.0,Historical,World Bank API
2000,Faroe Islands,FRO,-14.3647119341564,1071000000.0,Historical,World Bank API
2001,Faroe Islands,FRO,5.59045469593266,191000000.0,Historical,World Bank API
2002,Faroe Islands,FRO,13.5646616163416,97000000.0,Historical,World Bank API
2003,Faroe Islands,FRO,10.146951414355,16000000.0,Historical,World Bank API
2004,Faroe Islands,FRO,5.71981814509198,629000000.0,Historical,World Bank API
2005,Faroe Islands,FRO,4.97288003766816,14808000000.0,Historical,World Bank API
2006,Faroe Islands,FRO,3.79979560086888,4230000.01907349,Historical,World Bank API
2007,Faroe Islands,FRO,8.46801676808001,66000000.0,Historical,World Bank API
2008,Faroe Islands,FRO,2.61226807205139,9228000000.0,Historical,World Bank API
2009,Faroe Islands,FRO,7.99381444555367,123000000.0,Historical,World Bank API
2010,Faroe Islands,FRO,3.20786087715987,39000000.0,Historical,World Bank API
2011,Faroe Islands,FRO,-0.786244288594673,15362000000.0,Historical,World Bank API
2012,Faroe Islands,FRO,2.13523342197423,46000000.0,Historical,World Bank API
2013,Faroe Islands,FRO,5.81764849670007,934500000.0,Historical,World Bank API
2014,Faroe Islands,FRO,1.81310830459596,20809000000.0,Historical,World Bank API
2015,Faroe Islands,FRO,2.74592676054861,4663000000.0,Historical,World Bank API
2016,Faroe Islands,FRO,8.82069395623492,881000000.0,Historical,World Bank API
2017,Faroe Islands,FRO,6.19241063695442,377000000.0,Historical,World Bank API
2018,Faroe Islands,FRO,3.48354993555606,116682000000.0,Historical,World Bank API
2019,Faroe Islands,FRO,-5.37044724000579,186000000.0,Historical,World Bank API
2020,Faroe Islands,FRO,3.87582544512439,482000000.0,Historical,World Bank API
2021,Faroe Islands,FRO,2.75210448455053,475000000.0,Historical,World Bank API
2022,Faroe Islands,FRO,3.65638765956977,416000000.0,Historical,World Bank API
2023,Faroe Islands,FRO,-4.55329824103478,28338500000.0,Historical,World Bank API
2024,Faroe Islands,FRO,-0.331079223430805,50000000.0,Historical,World Bank API
2025,Faroe Islands,FRO,1.0,1327699999.8092651,Historical,World Bank API
2000,Fiji,FJI,5.35284003535665,28000000.0,Historical,World Bank API
2001,Fiji,FJI,4.42774384760374,508500000.0,Historical,World Bank API
2002,Fiji,FJI,9.52380952380953,1200000.0,Historical,World Bank API
2003,Fiji,FJI,3.28344618616541,2966000000.0,Historical,World Bank API
2004,Fiji,FJI,3.7978483925754,1829000000.0,Historical,World Bank API
2005,Fiji,FJI,8.19547826641261,3553000000.0,Historical,World Bank API
2006,Fiji,FJI,4.01541716935742,1243000000.0,Historical,World Bank API
2007,Fiji,FJI,19.4628340359251,14000000.0,Historical,World Bank API
2008,Fiji,FJI,5.5848470671515,12280000000.0,Historical,World Bank API
2009,Fiji,FJI,-4.64031673600859,22000000.0,Historical,World Bank API
2010,Fiji,FJI,-0.0187414958130319,9477500000.0,Historical,World Bank API
2011,Fiji,FJI,4.6977240232674,548000000.0,Historical,World Bank API
2012,Fiji,FJI,6.19999998192236,219000000.0,Historical,World Bank API
2013,Fiji,FJI,7.95005151069972,568000000.0,Historical,World Bank API
2014,Fiji,FJI,4.63081843223307,14399999.6185303,Historical,World Bank API
2015,Fiji,FJI,0.885667635240807,41415000000.0,Historical,World Bank API
2016,Fiji,FJI,-9.51829474045297,2769000000.0,Historical,World Bank API
2017,Fiji,FJI,-26.5575264529877,245000000.0,Historical,World Bank API
2018,Fiji,FJI,4.09783662273917,61000000.0,Historical,World Bank API
2019,Fiji,FJI,-14.8386117894848,834000000.0,Historical,World Bank API
2020,Fiji,FJI,2.70795151449488,2642000000.0,Historical,World Bank API
2021,Fiji,FJI,-0.310320187825369,984000000.0,Historical,World Bank API
2022,Fiji,FJI,10.9585321385624,586000000.0,Historical,World Bank API
2023,Fiji,FJI,7.72182519577728,2966000000.0,Historical,World Bank API
2024,Fiji,FJI,6.53222138847813,986000000.0,Historical,World Bank API
2025,Fiji,FJI,1.08364848376166,452000000.0,Historical,World Bank API
2000,Finland,FIN,16.7961344440251,186000000.0,Historical,World Bank API
2001,Finland,FIN,8.1756535098435,903000000.0,Historical,World Bank API
2002,Finland,FIN,3.03730354099602,214000000.0,Historical,World Bank API
2003,Finland,FIN,0.45815174597594,712000000.0,Historical,World Bank API
2004,Finland,FIN,-21.3998996914321,2369000000.0,Historical,World Bank API
2005,Finland,FIN,3.94992622592932,1422000000.0,Historical,World Bank API
2006,Finland,FIN,4.21894147547516,18032000000.0,Historical,World Bank API
2007,Finland,FIN,-2.82455153714783,58906000000.0,Historical,World Bank API
2008,Finland,FIN,-3.67642942893428,27000000.0,Historical,World Bank API
2009,Finland,FIN,4.94827108468886,73000000.0,Historical,World Bank API
2010,Finland,FIN,1.571941921297254,484000000.0,Historical,World Bank API
2011,Finland,FIN,4.73006530805553,3774000000.0,Historical,World Bank API
2012,Finland,FIN,-6.68402777777779,2063000000.0,Historical,World Bank API
2013,Finland,FIN,6.73646786920814,9204000000.0,Historical,World Bank API
2014,Finland,FIN,-5.59477371915547,42900001.5258789,Historical,World Bank API
2015,Finland,FIN,4.27849895827543,27679333333.333336,Historical,World Bank API
2016,Finland,FIN,5.57834290401968,1718000000.0,Historical,World Bank API
2017,Finland,FIN,13.0026889457975,236000000.0,Historical,World Bank API
2018,Finland,FIN,1.83973625916165,10100000.3814697,Historical,World Bank API
2019,Finland,FIN,4.07800355932196,1185000000.0,Historical,World Bank API
2020,Finland,FIN,0.367606879216311,367000000.0,Historical,World Bank API
2021,Finland,FIN,3.82900399349064,1147000000.0,Historical,World Bank API
2022,Finland,FIN,-0.285931052286514,2400000.09536743,Historical,World Bank API
2023,Finland,FIN,-1.01703846933975,6961000000.0,Historical,World Bank API
2024,Finland,FIN,10.200000101399,1035500000.0,Historical,World Bank API
2025,Finland,FIN,0.634367533828438,3279000000.0,Historical,World Bank API
2000,France,FRA,8.89999999999405,1214000000.0,Historical,World Bank API
2001,France,FRA,13.3752345495477,4463000000.0,Historical,World Bank API
2002,France,FRA,2.6470032027451,16000000.0,Historical,World Bank API
2003,France,FRA,6.58784560886967,4874000000.0,Historical,World Bank API
2004,France,FRA,-4.97496361892476,40000000.0,Historical,World Bank API
2005,France,FRA,5.27705197295467,8629000000.0,Historical,World Bank API
2006,France,FRA,1.93115502411325,14114000000.0,Historical,World Bank API
2007,France,FRA,4.68195410972302,29547500000.0,Historical,World Bank API
2008,France,FRA,-8.10140201443319,155000000.0,Historical,World Bank API
2009,France,FRA,6.53204505563791,264000000.0,Historical,World Bank API
2010,France,FRA,3.16262533840754,523000000.0,Historical,World Bank API
2011,France,FRA,1.23773159721814,4937000000.0,Historical,World Bank API
2012,France,FRA,2.38215737180541,3907000000.0,Historical,World Bank API
2013,France,FRA,1.87830687830687,993000000.0,Historical,World Bank API
2014,France,FRA,3.47783593140312,9097000000.0,Historical,World Bank API
2015,France,FRA,-1.93756534125014,13943666666.666668,Historical,World Bank API
2016,France,FRA,3.19999269219366,667000000.0,Historical,World Bank API
2017,France,FRA,1.8469701294558,2336000000.0,Historical,World Bank API
2018,France,FRA,7.23489033258579,174000000.0,Historical,World Bank API
2019,France,FRA,7.4221127615025,49000000.0,Historical,World Bank API
2020,France,FRA,10.8000037591665,5000000.0,Historical,World Bank API
2021,France,FRA,7.24388538990945,169000000.0,Historical,World Bank API
2022,France,FRA,6.22385418062366,7618000000.0,Historical,World Bank API
2023,France,FRA,4.21794209572506,915000000.0,Historical,World Bank API
2024,France,FRA,-7.35732706484723,1085000000.0,Historical,World Bank API
2025,France,FRA,5.9147601740486,1948000000.0,Historical,World Bank API
2000,French Polynesia,PYF,2.0949597710559,880000000.0,Historical,World Bank API
2001,French Polynesia,PYF,6.20924103389086,557000000.0,Historical,World Bank API
2002,French Polynesia,PYF,5.90000000046228,303000000.0,Historical,World Bank API
2003,French Polynesia,PYF,2.01179992738312,2679000000.0,Historical,World Bank API
2004,French Polynesia,PYF,0.943331863036903,14726000000.0,Historical,World Bank API
2005,French Polynesia,PYF,-17.0046884048945,772000000.0,Historical,World Bank API
2006,French Polynesia,PYF,1.78366676137003,6324000000.0,Historical,World Bank API
2007,French Polynesia,PYF,3.57584760454412,189000000.0,Historical,World Bank API
2008,French Polynesia,PYF,-3.06725662451662,49000000.0,Historical,World Bank API
2009,French Polynesia,PYF,7.57142076322967,4018000000.0,Historical,World Bank API
2010,French Polynesia,PYF,7.59331721294959,11400000.0,Historical,World Bank API
2011,French Polynesia,PYF,3.17152748983935,20924000000.0,Historical,World Bank API
2012,French Polynesia,PYF,10.8584320184896,212000000.0,Historical,World Bank API
2013,French Polynesia,PYF,3.52836236122388,1910000000.0,Historical,World Bank API
2014,French Polynesia,PYF,9.52305386462066,1229000000.0,Historical,World Bank API
2015,French Polynesia,PYF,5.57678859838062,208000000.0,Historical,World Bank API
2016,French Polynesia,PYF,4.20595547449241,3978000000.0,Historical,World Bank API
2017,French Polynesia,PYF,4.60742917109469,94000000.0,Historical,World Bank API
2018,French Polynesia,PYF,3.65186382894819,298500000.0,Historical,World Bank API
2019,French Polynesia,PYF,2.10010882688805,267000000.0,Historical,World Bank API
2020,French Polynesia,PYF,-4.88269401706633,26331000000.0,Historical,World Bank API
2021,French Polynesia,PYF,12.6746751655235,27755000000.0,Historical,World Bank API
2022,French Polynesia,PYF,1.67533175173359,36978000000.0,Historical,World Bank API
2023,French Polynesia,PYF,6.98584137580278,10522000000.0,Historical,World Bank API
2024,French Polynesia,PYF,1.43951727721958,81000000.0,Historical,World Bank API
2025,French Polynesia,PYF,1.90242859700484,626000000.0,Historical,World Bank API
2000,Gabon,GAB,22.4622020023362,9442000000.0,Historical,World Bank API
2001,Gabon,GAB,2.99755987604104,7000000.0,Historical,World Bank API
2002,Gabon,GAB,9.40000151584914,346000000.0,Historical,World Bank API
2003,Gabon,GAB,-5.6937412158003,13857000000.0,Historical,World Bank API
2004,Gabon,GAB,6.99284029026121,2199000000.0,Historical,World Bank API
2005,Gabon,GAB,24.2128789232326,78000000.0,Historical,World Bank API
2006,Gabon,GAB,3.52472308052245,437000000.0,Historical,World Bank API
2007,Gabon,GAB,5.20000310402496,96049999.95231628,Historical,World Bank API
2008,Gabon,GAB,6.49629211973152,128000000.0,Historical,World Bank API
2009,Gabon,GAB,5.55351081026072,7250000000.0,Historical,World Bank API
2010,Gabon,GAB,2.83030588267866,8283000000.0,Historical,World Bank API
2011,Gabon,GAB,4.68375688761311,123000000.0,Historical,World Bank API
2012,Gabon,GAB,3.92336076702013,4458000000.0,Historical,World Bank API
2013,Gabon,GAB,25.4632157314482,317000000.0,Historical,World Bank API
2014,Gabon,GAB,5.25107691750407,39500000.0,Historical,World Bank API
2015,Gabon,GAB,-3.20618323813213,223000000.0,Historical,World Bank API
2016,Gabon,GAB,3.04406102969423,9994000000.0,Historical,World Bank API
2017,Gabon,GAB,4.35296382988099,37000000.0,Historical,World Bank API
2018,Gabon,GAB,8.06073257166651,8915000000.0,Historical,World Bank API
2019,Gabon,GAB,2.89460973541192,1515000000.0,Historical,World Bank API
2020,Gabon,GAB,1.81945147788167,228549000000.0,Historical,World Bank API
2021,Gabon,GAB,2.74760256257211,2608000000.0,Historical,World Bank API
2022,Gabon,GAB,9.04013556120012,195000000.0,Historical,World Bank API
2023,Gabon,GAB,8.76873381743964,3418000000.0,Historical,World Bank API
2024,Gabon,GAB,-5.91852507634947,4455000000.0,Historical,World Bank API
2025,Gabon,GAB,5.43214206841004,29499000000.0,Historical,World Bank API
2000,"Gambia, The",GMB,1.61491865862433,829000000.0,Historical,World Bank API
2001,"Gambia, The",GMB,6.99692626758825,178500000.0,Historical,World Bank API
2002,"Gambia, The",GMB,-0.170857099335691,515599975.585938,Historical,World Bank API
2003,"Gambia, The",GMB,2.51027134544685,460000000.0,Historical,World Bank API
2004,"Gambia, The",GMB,11.9000000000277,130000000.0,Historical,World Bank API
2005,"Gambia, The",GMB,3.141907338187,187000000.0,Historical,World Bank API
2006,"Gambia, The",GMB,-1.75444679449394,27399999.6185303,Historical,World Bank API
2007,"Gambia, The",GMB,3.26372719532225,3099999.90463257,Historical,World Bank API
2008,"Gambia, The",GMB,-1.97271922580408,13186000000.0,Historical,World Bank API
2009,"Gambia, The",GMB,3.79999999900707,50000000.0,Historical,World Bank API
2010,"Gambia, The",GMB,0.907248245986736,14000000.0,Historical,World Bank API
2011,"Gambia, The",GMB,5.92489251113133,1966000000.0,Historical,World Bank API
2012,"Gambia, The",GMB,-3.76813306940053,7566000000.0,Historical,World Bank API
2013,"Gambia, The",GMB,6.35767909791932,153000000.0,Historical,World Bank API
2014,"Gambia, The",GMB,2.52360203340596,212750000.0,Historical,World Bank API
2015,"Gambia, The",GMB,3.66537430744967,238000000.0,Historical,World Bank API
2016,"Gambia, The",GMB,4.70239953285241,1935000000.0,Historical,World Bank API
2017,"Gambia, The",GMB,-1.40828262674047,25000000.0,Historical,World Bank API
2018,"Gambia, The",GMB,0.517686011311724,2060000000.0,Historical,World Bank API
2019,"Gambia, The",GMB,6.2458584723942,15569000000.0,Historical,World Bank API
2020,"Gambia, The",GMB,0.752447592962554,116000000.0,Historical,World Bank API
2021,"Gambia, The",GMB,-9.24509619165865,705000000.0,Historical,World Bank API
2022,"Gambia, The",GMB,2.48287498468387,3770000000.0,Historical,World Bank API
2023,"Gambia, The",GMB,1.11213719306735,2808000000.0,Historical,World Bank API
2024,"Gambia, The",GMB,7.11347821270093,214300003.051758,Historical,World Bank API
2025,"Gambia, The",GMB,3.90999994204108,58372000000.0,Historical,World Bank API
2000,Georgia,GEO,5.92897187460815,217000000.0,Historical,World Bank API
2001,Georgia,GEO,2.68749556320556,41765000000.0,Historical,World Bank API
2002,Georgia,GEO,7.93695013588524,5312000000.0,Historical,World Bank API
2003,Georgia,GEO,-1.54525198318304,955000000.0,Historical,World Bank API
2004,Georgia,GEO,2.16410250222083,4900000.09536743,Historical,World Bank API
2005,Georgia,GEO,8.75357880785845,972000000.0,Historical,World Bank API
2006,Georgia,GEO,-6.58747751118347,2930000000.0,Historical,World Bank API
2007,Georgia,GEO,-1.48063315848241,19049999.952316284,Historical,World Bank API
2008,Georgia,GEO,12.7104688902836,228000000.0,Historical,World Bank API
2009,Georgia,GEO,1.48436877605324,12334000000.0,Historical,World Bank API
2010,Georgia,GEO,0.889584117597607,759000000.0,Historical,World Bank API
2011,Georgia,GEO,5.81816614684824,253000000.0,Historical,World Bank API
2012,Georgia,GEO,2.13117914731151,10674000000.0,Historical,World Bank API
2013,Georgia,GEO,-1.59076260099606,190000000.0,Historical,World Bank API
2014,Georgia,GEO,4.90518213679276,386000000.0,Historical,World Bank API
2015,Georgia,GEO,2.68512290339085,4243000000.0,Historical,World Bank API
2016,Georgia,GEO,2.26054460931586,1080000000.0,Historical,World Bank API
2017,Georgia,GEO,4.20432325175899,3776000000.0,Historical,World Bank API
2018,Georgia,GEO,-4.81731593381585,524000000.0,Historical,World Bank API
2019,Georgia,GEO,0.401934896977224,8612000000.0,Historical,World Bank API
2020,Georgia,GEO,6.47368941781741,803000000.0,Historical,World Bank API
2021,Georgia,GEO,2.00000014675203,316000000.0,Historical,World Bank API
2022,Georgia,GEO,-1.29068462401796,4090000.15258789,Historical,World Bank API
2023,Georgia,GEO,3.37982617272246,875000000.0,Historical,World Bank API
2024,Georgia,GEO,2.51636590154891,243000000.0,Historical,World Bank API
2025,Georgia,GEO,1.13262696199476,53000000.0,Historical,World Bank API
2000,Germany,DEU,4.56314739524967,170000000.0,Historical,World Bank API
2001,Germany,DEU,-33.8170973434652,292000000.0,Historical,World Bank API
2002,Germany,DEU,2.92486148176778,1313000000.0,Historical,World Bank API
2003,Germany,DEU,5.90666607980057,969000000.0,Historical,World Bank API
2004,Germany,DEU,-3.90581157302972,1631000000.0,Historical,World Bank API
2005,Germany,DEU,2.2277040745779,1613000000.0,Historical,World Bank API
2006,Germany,DEU,-7.893101359867,755000000.0,Historical,World Bank API
2007,Germany,DEU,1.6734340852915,35000000.0,Historical,World Bank API
2008,Germany,DEU,5.04164187983342,22000000.0,Historical,World Bank API
2009,Germany,DEU,-0.446709636828217,6409000000.0,Historical,World Bank API
2010,Germany,DEU,2.35109801677905,120000000.0,Historical,World Bank API
2011,Germany,DEU,-0.847457627117805,1600000.0,Historical,World Bank API
2012,Germany,DEU,2.79014366862668,47700000.7629395,Historical,World Bank API
2013,Germany,DEU,3.61654219150596,3000000.0,Historical,World Bank API
2014,Germany,DEU,1.46229205289291,46134000000.0,Historical,World Bank API
2015,Germany,DEU,6.89695171050985,4963000000.0,Historical,World Bank API
2016,Germany,DEU,1.41936756294787,225000000.0,Historical,World Bank API
2017,Germany,DEU,6.80733529403308,57000000.0,Historical,World Bank API
2018,Germany,DEU,6.48412665187908,425000000.0,Historical,World Bank API
2019,Germany,DEU,8.92568704770216,1655000000.0,Historical,World Bank API
2020,Germany,DEU,3.80302899043062,1752000000.0,Historical,World Bank API
2021,Germany,DEU,9.14979893831817,970000000.0,Historical,World Bank API
2022,Germany,DEU,4.39391565821528,1276000000.0,Historical,World Bank API
2023,Germany,DEU,8.39999980983981,102400001.525879,Historical,World Bank API
2024,Germany,DEU,10.197072633926,153000000.0,Historical,World Bank API
2025,Germany,DEU,1.00738545790475,2259000000.0,Historical,World Bank API
2000,Ghana,GHA,2.21599800170485,123000000.0,Historical,World Bank API
2001,Ghana,GHA,-3.39758248938256,58000000.0,Historical,World Bank API
2002,Ghana,GHA,2.46996322836787,329000000.0,Historical,World Bank API
2003,Ghana,GHA,2.56479133680038,7361000000.0,Historical,World Bank API
2004,Ghana,GHA,2.3634031250553,1706000000.0,Historical,World Bank API
2005,Ghana,GHA,10.6364309604414,1077000000.0,Historical,World Bank API
2006,Ghana,GHA,1.89946701186636,37826000000.0,Historical,World Bank API
2007,Ghana,GHA,-0.198978337483553,23000000.0,Historical,World Bank API
2008,Ghana,GHA,5.16882515225814,69000000.0,Historical,World Bank API
2009,Ghana,GHA,0.5410179357776814,484000000.0,Historical,World Bank API
2010,Ghana,GHA,-6.54480412699255,32697000000.0,Historical,World Bank API
2011,Ghana,GHA,2.99373536567732,253000000.0,Historical,World Bank API
2012,Ghana,GHA,9.56643663767056,1593000000.0,Historical,World Bank API
2013,Ghana,GHA,11.6372888615758,85000000.0,Historical,World Bank API
2014,Ghana,GHA,3.34880478431623,23152000000.0,Historical,World Bank API
2015,Ghana,GHA,4.45185891688691,206100006.103516,Historical,World Bank API
2016,Ghana,GHA,3.37182032638998,1910000000.0,Historical,World Bank API
2017,Ghana,GHA,3.61711931922247,75099998.4741211,Historical,World Bank API
2018,Ghana,GHA,4.41059660584338,1185000000.0,Historical,World Bank API
2019,Ghana,GHA,5.72728087234704,101000000.0,Historical,World Bank API
2020,Ghana,GHA,5.75514851246506,120000000.0,Historical,World Bank API
2021,Ghana,GHA,0.687404590619494,28000000.0,Historical,World Bank API
2022,Ghana,GHA,2.87005108790095,2272000000.0,Historical,World Bank API
2023,Ghana,GHA,13.034034870022,1384200000.7629395,Historical,World Bank API
2024,Ghana,GHA,6.22389678509138,2723000000.0,Historical,World Bank API
2025,Ghana,GHA,1.9941808493012,4943000000.0,Historical,World Bank API
2000,Greece,GRC,19.2189153397893,4463000000.0,Historical,World Bank API
2001,Greece,GRC,21.3905283926492,89000000.0,Historical,World Bank API
2002,Greece,GRC,2.91591187985748,7979000000.0,Historical,World Bank API
2003,Greece,GRC,4.41123212909589,951000000.0,Historical,World Bank API
2004,Greece,GRC,4.11139335779471,910000000.0,Historical,World Bank API
2005,Greece,GRC,1.03795518162204,8848000000.0,Historical,World Bank API
2006,Greece,GRC,6.1661327018619,19248500000.0,Historical,World Bank API
2007,Greece,GRC,5.61471962254485,357000000.0,Historical,World Bank API
2008,Greece,GRC,4.00791259566937,245000000.0,Historical,World Bank API
2009,Greece,GRC,1.52874550838358,19994000000.0,Historical,World Bank API
2010,Greece,GRC,0.277927326527333,2854000000.0,Historical,World Bank API
2011,Greece,GRC,7.5288990440594,1775000000.0,Historical,World Bank API
2012,Greece,GRC,-8.20424555364315,1122000000.0,Historical,World Bank API
2013,Greece,GRC,3.07304549209093,7494000000.0,Historical,World Bank API
2014,Greece,GRC,28.2996823429147,170000000.0,Historical,World Bank API
2015,Greece,GRC,3.19999269219366,665000000.0,Historical,World Bank API
2016,Greece,GRC,2.51659221712706,2066000000.0,Historical,World Bank API
2017,Greece,GRC,-8.13044422315659,86000000.0,Historical,World Bank API
2018,Greece,GRC,2.37983580731722,279000000.0,Historical,World Bank API
2019,Greece,GRC,-0.697154504235129,1816000000.0,Historical,World Bank API
2020,Greece,GRC,-0.856864058424151,1399999.97615814,Historical,World Bank API
2021,Greece,GRC,4.35281087521344,5252000000.0,Historical,World Bank API
2022,Greece,GRC,4.4448143398844,912000000.0,Historical,World Bank API
2023,Greece,GRC,3.53817872056869,2666000000.0,Historical,World Bank API
2024,Greece,GRC,2.91107593407843,11348000000.0,Historical,World Bank API
2025,Greece,GRC,3.74568140158232,227000000.0,Historical,World Bank API
2000,Greenland,GRL,1.33409107961258,525000000.0,Historical,World Bank API
2001,Greenland,GRL,0.199999999825991,1037000000.0,Historical,World Bank API
2002,Greenland,GRL,-4.3459619989752,236000000.0,Historical,World Bank API
2003,Greenland,GRL,5.02928399378261,9133000000.0,Historical,World Bank API
2004,Greenland,GRL,5.64351551343631,114000000.0,Historical,World Bank API
2005,Greenland,GRL,7.52822581812151,5522000000.0,Historical,World Bank API
2006,Greenland,GRL,3.84007997093951,671000000.0,Historical,World Bank API
2007,Greenland,GRL,-6.36889840510109,321000000.0,Historical,World Bank API
2008,Greenland,GRL,6.05558075875589,518000000.0,Historical,World Bank API
2009,Greenland,GRL,6.73837393324293,3200000.0,Historical,World Bank API
2010,Greenland,GRL,3.00440451679569,13440000000.0,Historical,World Bank API
2011,Greenland,GRL,4.71984856978263,364000000.0,Historical,World Bank API
2012,Greenland,GRL,-0.487804878048777,22000000.0,Historical,World Bank API
2013,Greenland,GRL,8.67980010138049,48000000.0,Historical,World Bank API
2014,Greenland,GRL,3.03627540842406,105000000.0,Historical,World Bank API
2015,Greenland,GRL,6.79682611892866,750000000.0,Historical,World Bank API
2016,Greenland,GRL,-0.279708545423034,447000000.0,Historical,World Bank API
2017,Greenland,GRL,3.40687348346576,1235099975.58594,Historical,World Bank API
2018,Greenland,GRL,5.00723455159611,10926200195.3125,Historical,World Bank API
2019,Greenland,GRL,-5.45940838563062,20760000000.0,Historical,World Bank API
2020,Greenland,GRL,-3.60663231572742,98199999.98807907,Historical,World Bank API
2021,Greenland,GRL,9.30000000033759,638000000.0,Historical,World Bank API
2022,Greenland,GRL,0.741391420706506,17577000000.0,Historical,World Bank API
2023,Greenland,GRL,1.44130602603785,2666000000.0,Historical,World Bank API
2024,Greenland,GRL,4.95352204492849,7561000000.0,Historical,World Bank API
2025,Greenland,GRL,26.6368742306114,7431000000.0,Historical,World Bank API
2000,Grenada,GRD,2.74585244829055,92000000.0,Historical,World Bank API
2001,Grenada,GRD,2.914357359625,1071000000.0,Historical,World Bank API
2002,Grenada,GRD,4.68313727063017,10012000000.0,Historical,World Bank API
2003,Grenada,GRD,11.9914352402146,97000000.0,Historical,World Bank API
2004,Grenada,GRD,4.86062134121768,21000000.0,Historical,World Bank API
2005,Grenada,GRD,3.54117654926007,544000000.0,Historical,World Bank API
2006,Grenada,GRD,7.51113888415304,4160000000.0,Historical,World Bank API
2007,Grenada,GRD,-0.834054716746095,91000000.0,Historical,World Bank API
2008,Grenada,GRD,7.54724772895918,2300000000.0,Historical,World Bank API
2009,Grenada,GRD,1.77238085338473,8930000000.0,Historical,World Bank API
2010,Grenada,GRD,-0.0185649695590939,123000000.0,Historical,World Bank API
2011,Grenada,GRD,-1.2533490322766,39000000.0,Historical,World Bank API
2012,Grenada,GRD,11.0999991434346,68000000.0,Historical,World Bank API
2013,Grenada,GRD,0.689543058464849,74000000.0,Historical,World Bank API
2014,Grenada,GRD,-11.3369865758365,301500000.0,Historical,World Bank API
2015,Grenada,GRD,2.34988141500179,21358000000.0,Historical,World Bank API
2016,Grenada,GRD,-3.13323303076419,1792000000.0,Historical,World Bank API
2017,Grenada,GRD,-0.970676468918384,881000000.0,Historical,World Bank API
2018,Grenada,GRD,-2.19466567976842,546000000.0,Historical,World Bank API
2019,Grenada,GRD,0.113587249881704,149094000000.0,Historical,World Bank API
2020,Grenada,GRD,9.37199994240375,195000000.0,Historical,World Bank API
2021,Grenada,GRD,-3.66125859554762,880000000.0,Historical,World Bank API
2022,Grenada,GRD,1.89929891337832,71900000.0,Historical,World Bank API
2023,Grenada,GRD,-4.40883968258557,2756000000.0,Historical,World Bank API
2024,Grenada,GRD,-4.55329824103478,31523500000.0,Historical,World Bank API
2025,Grenada,GRD,4.17278327815399,50000000.0,Historical,World Bank API
2000,Guam,GUM,6.49999999997677,395000000.0,Historical,World Bank API
2001,Guam,GUM,0.208461073109362,224000000.0,Historical,World Bank API
2002,Guam,GUM,10.232155577776,7157000000.0,Historical,World Bank API
2003,Guam,GUM,-1.80427041681132,1352000000.0,Historical,World Bank API
2004,Guam,GUM,1.22511225158814,2109000000.0,Historical,World Bank API
2005,Guam,GUM,0.416171964862073,1757000000.0,Historical,World Bank API
2006,Guam,GUM,1.76276569060707,16700000.7629395,Historical,World Bank API
2007,Guam,GUM,4.45524704335014,9935000000.0,Historical,World Bank API
2008,Guam,GUM,-0.26338941637798996,421000000.0,Historical,World Bank API
2009,Guam,GUM,3.79611114629799,38170000000.0,Historical,World Bank API
2010,Guam,GUM,2.75888415332967,253000000.0,Historical,World Bank API
2011,Guam,GUM,1.39908503706683,1200000000.0,Historical,World Bank API
2012,Guam,GUM,7.98623836334291,23100000.3814697,Historical,World Bank API
2013,Guam,GUM,6.31981022896761,19031500000.0,Historical,World Bank API
2014,Guam,GUM,7.9838628784713,148699996.948242,Historical,World Bank API
2015,Guam,GUM,9.56461225648184,1910000000.0,Historical,World Bank API
2016,Guam,GUM,1.41221393287066,23000000.0,Historical,World Bank API
2017,Guam,GUM,2.88123523900146,924000000.0,Historical,World Bank API
2018,Guam,GUM,-0.0541942065330545,90000000.0,Historical,World Bank API
2019,Guam,GUM,8.47594339232963,139000000.0,Historical,World Bank API
2020,Guam,GUM,4.70459096113575,1289999.96185303,Historical,World Bank API
2021,Guam,GUM,4.78546013589983,152500000.0,Historical,World Bank API
2022,Guam,GUM,0.257179925006284,781200000.7629396,Historical,World Bank API
2023,Guam,GUM,3.78939280635238,2481000000.0,Historical,World Bank API
2024,Guam,GUM,2.60994737548631,5145000000.0,Historical,World Bank API
2025,Guam,GUM,-4.36142703162535,3303000000.0,Historical,World Bank API
2000,Guatemala,GTM,4.89999967133534,8358000000.0,Historical,World Bank API
2001,Guatemala,GTM,2.70582170611173,582000000.0,Historical,World Bank API
2002,Guatemala,GTM,5.89037894844316,416000000.0,Historical,World Bank API
2003,Guatemala,GTM,6.64213665495603,100000000.0,Historical,World Bank API
2004,Guatemala,GTM,13.8220984406966,2400000.0,Historical,World Bank API
2005,Guatemala,GTM,1.5983315366523,1959000000.0,Historical,World Bank API
2006,Guatemala,GTM,-1.57546689217141,3200000.04768372,Historical,World Bank API
2007,Guatemala,GTM,5.19996926404957,15821000000.0,Historical,World Bank API
2008,Guatemala,GTM,2.60000000061164,326000000.0,Historical,World Bank API
2009,Guatemala,GTM,-6.23654406734575,14000000.0,Historical,World Bank API
2010,Guatemala,GTM,9.03173723044451,3386000000.0,Historical,World Bank API
2011,Guatemala,GTM,3.91908880808811,5885500000.0,Historical,World Bank API
2012,Guatemala,GTM,5.98634932177609,206300003.051758,Historical,World Bank API
2013,Guatemala,GTM,0.0776548243059523,4846000000.0,Historical,World Bank API
2014,Guatemala,GTM,0.433113719381524,498000000.0,Historical,World Bank API
2015,Guatemala,GTM,-0.716740625909793,151000000.0,Historical,World Bank API
2016,Guatemala,GTM,11.6581346546737,23000000.0,Historical,World Bank API
2017,Guatemala,GTM,2.89912534481287,2094000000.0,Historical,World Bank API
2018,Guatemala,GTM,3.16892748258036,9875000000.0,Historical,World Bank API
2019,Guatemala,GTM,-27.9945462502541,116000000.0,Historical,World Bank API
2020,Guatemala,GTM,5.37983838954712,111000000.0,Historical,World Bank API
2021,Guatemala,GTM,9.91855844513513,36595000000.0,Historical,World Bank API
2022,Guatemala,GTM,3.28258371393918,1152000000.0,Historical,World Bank API
2023,Guatemala,GTM,6.01378975738535,82000000.0,Historical,World Bank API
2024,Guatemala,GTM,0.396995583779145,55486000000.0,Historical,World Bank API
2025,Guatemala,GTM,3.06564133025955,9520000000.0,Historical,World Bank API
2000,Guinea,GIN,4.96781089246107,16624000000.0,Historical,World Bank API
2001,Guinea,GIN,7.28665813879552,2258000000.0,Historical,World Bank API
2002,Guinea,GIN,13.7873730187089,3120000000.0,Historical,World Bank API
2003,Guinea,GIN,16.4671248604202,1841000000.0,Historical,World Bank API
2004,Guinea,GIN,3.6869441668769,469000000.0,Historical,World Bank API
2005,Guinea,GIN,4.85298762175586,2644000000.0,Historical,World Bank API
2006,Guinea,GIN,5.26967078056286,19100000.02384186,Historical,World Bank API
2007,Guinea,GIN,8.9140088750469,483000000.0,Historical,World Bank API
2008,Guinea,GIN,-0.133531904304775,26234000000.0,Historical,World Bank API
2009,Guinea,GIN,1.19046798275883,35958000000.0,Historical,World Bank API
2010,Guinea,GIN,6.59999995777716,79000000.0,Historical,World Bank API
2011,Guinea,GIN,-0.923113250067971,11732000000.0,Historical,World Bank API
2012,Guinea,GIN,-2.50788727590711,79000000.0,Historical,World Bank API
2013,Guinea,GIN,5.60613813768876,9618000000.0,Historical,World Bank API
2014,Guinea,GIN,16.6427546628408,1444000000.0,Historical,World Bank API
2015,Guinea,GIN,1.70902736258567,172000000.0,Historical,World Bank API
2016,Guinea,GIN,4.73817487754022,2811000000.0,Historical,World Bank API
2017,Guinea,GIN,1.14946552780648,619000000.0,Historical,World Bank API
2018,Guinea,GIN,0.258265466328027,5059000000.0,Historical,World Bank API
2019,Guinea,GIN,1.26330814020108,19000000.0,Historical,World Bank API
2020,Guinea,GIN,1.51472570667433,261000000.0,Historical,World Bank API
2021,Guinea,GIN,6.30760213290844,6400000.09536743,Historical,World Bank API
2022,Guinea,GIN,-2.82889954830628,296000000.0,Historical,World Bank API
2023,Guinea,GIN,4.8571871797142,810000000.0,Historical,World Bank API
2024,Guinea,GIN,2.89139814952995,18920000.0762939,Historical,World Bank API
2025,Guinea,GIN,1.28862004711685,10961000000.0,Historical,World Bank API
2000,Guinea-Bissau,GNB,1.07088049554032,292000000.0,Historical,World Bank API
2001,Guinea-Bissau,GNB,6.75671800166833,27755000000.0,Historical,World Bank API
2002,Guinea-Bissau,GNB,5.09999999973641,589000000.0,Historical,World Bank API
2003,Guinea-Bissau,GNB,5.70299165043771,400000000.0,Historical,World Bank API
2004,Guinea-Bissau,GNB,6.90706230713707,1850000000.0,Historical,World Bank API
2005,Guinea-Bissau,GNB,2.88770010188691,900000000.0,Historical,World Bank API
2006,Guinea-Bissau,GNB,4.00000000089172,35000000.0,Historical,World Bank API
2007,Guinea-Bissau,GNB,2.05813661692193,2716000000.0,Historical,World Bank API
2008,Guinea-Bissau,GNB,4.99356206143864,13340000000.0,Historical,World Bank API
2009,Guinea-Bissau,GNB,-3.99532824427482,94000000.0,Historical,World Bank API
2010,Guinea-Bissau,GNB,0.0,600000.0,Historical,World Bank API
2011,Guinea-Bissau,GNB,1.11374405685874,46400001.5258789,Historical,World Bank API
2012,Guinea-Bissau,GNB,4.86941655353661,964000000.0,Historical,World Bank API
2013,Guinea-Bissau,GNB,0.871968424377442,2661000000.0,Historical,World Bank API
2014,Guinea-Bissau,GNB,6.56922851180626,2390000000.0,Historical,World Bank API
2015,Guinea-Bissau,GNB,8.59349087893864,193000000.0,Historical,World Bank API
2016,Guinea-Bissau,GNB,7.30898563450799,30900000.0,Historical,World Bank API
2017,Guinea-Bissau,GNB,-1.15748291975636,661500000.0,Historical,World Bank API
2018,Guinea-Bissau,GNB,3.00000000000014,243000000.0,Historical,World Bank API
2019,Guinea-Bissau,GNB,6.98096175867695,1504000000.0,Historical,World Bank API
2020,Guinea-Bissau,GNB,-3.65075229596822,537000000.0,Historical,World Bank API
2021,Guinea-Bissau,GNB,6.31202378023193,138000000.0,Historical,World Bank API
2022,Guinea-Bissau,GNB,6.89999999999999,149600006.103516,Historical,World Bank API
2023,Guinea-Bissau,GNB,2.31770122223331,3700000.04768372,Historical,World Bank API
2024,Guinea-Bissau,GNB,2.39217271207868,1122000000.0,Historical,World Bank API
2025,Guinea-Bissau,GNB,0.228095913166968,60000000.0,Historical,World Bank API
2000,Guyana,GUY,1.56334277260515,395000000.0,Historical,World Bank API
2001,Guyana,GUY,-1.06173273220524,1152000000.0,Historical,World Bank API
2002,Guyana,GUY,6.67944461641103,5931000000.0,Historical,World Bank API
2003,Guyana,GUY,-3.14261075416574,986000000.0,Historical,World Bank API
2004,Guyana,GUY,3.61147995361162,1659000000.0,Historical,World Bank API
2005,Guyana,GUY,1.34973845741737,5944000000.0,Historical,World Bank API
2006,Guyana,GUY,1.42742769080466,11449000000.0,Historical,World Bank API
2007,Guyana,GUY,6.29999943314137,18000000.0,Historical,World Bank API
2008,Guyana,GUY,2.8217665315867473,446000000.0,Historical,World Bank API
2009,Guyana,GUY,3.10152391561608,42426000000.0,Historical,World Bank API
2010,Guyana,GUY,1.08177273813243,331000000.0,Historical,World Bank API
2011,Guyana,GUY,-28.7585842155085,687000000.0,Historical,World Bank API
2012,Guyana,GUY,4.58187006108889,25600000.3814697,Historical,World Bank API
2013,Guyana,GUY,5.03485413839893,1415500000.0,Historical,World Bank API
2014,Guyana,GUY,3.84907794660396,134899993.896484,Historical,World Bank API
2015,Guyana,GUY,0.346071889630295,1910000000.0,Historical,World Bank API
2016,Guyana,GUY,-1.22616966587796,865000000.0,Historical,World Bank API
2017,Guyana,GUY,-0.757203079411141,704000000.0,Historical,World Bank API
2018,Guyana,GUY,9.73282070298016,121000000.0,Historical,World Bank API
2019,Guyana,GUY,8.4892584842808,76000000.0,Historical,World Bank API
2020,Guyana,GUY,10.82062719659,16600000.3814697,Historical,World Bank API
2021,Guyana,GUY,6.4961364710876,130500000.0,Historical,World Bank API
2022,Guyana,GUY,5.04512369812289,13771000000.0,Historical,World Bank API
2023,Guyana,GUY,4.72324526861041,1309000000.0,Historical,World Bank API
2024,Guyana,GUY,7.22038637280139,3539000000.0,Historical,World Bank API
2025,Guyana,GUY,-0.306826666941774,3311000000.0,Historical,World Bank API
2000,Haiti,HTI,-1.34293072157739,1702000000.0,Historical,World Bank API
2001,Haiti,HTI,6.84383819379117,8133000000.0,Historical,World Bank API
2002,Haiti,HTI,1.57842705366555,507000000.0,Historical,World Bank API
2003,Haiti,HTI,7.03487260042048,535500000.0,Historical,World Bank API
2004,Haiti,HTI,-4.65839591328999,542000000.0,Historical,World Bank API
2005,Haiti,HTI,7.10159688181619,3245299987.7929688,Historical,World Bank API
2006,Haiti,HTI,2.52926265819022,362000000.0,Historical,World Bank API
2007,Haiti,HTI,5.85433399076879,105000000.0,Historical,World Bank API
2008,Haiti,HTI,0.649971001734855,19994000000.0,Historical,World Bank API
2009,Haiti,HTI,-8.83681697473475,25171500000.0,Historical,World Bank API
2010,Haiti,HTI,4.24996010464072,104000000.0,Historical,World Bank API
2011,Haiti,HTI,-0.396080883885759,1257000000.0,Historical,World Bank API
2012,Haiti,HTI,-4.97447905669058,5617000000.0,Historical,World Bank API
2013,Haiti,HTI,-17.9979615745681,170000000.0,Historical,World Bank API
2014,Haiti,HTI,3.4519759658687,20416000000.0,Historical,World Bank API
2015,Haiti,HTI,4.07140205008956,340000000.0,Historical,World Bank API
2016,Haiti,HTI,6.86999962173842,58000000.0,Historical,World Bank API
2017,Haiti,HTI,8.90036794067551,272000000.0,Historical,World Bank API
2018,Haiti,HTI,-26.3390170772532,1816000000.0,Historical,World Bank API
2019,Haiti,HTI,6.60456906812341,179000000.0,Historical,World Bank API
2020,Haiti,HTI,9.19075493028345,13413000000.0,Historical,World Bank API
2021,Haiti,HTI,-0.362028649856498,123000000.0,Historical,World Bank API
2022,Haiti,HTI,5.00416035564457,591000000.0,Historical,World Bank API
2023,Haiti,HTI,-1.33604672354973,8299000000.0,Historical,World Bank API
2024,Haiti,HTI,7.27006584373785,725000000.0,Historical,World Bank API
2025,Haiti,HTI,-3.80478901996312,5960000000.0,Historical,World Bank API
2000,Honduras,HND,3.95545720757542,905000000.0,Historical,World Bank API
2001,Honduras,HND,4.73421948956533,966000000.0,Historical,World Bank API
2002,Honduras,HND,4.00674057198549,2161000000.0,Historical,World Bank API
2003,Honduras,HND,5.32636472098717,85000000.0,Historical,World Bank API
2004,Honduras,HND,1.14082899877101,2673000000.0,Historical,World Bank API
2005,Honduras,HND,6.18832716678008,546599975.585938,Historical,World Bank API
2006,Honduras,HND,4.23006117493223,638000000.0,Historical,World Bank API
2007,Honduras,HND,3.13140551723596,954000000.0,Historical,World Bank API
2008,Honduras,HND,2.60301031927843,18500000.0,Historical,World Bank API
2009,Honduras,HND,4.72593560322356,7917000000.0,Historical,World Bank API
2010,Honduras,HND,9.3778991673686,67000000.0,Historical,World Bank API
2011,Honduras,HND,0.0,22000000.0,Historical,World Bank API
2012,Honduras,HND,8.67980010138049,48000000.0,Historical,World Bank API
2013,Honduras,HND,-32.9088287752921,1409000000.0,Historical,World Bank API
2014,Honduras,HND,3.45525405630191,16688500000.0,Historical,World Bank API
2015,Honduras,HND,1.67420611410508,500000000.0,Historical,World Bank API
2016,Honduras,HND,2.88417542800377,1053300048.82813,Historical,World Bank API
2017,Honduras,HND,2.12060523860846,17558000000.0,Historical,World Bank API
2018,Honduras,HND,1.55009304966742,2683000000.0,Historical,World Bank API
2019,Honduras,HND,4.19925854085865,25000000.0,Historical,World Bank API
2020,Honduras,HND,2.18611569439318,14343000000.0,Historical,World Bank API
2021,Honduras,HND,8.02812545191884,4463000000.0,Historical,World Bank API
2022,Honduras,HND,5.56925219263019,591000000.0,Historical,World Bank API
2023,Honduras,HND,3.93386176401576,7184000000.0,Historical,World Bank API
2024,Honduras,HND,-1.0974168968152,4454000000.0,Historical,World Bank API
2025,Honduras,HND,-7.95660610016238,8800000.19073486,Historical,World Bank API
2000,"Hong Kong SAR, China",HKG,-0.821837252962993,686000000.0,Historical,World Bank API
2001,"Hong Kong SAR, China",HKG,0.513941670628171,191000000.0,Historical,World Bank API
2002,"Hong Kong SAR, China",HKG,2.14854964610538,113000000.0,Historical,World Bank API
2003,"Hong Kong SAR, China",HKG,0.400000000000006,20300000.0,Historical,World Bank API
2004,"Hong Kong SAR, China",HKG,2.89902472122014,171000000.0,Historical,World Bank API
2005,"Hong Kong SAR, China",HKG,9.38579335130922,11101000000.0,Historical,World Bank API
2006,"Hong Kong SAR, China",HKG,4.48051456942582,4230000.01907349,Historical,World Bank API
2007,"Hong Kong SAR, China",HKG,5.29999999999984,546000000.0,Historical,World Bank API
2008,"Hong Kong SAR, China",HKG,3.300836832613,4069000000.0,Historical,World Bank API
2009,"Hong Kong SAR, China",HKG,7.14569112811476,158000000.0,Historical,World Bank API
2010,"Hong Kong SAR, China",HKG,10.578331663387,47000000.0,Historical,World Bank API
2011,"Hong Kong SAR, China",HKG,2.48422114080024,25413000000.0,Historical,World Bank API
2012,"Hong Kong SAR, China",HKG,2.77284077155413,782000000.0,Historical,World Bank API
2013,"Hong Kong SAR, China",HKG,2.18773369040099,881000000.0,Historical,World Bank API
2014,"Hong Kong SAR, China",HKG,4.0736284178369,12961000000.0,Historical,World Bank API
2015,"Hong Kong SAR, China",HKG,0.748815411928831,3975000000.0,Historical,World Bank API
2016,"Hong Kong SAR, China",HKG,3.48506703916689,881000000.0,Historical,World Bank API
2017,"Hong Kong SAR, China",HKG,3.24622860260932,2196000000.0,Historical,World Bank API
2018,"Hong Kong SAR, China",HKG,4.07758575682804,118316000000.0,Historical,World Bank API
2019,"Hong Kong SAR, China",HKG,2.81557859252327,104000000.0,Historical,World Bank API
2020,"Hong Kong SAR, China",HKG,5.95627429693504,405000000.0,Historical,World Bank API
2021,"Hong Kong SAR, China",HKG,2.82711920133374,622000000.0,Historical,World Bank API
2022,"Hong Kong SAR, China",HKG,3.1722219373937,992000000.0,Historical,World Bank API
2023,"Hong Kong SAR, China",HKG,7.61277447511073,2282000000.0,Historical,World Bank API
2024,"Hong Kong SAR, China",HKG,6.92826957568474,50000000.0,Historical,World Bank API
2025,"Hong Kong SAR, China",HKG,1.0,966400000.0953674,Historical,World Bank API
2000,Hungary,HUN,6.94782634051859,567000000.0,Historical,World Bank API
2001,Hungary,HUN,-0.342747883252144,105000000.0,Historical,World Bank API
2002,Hungary,HUN,5.93104997350342,39000000.0,Historical,World Bank API
2003,Hungary,HUN,6.81818181818181,2400000.0,Historical,World Bank API
2004,Hungary,HUN,1.35936086788746,5899000000.0,Historical,World Bank API
2005,Hungary,HUN,7.59048947333467,1762000000.0,Historical,World Bank API
2006,Hungary,HUN,10.0000668136515,4726000000.0,Historical,World Bank API
2007,Hungary,HUN,2.89999999905852,393000000.0,Historical,World Bank API
2008,Hungary,HUN,-8.92417588851806,14000000.0,Historical,World Bank API
2009,Hungary,HUN,5.09153242155011,19194000000.0,Historical,World Bank API
2010,Hungary,HUN,-10.7933646271143,12000000.0,Historical,World Bank API
2011,Hungary,HUN,3.50466435023895,12818500000.0,Historical,World Bank API
2012,Hungary,HUN,6.49378949662236,4010500000.0,Historical,World Bank API
2013,Hungary,HUN,6.10463914373472,353000000.0,Historical,World Bank API
2014,Hungary,HUN,3.36819291689019,856000000.0,Historical,World Bank API
2015,Hungary,HUN,3.09999999999999,15600000.3814697,Historical,World Bank API
2016,Hungary,HUN,0.692676948440536,20459000000.0,Historical,World Bank API
2017,Hungary,HUN,3.52337117234833,4733000000.0,Historical,World Bank API
2018,Hungary,HUN,3.33842795605096,1291000000.0,Historical,World Bank API
2019,Hungary,HUN,0.0045039972976042,82000000.0,Historical,World Bank API
2020,Hungary,HUN,4.91836780106811,834000000.0,Historical,World Bank API
2021,Hungary,HUN,1.18945509547778,64800003.0517578,Historical,World Bank API
2022,Hungary,HUN,5.29329471892532,59000000.0,Historical,World Bank API
2023,Hungary,HUN,0.885485292551564,40518000000.0,Historical,World Bank API
2024,Hungary,HUN,3.49955709403216,8176000000.0,Historical,World Bank API
2025,Hungary,HUN,6.16062877406682,1924000000.0,Historical,World Bank API
2000,Iceland,ISL,8.58643201808462,17318000000.0,Historical,World Bank API
2001,Iceland,ISL,8.22810710383277,867000000.0,Historical,World Bank API
2002,Iceland,ISL,6.32435373509259,5419000000.0,Historical,World Bank API
2003,Iceland,ISL,2.90023027256446,325000000.0,Historical,World Bank API
2004,Iceland,ISL,5.02690000000014,282000000.0,Historical,World Bank API
2005,Iceland,ISL,0.723836067167127,904000000.0,Historical,World Bank API
2006,Iceland,ISL,8.87606645570879,396000000.0,Historical,World Bank API
2007,Iceland,ISL,2.65445302592404,32889000000.0,Historical,World Bank API
2008,Iceland,ISL,2.08361485997399,67717000000.0,Historical,World Bank API
2009,Iceland,ISL,-2.90588999868474,27000000.0,Historical,World Bank API
2010,Iceland,ISL,4.63112136551369,4825000000.0,Historical,World Bank API
2011,Iceland,ISL,4.09841257308588,224000000.0,Historical,World Bank API
2012,Iceland,ISL,1.91670916599742,7239000000.0,Historical,World Bank API
2013,Iceland,ISL,3.38345864661653,677500000.0,Historical,World Bank API
2014,Iceland,ISL,-8.69342617885171,24615400390.625,Historical,World Bank API
2015,Iceland,ISL,3.86871808953644,1629000000.0,Historical,World Bank API
2016,Iceland,ISL,10.6090449840228,413000000.0,Historical,World Bank API
2017,Iceland,ISL,-5.47368421052632,2689500000.0,Historical,World Bank API
2018,Iceland,ISL,0.763177710914789,1171000000.0,Historical,World Bank API
2019,Iceland,ISL,-2.95183453409287,7300000.19073486,Historical,World Bank API
2020,Iceland,ISL,6.79990300224401,1185000000.0,Historical,World Bank API
2021,Iceland,ISL,4.89999967133534,5226400001.525879,Historical,World Bank API
2022,Iceland,ISL,4.56438426887904,326000000.0,Historical,World Bank API
2023,Iceland,ISL,-1.71286958446419,6800000.19073486,Historical,World Bank API
2024,Iceland,ISL,3.37873219470765,10594000000.0,Historical,World Bank API
2025,Iceland,ISL,6.19999993621698,986000000.0,Historical,World Bank API
2000,India,IND,7.26213696647943,2415000000.0,Historical,World Bank API
2001,India,IND,1.20000000053288,1833000000.0,Historical,World Bank API
2002,India,IND,-3.55750284254954,14318000000.0,Historical,World Bank API
2003,India,IND,7.46285871776054,398000000.0,Historical,World Bank API
2004,India,IND,2.68083009363194,656000000.0,Historical,World Bank API
2005,India,IND,8.3281098524038,46000000.0,Historical,World Bank API
2006,India,IND,1.41382645223793,10484000000.0,Historical,World Bank API
2007,India,IND,-4.7929839083518,7447000000.0,Historical,World Bank API
2008,India,IND,0.865961986998158,40652500000.0,Historical,World Bank API
2009,India,IND,0.28465686231101,600000.0,Historical,World Bank API
2010,India,IND,-2.46430779100223,15199999.8092651,Historical,World Bank API
2011,India,IND,1.2793305928175,500000000.0,Historical,World Bank API
2012,India,IND,4.00389862187025,8048000000.0,Historical,World Bank API
2013,India,IND,2.8090335533015,1002000000.0,Historical,World Bank API
2014,India,IND,-9.31108114182962,14000000.0,Historical,World Bank API
2015,India,IND,7.19298728463697,6800000.0,Historical,World Bank API
2016,India,IND,-1.15748291975636,322000000.0,Historical,World Bank API
2017,India,IND,-7.53521399882428,646000000.0,Historical,World Bank API
2018,India,IND,10.8779009410268,1007000000.0,Historical,World Bank API
2019,India,IND,4.80729867243699,136000000.0,Historical,World Bank API
2020,India,IND,8.56641802964204,660000000.0,Historical,World Bank API
2021,India,IND,6.14903605210036,10388000000.0,Historical,World Bank API
2022,India,IND,4.24490803087248,3700000.04768372,Historical,World Bank API
2023,India,IND,5.01928768046282,18405000000.0,Historical,World Bank API
2024,India,IND,3.04898287335465,765000000.0,Historical,World Bank API
2025,India,IND,4.23262738154364,48000000.0,Historical,World Bank API
2000,Indonesia,IDN,4.22606520388456,1487000000.0,Historical,World Bank API
2001,Indonesia,IDN,1.90853419029801,880000000.0,Historical,World Bank API
2002,Indonesia,IDN,6.77852279368084,77000000.0,Historical,World Bank API
2003,Indonesia,IDN,3.0895443848509,1213400024.41406,Historical,World Bank API
2004,Indonesia,IDN,-1.52284013040689,5418000000.0,Historical,World Bank API
2005,Indonesia,IDN,1.77249323845399,20619000000.0,Historical,World Bank API
2006,Indonesia,IDN,-1.8685204827207,1043000000.0,Historical,World Bank API
2007,Indonesia,IDN,-1.8987888036055267,401000000.0,Historical,World Bank API
2008,Indonesia,IDN,7.38818981322424,13588000000.0,Historical,World Bank API
2009,Indonesia,IDN,3.35875085773812,199000000.0,Historical,World Bank API
2010,Indonesia,IDN,-10.0788949840953,2264000000.0,Historical,World Bank API
2011,Indonesia,IDN,0.775427992354622,60500000.0,Historical,World Bank API
2012,Indonesia,IDN,2.00361101838986,11776000000.0,Historical,World Bank API
2013,Indonesia,IDN,5.21262892634149,70000000.0,Historical,World Bank API
2014,Indonesia,IDN,-5.30284654348291,1910000000.0,Historical,World Bank API
2015,Indonesia,IDN,3.32278988182702,2278000000.0,Historical,World Bank API
2016,Indonesia,IDN,4.99999911608818,231000000.0,Historical,World Bank API
2017,Indonesia,IDN,5.00871930957159,1076000000.0,Historical,World Bank API
2018,Indonesia,IDN,7.78656040877364,8000000.0,Historical,World Bank API
2019,Indonesia,IDN,4.13301615965833,2400000.09536743,Historical,World Bank API
2020,Indonesia,IDN,2.10010882688805,287000000.0,Historical,World Bank API
2021,Indonesia,IDN,-19.5502467595022,292000000.0,Historical,World Bank API
2022,Indonesia,IDN,9.93680136985076,1977850000.0238419,Historical,World Bank API
2023,Indonesia,IDN,4.24571192079179,935000000.0,Historical,World Bank API
2024,Indonesia,IDN,-1.98693871772703,3239000000.0,Historical,World Bank API
2025,Indonesia,IDN,19.6754077019323,135000000.0,Historical,World Bank API
2000,"Iran, Islamic Rep.",IRN,5.06636291600633,935000000.0,Historical,World Bank API
2001,"Iran, Islamic Rep.",IRN,9.78489212474175,119000000.0,Historical,World Bank API
2002,"Iran, Islamic Rep.",IRN,6.69435192576573,144050003.051758,Historical,World Bank API
2003,"Iran, Islamic Rep.",IRN,1.65112470228097,1230000000.0,Historical,World Bank API
2004,"Iran, Islamic Rep.",IRN,2.27718065334808,23003000000.0,Historical,World Bank API
2005,"Iran, Islamic Rep.",IRN,0.958446625126115,2501000000.0,Historical,World Bank API
2006,"Iran, Islamic Rep.",IRN,3.82662257675142,16000000.0,Historical,World Bank API
2007,"Iran, Islamic Rep.",IRN,0.995406301140747,18190000000.0,Historical,World Bank API
2008,"Iran, Islamic Rep.",IRN,7.30389108511717,6796585000.038147,Historical,World Bank API
2009,"Iran, Islamic Rep.",IRN,4.81007885552178,399000000.0,Historical,World Bank API
2010,"Iran, Islamic Rep.",IRN,2.55372852648131,3232000000.0,Historical,World Bank API
2011,"Iran, Islamic Rep.",IRN,0.95003224600012,4003000000.0,Historical,World Bank API
2012,"Iran, Islamic Rep.",IRN,6.50052541959279,244000000.0,Historical,World Bank API
2013,"Iran, Islamic Rep.",IRN,14.5197497108994,14178000000.0,Historical,World Bank API
2014,"Iran, Islamic Rep.",IRN,-3.06359842251706,2855000000.0,Historical,World Bank API
2015,"Iran, Islamic Rep.",IRN,1.46795731487489,28700000.7629395,Historical,World Bank API
2016,"Iran, Islamic Rep.",IRN,1.14606213709108,43000000.0,Historical,World Bank API
2017,"Iran, Islamic Rep.",IRN,6.21507783539282,2035000000.0,Historical,World Bank API
2018,"Iran, Islamic Rep.",IRN,8.44628157707625,105000000.0,Historical,World Bank API
2019,"Iran, Islamic Rep.",IRN,7.99625378571471,21472000000.0,Historical,World Bank API
2020,"Iran, Islamic Rep.",IRN,-3.37972052697999,669000000.0,Historical,World Bank API
2021,"Iran, Islamic Rep.",IRN,5.93215079993293,579000000.0,Historical,World Bank API
2022,"Iran, Islamic Rep.",IRN,5.80332825904055,3952000000.0,Historical,World Bank API
2023,"Iran, Islamic Rep.",IRN,7.59682880054878,190000000.0,Historical,World Bank API
2024,"Iran, Islamic Rep.",IRN,5.76157382270968,8400000000.0,Historical,World Bank API
2025,"Iran, Islamic Rep.",IRN,-2.61739646282038,5999000000.0,Historical,World Bank API
2000,Iraq,IRQ,4.49999955900331,383000000.0,Historical,World Bank API
2001,Iraq,IRQ,4.37720322344293,1585000000.0,Historical,World Bank API
2002,Iraq,IRQ,2.78509791763551,211100006.103516,Historical,World Bank API
2003,Iraq,IRQ,11.9162724376008,217000000.0,Historical,World Bank API
2004,Iraq,IRQ,9.61221881702615,263000000.0,Historical,World Bank API
2005,Iraq,IRQ,9.2505582291798,49000000.0,Historical,World Bank API
2006,Iraq,IRQ,6.80151734860395,683000000.0,Historical,World Bank API
2007,Iraq,IRQ,1.14747399397193,51599998.4741211,Historical,World Bank API
2008,Iraq,IRQ,3.26425930432951,5170000.07629395,Historical,World Bank API
2009,Iraq,IRQ,4.34437475491529,4961000000.0,Historical,World Bank API
2010,Iraq,IRQ,0.965517241379317,22000000.0,Historical,World Bank API
2011,Iraq,IRQ,-9.78303001782456,46000000.0,Historical,World Bank API
2012,Iraq,IRQ,6.97496226412528,2422000000.0,Historical,World Bank API
2013,Iraq,IRQ,2.89604207865007,12426000000.0,Historical,World Bank API
2014,Iraq,IRQ,6.3527773854442,240860000.610352,Historical,World Bank API
2015,Iraq,IRQ,3.83928708556792,647000000.0,Historical,World Bank API
2016,Iraq,IRQ,3.88530644801823,16495000000.0,Historical,World Bank API
2017,Iraq,IRQ,4.21667711535632,2931000000.0,Historical,World Bank API
2018,Iraq,IRQ,-1.61746922760291,25000000.0,Historical,World Bank API
2019,Iraq,IRQ,6.43930323656186,2060000000.0,Historical,World Bank API
2020,Iraq,IRQ,1.94367213427915,6264000000.0,Historical,World Bank API
2021,Iraq,IRQ,5.3508687909833,66000000.0,Historical,World Bank API
2022,Iraq,IRQ,1.00345293018719,4049000000.0,Historical,World Bank API
2023,Iraq,IRQ,2.62308679154881,6033000000.0,Historical,World Bank API
2024,Iraq,IRQ,3.50525332381912,3353100097.65625,Historical,World Bank API
2025,Iraq,IRQ,4.22325911250161,217899993.896484,Historical,World Bank API
2000,Ireland,IRL,3.61150847218585,28000000.0,Historical,World Bank API
2001,Ireland,IRL,2.63820737310658,164000000.0,Historical,World Bank API
2002,Ireland,IRL,2.58037874709827,15360000000.0,Historical,World Bank API
2003,Ireland,IRL,4.47702683369155,124000000.0,Historical,World Bank API
2004,Ireland,IRL,5.31011830898613,9260000000.0,Historical,World Bank API
2005,Ireland,IRL,1.10754362619616,5099999.90463257,Historical,World Bank API
2006,Ireland,IRL,-17.0403345996548,546000000.0,Historical,World Bank API
2007,Ireland,IRL,8.27372597293814,663000000.0,Historical,World Bank API
2008,Ireland,IRL,28.6159342546183,59000000.0,Historical,World Bank API
2009,Ireland,IRL,4.3534998069981,64000000.0,Historical,World Bank API
2010,Ireland,IRL,1.80898243043663,18471000000.0,Historical,World Bank API
2011,Ireland,IRL,1.80334081452726,758000000.0,Historical,World Bank API
2012,Ireland,IRL,-8.27597831976949,354000000.0,Historical,World Bank API
2013,Ireland,IRL,0.820071806703865,10674000000.0,Historical,World Bank API
2014,Ireland,IRL,6.51042578445376,2796000000.0,Historical,World Bank API
2015,Ireland,IRL,-8.32146414328021,881000000.0,Historical,World Bank API
2016,Ireland,IRL,2.04813200438943,7503000000.0,Historical,World Bank API
2017,Ireland,IRL,1.25629899760824,2111000000.0,Historical,World Bank API
2018,Ireland,IRL,4.32122429646145,1479000000.0,Historical,World Bank API
2019,Ireland,IRL,7.03029319731168,62000000.0,Historical,World Bank API
2020,Ireland,IRL,6.2287850696102,7700000.0,Historical,World Bank API
2021,Ireland,IRL,3.37314273947959,803000000.0,Historical,World Bank API
2022,Ireland,IRL,9.43348265981905,2138000000.0,Historical,World Bank API
2023,Ireland,IRL,2.15938183019058,20100000.3814697,Historical,World Bank API
2024,Ireland,IRL,1.0,2284050048.828125,Historical,World Bank API
2025,Ireland,IRL,5.41400299607282,658000000.0,Historical,World Bank API
2000,Isle of Man,IMN,8.8150866425182,4634000000.0,Historical,World Bank API
2001,Isle of Man,IMN,3.5878302292345,636000000.0,Historical,World Bank API
2002,Isle of Man,IMN,-4.34782608695652,1200000.0,Historical,World Bank API
2003,Isle of Man,IMN,1.13964864548062,3080000000.0,Historical,World Bank API
2004,Isle of Man,IMN,5.02011100232484,1745000000.0,Historical,World Bank API
2005,Isle of Man,IMN,5.39452228185675,3879000000.0,Historical,World Bank API
2006,Isle of Man,IMN,4.04592845095348,1243000000.0,Historical,World Bank API
2007,Isle of Man,IMN,13.9552503163825,14000000.0,Historical,World Bank API
2008,Isle of Man,IMN,6.29878592740947,17948000000.0,Historical,World Bank API
2009,Isle of Man,IMN,-46.0821223743007,22000000.0,Historical,World Bank API
2010,Isle of Man,IMN,-1.83323729057784,9477500000.0,Historical,World Bank API
2011,Isle of Man,IMN,7.31023806981959,548000000.0,Historical,World Bank API
2012,Isle of Man,IMN,4.79989214255407,191000000.0,Historical,World Bank API
2013,Isle of Man,IMN,6.20893787954175,593000000.0,Historical,World Bank API
2014,Isle of Man,IMN,4.19461533741989,15000000.0,Historical,World Bank API
2015,Isle of Man,IMN,1.23622108511661,42423000000.0,Historical,World Bank API
2016,Isle of Man,IMN,5.71473313185116,2769000000.0,Historical,World Bank API
2017,Isle of Man,IMN,6.1819155928913,1291000000.0,Historical,World Bank API
2018,Isle of Man,IMN,0.915286472779144,57000000.0,Historical,World Bank API
2019,Isle of Man,IMN,0.427199566550769,834000000.0,Historical,World Bank API
2020,Isle of Man,IMN,5.17687909722133,2480000000.0,Historical,World Bank API
2021,Isle of Man,IMN,2.05287774418655,3860000000.0,Historical,World Bank API
2022,Isle of Man,IMN,7.83220126555726,586000000.0,Historical,World Bank API
2023,Isle of Man,IMN,3.73019737485745,3157000000.0,Historical,World Bank API
2024,Isle of Man,IMN,6.76853520293716,1215000000.0,Historical,World Bank API
2025,Isle of Man,IMN,0.632136727385131,483000000.0,Historical,World Bank API
2000,Israel,ISR,2.88408339281683,1745000000.0,Historical,World Bank API
2001,Israel,ISR,8.27618322400723,1108000000.0,Historical,World Bank API
2002,Israel,ISR,1.25886720329326,242000000.0,Historical,World Bank API
2003,Israel,ISR,-1.06770769957464,644000000.0,Historical,World Bank API
2004,Israel,ISR,-7.00123862514116,2369000000.0,Historical,World Bank API
2005,Israel,ISR,3.94992622592932,1422000000.0,Historical,World Bank API
2006,Israel,ISR,3.15548121323168,19719000000.0,Historical,World Bank API
2007,Israel,ISR,2.00032476039051,56178000000.0,Historical,World Bank API
2008,Israel,ISR,-2.58581649978665,27000000.0,Historical,World Bank API
2009,Israel,ISR,1.16758977233877,64000000.0,Historical,World Bank API
2010,Israel,ISR,0.66469402391485,484000000.0,Historical,World Bank API
2011,Israel,ISR,3.93877761242727,4119000000.0,Historical,World Bank API
2012,Israel,ISR,-11.0697674418605,2165500000.0,Historical,World Bank API
2013,Israel,ISR,4.6832657020049,10924000000.0,Historical,World Bank API
2014,Israel,ISR,-2.30431780125842,42900001.5258789,Historical,World Bank API
2015,Israel,ISR,4.06762701436438,28354666666.666664,Historical,World Bank API
2016,Israel,ISR,0.310800310800303,1694000000.0,Historical,World Bank API
2017,Israel,ISR,5.90000000312092,52000000.0,Historical,World Bank API
2018,Israel,ISR,4.09048190124592,29100000.3814697,Historical,World Bank API
2019,Israel,ISR,12.9713424962459,1185000000.0,Historical,World Bank API
2020,Israel,ISR,10.4804941546807,367000000.0,Historical,World Bank API
2021,Israel,ISR,2.50781080899505,101000000.0,Historical,World Bank API
2022,Israel,ISR,1.17189152277038,2200000.04768372,Historical,World Bank API
2023,Israel,ISR,-0.0374661120713,5979000000.0,Historical,World Bank API
2024,Israel,ISR,10.2999999705459,1150000000.0,Historical,World Bank API
2025,Israel,ISR,-6.14347479224092,1034000000.0,Historical,World Bank API
2000,Italy,ITA,8.72514341727928,343000000.0,Historical,World Bank API
2001,Italy,ITA,4.73008513739958,7220000000.0,Historical,World Bank API
2002,Italy,ITA,1.18922812944517,50000000.0,Historical,World Bank API
2003,Italy,ITA,3.76028052279247,4874000000.0,Historical,World Bank API
2004,Italy,ITA,1.70000003078317,45000000.0,Historical,World Bank API
2005,Italy,ITA,5.60380645895889,9211000000.0,Historical,World Bank API
2006,Italy,ITA,0.215803612089744,13704000000.0,Historical,World Bank API
2007,Italy,ITA,0.0527281828800312,28183500000.0,Historical,World Bank API
2008,Italy,ITA,3.60382919248703,155000000.0,Historical,World Bank API
2009,Italy,ITA,3.75409745006452,13100000.3814697,Historical,World Bank API
2010,Italy,ITA,3.16262533840754,356000000.0,Historical,World Bank API
2011,Italy,ITA,5.53434033902194,5638000000.0,Historical,World Bank API
2012,Italy,ITA,3.25224477218451,4140000000.0,Historical,World Bank API
2013,Italy,ITA,2.90833549727343,1031000000.0,Historical,World Bank API
2014,Italy,ITA,3.47783593140312,9097000000.0,Historical,World Bank API
2015,Italy,ITA,3.03917210306501,14286333333.333332,Historical,World Bank API
2016,Italy,ITA,3.19999269219366,619000000.0,Historical,World Bank API
2017,Italy,ITA,2.07918386258883,1198000000.0,Historical,World Bank API
2018,Italy,ITA,6.22205315994859,157000000.0,Historical,World Bank API
2019,Italy,ITA,5.12204539122661,49000000.0,Historical,World Bank API
2020,Italy,ITA,10.9999990780572,6199999.80926514,Historical,World Bank API
2021,Italy,ITA,3.44449364663615,2299999.95231628,Historical,World Bank API
2022,Italy,ITA,6.16978420771008,9038000000.0,Historical,World Bank API
2023,Italy,ITA,6.57383828511043,790000000.0,Historical,World Bank API
2024,Italy,ITA,5.84427312558179,1085000000.0,Historical,World Bank API
2025,Italy,ITA,3.18502990449461,1840000000.0,Historical,World Bank API
2000,Jamaica,JAM,21.6223064381087,31118000000.0,Historical,World Bank API
2001,Jamaica,JAM,4.61362809749708,557000000.0,Historical,World Bank API
2002,Jamaica,JAM,5.90000000046228,303000000.0,Historical,World Bank API
2003,Jamaica,JAM,4.00537952277651,2977000000.0,Historical,World Bank API
2004,Jamaica,JAM,-6.29525055780502,12542000000.0,Historical,World Bank API
2005,Jamaica,JAM,1.95514463302422,773000000.0,Historical,World Bank API
2006,Jamaica,JAM,1.22077782271943,6127000000.0,Historical,World Bank API
2007,Jamaica,JAM,3.55397003296669,189000000.0,Historical,World Bank API
2008,Jamaica,JAM,1.49366547202928,55000000.0,Historical,World Bank API
2009,Jamaica,JAM,8.21584445165715,5320000000.0,Historical,World Bank API
2010,Jamaica,JAM,8.66859360531922,6900000.0,Historical,World Bank API
2011,Jamaica,JAM,3.433191763972,17173000000.0,Historical,World Bank API
2012,Jamaica,JAM,8.16120720872912,212000000.0,Historical,World Bank API
2013,Jamaica,JAM,8.11935772169949,1910000000.0,Historical,World Bank API
2014,Jamaica,JAM,9.76257131206653,1361000000.0,Historical,World Bank API
2015,Jamaica,JAM,2.93537897086446,218000000.0,Historical,World Bank API
2016,Jamaica,JAM,5.05362488994436,4591000000.0,Historical,World Bank API
2017,Jamaica,JAM,1.15384793371298,755000000.0,Historical,World Bank API
2018,Jamaica,JAM,2.50306056299607,7800000.19073486,Historical,World Bank API
2019,Jamaica,JAM,2.10010882688805,267000000.0,Historical,World Bank API
2020,Jamaica,JAM,8.54219848467686,26318000000.0,Historical,World Bank API
2021,Jamaica,JAM,2.42710178482311,100800001.50203714,Historical,World Bank API
2022,Jamaica,JAM,0.643391023533141,45276000000.0,Historical,World Bank API
2023,Jamaica,JAM,3.09997909018263,10522000000.0,Historical,World Bank API
2024,Jamaica,JAM,-8.89401285792752,76000000.0,Historical,World Bank API
2025,Jamaica,JAM,6.56492068224719,745000000.0,Historical,World Bank API
2000,Japan,JPN,4.77217365692621,6000000.0,Historical,World Bank API
2001,Japan,JPN,7.11031431133226,367750000.0,Historical,World Bank API
2002,Japan,JPN,9.99999473022963,401000000.0,Historical,World Bank API
2003,Japan,JPN,-9.87677875300243,16269000000.0,Historical,World Bank API
2004,Japan,JPN,5.86247291518572,2289000000.0,Historical,World Bank API
2005,Japan,JPN,31.7257429812373,78000000.0,Historical,World Bank API
2006,Japan,JPN,5.1385391803606,13035000000.0,Historical,World Bank API
2007,Japan,JPN,5.89999933576675,96049999.95231628,Historical,World Bank API
2008,Japan,JPN,-0.261137328115808,225000000.0,Historical,World Bank API
2009,Japan,JPN,6.42224312118567,7410000000.0,Historical,World Bank API
2010,Japan,JPN,3.56577658128261,7967000000.0,Historical,World Bank API
2011,Japan,JPN,4.02185464964835,123000000.0,Historical,World Bank API
2012,Japan,JPN,4.54825542643229,3842000000.0,Historical,World Bank API
2013,Japan,JPN,10.591437462476,382000000.0,Historical,World Bank API
2014,Japan,JPN,5.63869900338696,61200000.7629395,Historical,World Bank API
2015,Japan,JPN,5.69790121192926,228000000.0,Historical,World Bank API
2016,Japan,JPN,0.683328174376044,9994000000.0,Historical,World Bank API
2017,Japan,JPN,7.03353010694514,169000000.0,Historical,World Bank API
2018,Japan,JPN,7.6608150670107,11234000000.0,Historical,World Bank API
2019,Japan,JPN,8.86312225557018,1723000000.0,Historical,World Bank API
2020,Japan,JPN,2.45762229852507,233758000000.0,Historical,World Bank API
2021,Japan,JPN,7.06332910205232,199300003.051758,Historical,World Bank API
2022,Japan,JPN,9.04013556120012,195000000.0,Historical,World Bank API
2023,Japan,JPN,8.63100545880309,3418000000.0,Historical,World Bank API
2024,Japan,JPN,10.1253981561002,5605000000.0,Historical,World Bank API
2025,Japan,JPN,0.958001934486234,29558500000.0,Historical,World Bank API
2000,Jordan,JOR,3.79336515978963,4514000000.0,Historical,World Bank API
2001,Jordan,JOR,3.3229685982929,178500000.0,Historical,World Bank API
2002,Jordan,JOR,11.1029068737822,484200012.207031,Historical,World Bank API
2003,Jordan,JOR,1.66781095484656,620000000.0,Historical,World Bank API
2004,Jordan,JOR,1.66763406484279,130000000.0,Historical,World Bank API
2005,Jordan,JOR,5.18366112490236,187000000.0,Historical,World Bank API
2006,Jordan,JOR,0.803599788247752,30399999.6185303,Historical,World Bank API
2007,Jordan,JOR,5.80365974645258,3099999.90463257,Historical,World Bank API
2008,Jordan,JOR,0.193690071260534,12822000000.0,Historical,World Bank API
2009,Jordan,JOR,-1.34293072157739,1702000000.0,Historical,World Bank API
2010,Jordan,JOR,-3.14198590251638,36000000.0,Historical,World Bank API
2011,Jordan,JOR,-11.1773097061784,1966000000.0,Historical,World Bank API
2012,Jordan,JOR,0.0941223116369514,7258000000.0,Historical,World Bank API
2013,Jordan,JOR,1.77815106030278,148000000.0,Historical,World Bank API
2014,Jordan,JOR,-10.5188595714539,222100000.38146973,Historical,World Bank API
2015,Jordan,JOR,3.66537430744967,238000000.0,Historical,World Bank API
2016,Jordan,JOR,6.23579072222647,2432000000.0,Historical,World Bank API
2017,Jordan,JOR,9.24339326638321,21742000000.0,Historical,World Bank API
2018,Jordan,JOR,0.689822359762587,2060000000.0,Historical,World Bank API
2019,Jordan,JOR,4.58045817256199,15712000000.0,Historical,World Bank API
2020,Jordan,JOR,0.752447592962554,116000000.0,Historical,World Bank API
2021,Jordan,JOR,4.48650367045651,2730000000.0,Historical,World Bank API
2022,Jordan,JOR,6.0167154014547,3819000000.0,Historical,World Bank API
2023,Jordan,JOR,0.655438128379743,3048000000.0,Historical,World Bank API
2024,Jordan,JOR,6.59024999794057,348000000.0,Historical,World Bank API
2025,Jordan,JOR,1.8092581243061,58372000000.0,Historical,World Bank API
2000,Kazakhstan,KAZ,4.15294559846254,2315500000.0,Historical,World Bank API
2001,Kazakhstan,KAZ,0.984468863619426,38451000000.0,Historical,World Bank API
2002,Kazakhstan,KAZ,-3.55572193406549,1119000000.0,Historical,World Bank API
2003,Kazakhstan,KAZ,-1.54525198318304,955000000.0,Historical,World Bank API
2004,Kazakhstan,KAZ,2.72117574098235,7099999.90463257,Historical,World Bank API
2005,Kazakhstan,KAZ,5.27785412398785,1097000000.0,Historical,World Bank API
2006,Kazakhstan,KAZ,-1.77605867728616,2924000000.0,Historical,World Bank API
2007,Kazakhstan,KAZ,-1.41799383085205,2938049999.9523163,Historical,World Bank API
2008,Kazakhstan,KAZ,2.25925322283285,228000000.0,Historical,World Bank API
2009,Kazakhstan,KAZ,6.07054621673575,1068000000.0,Historical,World Bank API
2010,Kazakhstan,KAZ,1.70497563803002,759000000.0,Historical,World Bank API
2011,Kazakhstan,KAZ,-0.589733954762579,279000000.0,Historical,World Bank API
2012,Kazakhstan,KAZ,1.88282184966646,10674000000.0,Historical,World Bank API
2013,Kazakhstan,KAZ,-1.62833154515108,190000000.0,Historical,World Bank API
2014,Kazakhstan,KAZ,3.84093935130252,383000000.0,Historical,World Bank API
2015,Kazakhstan,KAZ,2.46147311635166,4289000000.0,Historical,World Bank API
2016,Kazakhstan,KAZ,0.851437739020326,1338500000.0,Historical,World Bank API
2017,Kazakhstan,KAZ,1.4513054307407,2249000000.0,Historical,World Bank API
2018,Kazakhstan,KAZ,1.67213054307859,524000000.0,Historical,World Bank API
2019,Kazakhstan,KAZ,0.448368261692949,9900000.0,Historical,World Bank API
2020,Kazakhstan,KAZ,12.7081474873625,803000000.0,Historical,World Bank API
2021,Kazakhstan,KAZ,8.8025531990487,1119000000.0,Historical,World Bank API
2022,Kazakhstan,KAZ,3.80898237635019,4300000.19073486,Historical,World Bank API
2023,Kazakhstan,KAZ,2.88677902171601,989000000.0,Historical,World Bank API
2024,Kazakhstan,KAZ,-1.12335595517212,243000000.0,Historical,World Bank API
2025,Kazakhstan,KAZ,-0.632225388266377,28000000.0,Historical,World Bank API
2000,Kenya,KEN,-2.55228103983089,117000000.0,Historical,World Bank API
2001,Kenya,KEN,29.6293781722414,292000000.0,Historical,World Bank API
2002,Kenya,KEN,1.67789830787579,1483000000.0,Historical,World Bank API
2003,Kenya,KEN,6.47249430015484,1181000000.0,Historical,World Bank API
2004,Kenya,KEN,4.49558909946313,2016000000.0,Historical,World Bank API
2005,Kenya,KEN,3.90893551362245,1821000000.0,Historical,World Bank API
2006,Kenya,KEN,11.9047617015957,755000000.0,Historical,World Bank API
2007,Kenya,KEN,8.85886816969386,5873000000.0,Historical,World Bank API
2008,Kenya,KEN,5.04164187983342,22000000.0,Historical,World Bank API
2009,Kenya,KEN,2.34985873172397,752000000.0,Historical,World Bank API
2010,Kenya,KEN,7.34212396037948,388000000.0,Historical,World Bank API
2011,Kenya,KEN,8.5470085470084,1600000.0,Historical,World Bank API
2012,Kenya,KEN,2.79014366862668,47700000.7629395,Historical,World Bank API
2013,Kenya,KEN,-5.39748521855877,4000000.0,Historical,World Bank API
2014,Kenya,KEN,-1.02313851177097,46134000000.0,Historical,World Bank API
2015,Kenya,KEN,6.75053130142255,5599000000.0,Historical,World Bank API
2016,Kenya,KEN,1.22707737782703,245000000.0,Historical,World Bank API
2017,Kenya,KEN,-0.687954245877947,1729000000.0,Historical,World Bank API
2018,Kenya,KEN,6.71983945103626,556000000.0,Historical,World Bank API
2019,Kenya,KEN,10.8186295074904,2352000000.0,Historical,World Bank API
2020,Kenya,KEN,5.29262224906203,1875000000.0,Historical,World Bank API
2021,Kenya,KEN,3.45021517996871,2315000000.0,Historical,World Bank API
2022,Kenya,KEN,-14.9926187023533,180000000.0,Historical,World Bank API
2023,Kenya,KEN,8.39999980983981,102400001.525879,Historical,World Bank API
2024,Kenya,KEN,6.91245795720201,177000000.0,Historical,World Bank API
2025,Kenya,KEN,5.79793830169604,2631000000.0,Historical,World Bank API
2000,Kiribati,KIR,-4.1808743093346,2921000000.0,Historical,World Bank API
2001,Kiribati,KIR,-5.19831875936035,72000000.0,Historical,World Bank API
2002,Kiribati,KIR,2.18804308019168,383000000.0,Historical,World Bank API
2003,Kiribati,KIR,3.8278734986016,7032000000.0,Historical,World Bank API
2004,Kiribati,KIR,4.64935035491007,1941000000.0,Historical,World Bank API
2005,Kiribati,KIR,7.70679839650956,1077000000.0,Historical,World Bank API
2006,Kiribati,KIR,1.06775027069419,41113000000.0,Historical,World Bank API
2007,Kiribati,KIR,-1.72367428324624,25000000.0,Historical,World Bank API
2008,Kiribati,KIR,5.84936767173009,69000000.0,Historical,World Bank API
2009,Kiribati,KIR,-20.8052758990735,169000000.0,Historical,World Bank API
2010,Kiribati,KIR,6.45444409087024,32697000000.0,Historical,World Bank API
2011,Kiribati,KIR,0.343170899107761,1004300000.0,Historical,World Bank API
2012,Kiribati,KIR,4.85514119553341,3218000000.0,Historical,World Bank API
2013,Kiribati,KIR,9.93126543095578,39000000.0,Historical,World Bank API
2014,Kiribati,KIR,5.91623128345211,23152000000.0,Historical,World Bank API
2015,Kiribati,KIR,-3.10864485863991,23059999.4659424,Historical,World Bank API
2016,Kiribati,KIR,3.05462423430785,34000000.0,Historical,World Bank API
2017,Kiribati,KIR,3.15873872329266,1112000000.0,Historical,World Bank API
2018,Kiribati,KIR,-1.39524973471087,1185000000.0,Historical,World Bank API
2019,Kiribati,KIR,7.57696602328922,343000000.0,Historical,World Bank API
2020,Kiribati,KIR,-10.2183974208569,84000000.0,Historical,World Bank API
2021,Kiribati,KIR,5.54172668627702,1289999.96185303,Historical,World Bank API
2022,Kiribati,KIR,3.41099312247906,2340000000.0,Historical,World Bank API
2023,Kiribati,KIR,10.9733083254017,1291700000.7629395,Historical,World Bank API
2024,Kiribati,KIR,6.15534001855494,3158000000.0,Historical,World Bank API
2025,Kiribati,KIR,2.47359815449045,5549000000.0,Historical,World Bank API
2000,"Korea, Rep.",KOR,4.31085146618369,175000000.0,Historical,World Bank API
2001,"Korea, Rep.",KOR,14.3624414710737,147000000.0,Historical,World Bank API
2002,"Korea, Rep.",KOR,4.37201907790141,6897000000.0,Historical,World Bank API
2003,"Korea, Rep.",KOR,-7.13767162064489,202000000.0,Historical,World Bank API
2004,"Korea, Rep.",KOR,4.11139335779471,1067500000.0,Historical,World Bank API
2005,"Korea, Rep.",KOR,3.57120671942319,10089000000.0,Historical,World Bank API
2006,"Korea, Rep.",KOR,0.865952328886948,20849000000.0,Historical,World Bank API
2007,"Korea, Rep.",KOR,6.09251915977956,552000000.0,Historical,World Bank API
2008,"Korea, Rep.",KOR,4.79518333086139,269000000.0,Historical,World Bank API
2009,"Korea, Rep.",KOR,8.31263887091522,19006000000.0,Historical,World Bank API
2010,"Korea, Rep.",KOR,-0.134072634658438,2426000000.0,Historical,World Bank API
2011,"Korea, Rep.",KOR,8.5183877690955,2007000000.0,Historical,World Bank API
2012,"Korea, Rep.",KOR,-14.8125,1210000000.0,Historical,World Bank API
2013,"Korea, Rep.",KOR,3.05647723922718,8508000000.0,Historical,World Bank API
2014,"Korea, Rep.",KOR,-8.29981811198795,170000000.0,Historical,World Bank API
2015,"Korea, Rep.",KOR,3.19999269219366,665000000.0,Historical,World Bank API
2016,"Korea, Rep.",KOR,1.44609991235758,2198000000.0,Historical,World Bank API
2017,"Korea, Rep.",KOR,5.59999999077445,495000000.0,Historical,World Bank API
2018,"Korea, Rep.",KOR,1.48978448679577,379000000.0,Historical,World Bank API
2019,"Korea, Rep.",KOR,1.85421590064124,1816000000.0,Historical,World Bank API
2020,"Korea, Rep.",KOR,2.05580710835243,899999.976158142,Historical,World Bank API
2021,"Korea, Rep.",KOR,5.03087394501685,5226000000.0,Historical,World Bank API
2022,"Korea, Rep.",KOR,2.1204410433083,986000000.0,Historical,World Bank API
2023,"Korea, Rep.",KOR,4.63753862902416,2481000000.0,Historical,World Bank API
2024,"Korea, Rep.",KOR,3.10152683894853,11974000000.0,Historical,World Bank API
2025,"Korea, Rep.",KOR,4.13019264436937,227000000.0,Historical,World Bank API
2000,Kosovo,XKX,0.250573949689084,235000000.0,Historical,World Bank API
2001,Kosovo,XKX,1.76875060288195,126000000.0,Historical,World Bank API
2002,Kosovo,XKX,2.35775693603874,54000000.0,Historical,World Bank API
2003,Kosovo,XKX,5.66037735849056,2400000.0,Historical,World Bank API
2004,Kosovo,XKX,10.8011981904878,1959000000.0,Historical,World Bank API
2005,Kosovo,XKX,6.74266531257052,2700000.04768372,Historical,World Bank API
2006,Kosovo,XKX,6.39996544799469,7805000000.0,Historical,World Bank API
2007,Kosovo,XKX,4.80000000093564,324000000.0,Historical,World Bank API
2008,Kosovo,XKX,-9.11004114881537,14000000.0,Historical,World Bank API
2009,Kosovo,XKX,4.41318742129586,22200000000.0,Historical,World Bank API
2010,Kosovo,XKX,-10.7933646271143,12000000.0,Historical,World Bank API
2011,Kosovo,XKX,4.42968455385082,120900001.525879,Historical,World Bank API
2012,Kosovo,XKX,2.03458799593082,3487500000.0,Historical,World Bank API
2013,Kosovo,XKX,3.52515317129149,460000000.0,Historical,World Bank API
2014,Kosovo,XKX,-0.945449700943314,541000000.0,Historical,World Bank API
2015,Kosovo,XKX,1.49999999847535,15600000.3814697,Historical,World Bank API
2016,Kosovo,XKX,3.66631759041991,1621000000.0,Historical,World Bank API
2017,Kosovo,XKX,6.7604478527626,11729000000.0,Historical,World Bank API
2018,Kosovo,XKX,2.39299021364694,1005000000.0,Historical,World Bank API
2019,Kosovo,XKX,2.964010610466,111000000.0,Historical,World Bank API
2020,Kosovo,XKX,2.53752574011534,834000000.0,Historical,World Bank API
2021,Kosovo,XKX,5.55494348257992,71000000.0,Historical,World Bank API
2022,Kosovo,XKX,6.53594493875502,82000000.0,Historical,World Bank API
2023,Kosovo,XKX,4.13463778522758,49116000000.0,Historical,World Bank API
2024,Kosovo,XKX,4.34458297635238,7765000000.0,Historical,World Bank API
2025,Kosovo,XKX,1.99196460647855,2624500000.0,Historical,World Bank API
2000,Kuwait,KWT,6.22590636247851,31200000.7629395,Historical,World Bank API
2001,Kuwait,KWT,7.50000000164144,1224000000.0,Historical,World Bank API
2002,Kuwait,KWT,17.7451269773594,236000000.0,Historical,World Bank API
2003,Kuwait,KWT,-0.450845253215945,9190000000.0,Historical,World Bank API
2004,Kuwait,KWT,6.5314117467792,194000000.0,Historical,World Bank API
2005,Kuwait,KWT,3.97442307944702,6370000000.0,Historical,World Bank API
2006,Kuwait,KWT,3.89297219726413,585000000.0,Historical,World Bank API
2007,Kuwait,KWT,1.10925253938163,321000000.0,Historical,World Bank API
2008,Kuwait,KWT,6.05558075875589,518000000.0,Historical,World Bank API
2009,Kuwait,KWT,4.11682804164681,2535000000.0,Historical,World Bank API
2010,Kuwait,KWT,0.81986175641795,13262000000.0,Historical,World Bank API
2011,Kuwait,KWT,6.16716615166932,376000000.0,Historical,World Bank API
2012,Kuwait,KWT,14.0000000015501,90000000.0,Historical,World Bank API
2013,Kuwait,KWT,8.67980010138049,48000000.0,Historical,World Bank API
2014,Kuwait,KWT,9.79712256129343,136000000.0,Historical,World Bank API
2015,Kuwait,KWT,5.95008814473897,803000000.0,Historical,World Bank API
2016,Kuwait,KWT,-3.70106759364258,407000000.0,Historical,World Bank API
2017,Kuwait,KWT,5.19625156051602,28000000.0,Historical,World Bank API
2018,Kuwait,KWT,-0.598096167209832,10926200195.3125,Historical,World Bank API
2019,Kuwait,KWT,6.43550883793114,20760000000.0,Historical,World Bank API
2020,Kuwait,KWT,-3.60663231572742,107449999.98807907,Historical,World Bank API
2021,Kuwait,KWT,0.0238095237995424,12533000000.0,Historical,World Bank API
2022,Kuwait,KWT,1.58979803702681,16007000000.0,Historical,World Bank API
2023,Kuwait,KWT,-2.78505506545167,2481000000.0,Historical,World Bank API
2024,Kuwait,KWT,1.09180164720277,451000000.0,Historical,World Bank API
2025,Kuwait,KWT,8.07794929953978,7181000000.0,Historical,World Bank API
2000,Kyrgyz Republic,KGZ,1.0,1327850000.3814697,Historical,World Bank API
2001,Kyrgyz Republic,KGZ,2.4822621396186,1071000000.0,Historical,World Bank API
2002,Kyrgyz Republic,KGZ,5.79682274294369,10852000000.0,Historical,World Bank API
2003,Kyrgyz Republic,KGZ,10.2553053929808,80000000.0,Historical,World Bank API
2004,Kyrgyz Republic,KGZ,3.10436980963603,29000000.0,Historical,World Bank API
2005,Kyrgyz Republic,KGZ,3.95551423892049,633000000.0,Historical,World Bank API
2006,Kyrgyz Republic,KGZ,-2.53637409313261,4160000000.0,Historical,World Bank API
2007,Kyrgyz Republic,KGZ,-0.0214043949985694,76000000.0,Historical,World Bank API
2008,Kyrgyz Republic,KGZ,6.97795481056711,2850000000.0,Historical,World Bank API
2009,Kyrgyz Republic,KGZ,0.119692109287612,1557000000.0,Historical,World Bank API
2010,Kyrgyz Republic,KGZ,-1.5549586174878,123000000.0,Historical,World Bank API
2011,Kyrgyz Republic,KGZ,5.8968527047094,39000000.0,Historical,World Bank API
2012,Kyrgyz Republic,KGZ,-2.21771085628247,1041000000.0,Historical,World Bank API
2013,Kyrgyz Republic,KGZ,2.67620333310926,13000000.0,Historical,World Bank API
2014,Kyrgyz Republic,KGZ,2.06521962654098,424000000.0,Historical,World Bank API
2015,Kyrgyz Republic,KGZ,1.64462750849488,20140000000.0,Historical,World Bank API
2016,Kyrgyz Republic,KGZ,7.82817232822165,1792000000.0,Historical,World Bank API
2017,Kyrgyz Republic,KGZ,-3.74796015711334,5252000000.0,Historical,World Bank API
2018,Kyrgyz Republic,KGZ,1.99251510973346,601000000.0,Historical,World Bank API
2019,Kyrgyz Republic,KGZ,-2.57650022958367,137111000000.0,Historical,World Bank API
2020,Kyrgyz Republic,KGZ,7.19494942728191,214000000.0,Historical,World Bank API
2021,Kyrgyz Republic,KGZ,3.75791013557165,518000000.0,Historical,World Bank API
2022,Kyrgyz Republic,KGZ,0.168698492216564,71900000.0,Historical,World Bank API
2023,Kyrgyz Republic,KGZ,-10.8944848285903,1716000000.0,Historical,World Bank API
2024,Kyrgyz Republic,KGZ,-4.55329824103478,29586000000.0,Historical,World Bank API
2025,Kyrgyz Republic,KGZ,4.47001319170479,50000000.0,Historical,World Bank API
2000,Lao PDR,LAO,4.56600576430955,2624500000.0,Historical,World Bank API
2001,Lao PDR,LAO,4.55664565323181,563000000.0,Historical,World Bank API
2002,Lao PDR,LAO,-5.65151153448299,383000000.0,Historical,World Bank API
2003,Lao PDR,LAO,4.39264883207291,80000000.0,Historical,World Bank API
2004,Lao PDR,LAO,-4.27493206901397,2400000.0,Historical,World Bank API
2005,Lao PDR,LAO,1.5983315366523,1959000000.0,Historical,World Bank API
2006,Lao PDR,LAO,-0.608967597152244,3200000.04768372,Historical,World Bank API
2007,Lao PDR,LAO,-7.79999391271275,12369000000.0,Historical,World Bank API
2008,Lao PDR,LAO,4.09999999866501,316000000.0,Historical,World Bank API
2009,Lao PDR,LAO,3.86099981669155,999000000.0,Historical,World Bank API
2010,Lao PDR,LAO,3.5370638041057,3386000000.0,Historical,World Bank API
2011,Lao PDR,LAO,2.75545611564098,4904000000.0,Historical,World Bank API
2012,Lao PDR,LAO,3.24409895306594,984000000.0,Historical,World Bank API
2013,Lao PDR,LAO,2.13385063045585,5119000000.0,Historical,World Bank API
2014,Lao PDR,LAO,8.97727935643466,712000000.0,Historical,World Bank API
2015,Lao PDR,LAO,0.86126082651883,151000000.0,Historical,World Bank API
2016,Lao PDR,LAO,8.49120981920397,25000000.0,Historical,World Bank API
2017,Lao PDR,LAO,2.48889409603647,1745000000.0,Historical,World Bank API
2018,Lao PDR,LAO,5.25546256612796,11471000000.0,Historical,World Bank API
2019,Lao PDR,LAO,-9.37512379736752,116000000.0,Historical,World Bank API
2020,Lao PDR,LAO,10.3968076616121,111000000.0,Historical,World Bank API
2021,Lao PDR,LAO,2.77263124530285,834000000.0,Historical,World Bank API
2022,Lao PDR,LAO,3.19503117236037,1427000000.0,Historical,World Bank API
2023,Lao PDR,LAO,5.04512479919337,77000000.0,Historical,World Bank API
2024,Lao PDR,LAO,2.18018602168017,58721000000.0,Historical,World Bank API
2025,Lao PDR,LAO,2.89097476137077,9949000000.0,Historical,World Bank API
2000,Latvia,LVA,8.27189312486149,292000000.0,Historical,World Bank API
2001,Latvia,LVA,7.65025657870362,2663000000.0,Historical,World Bank API
2002,Latvia,LVA,-1.81975035118309,2959000000.0,Historical,World Bank API
2003,Latvia,LVA,11.0385475261766,1841000000.0,Historical,World Bank API
2004,Latvia,LVA,3.39423610779077,677000000.0,Historical,World Bank API
2005,Latvia,LVA,4.71378358593959,2692007568.35938,Historical,World Bank API
2006,Latvia,LVA,4.61641394528752,29100000.023841858,Historical,World Bank API
2007,Latvia,LVA,12.1175272453913,505000000.0,Historical,World Bank API
2008,Latvia,LVA,2.00694844335034,26234000000.0,Historical,World Bank API
2009,Latvia,LVA,5.200000133101,441000000.0,Historical,World Bank API
2010,Latvia,LVA,7.39999973358189,112000000.0,Historical,World Bank API
2011,Latvia,LVA,-4.25561384207619,9769000000.0,Historical,World Bank API
2012,Latvia,LVA,7.24388538990945,169000000.0,Historical,World Bank API
2013,Latvia,LVA,5.07718495088933,10225000000.0,Historical,World Bank API
2014,Latvia,LVA,16.6427546628408,1787500000.0,Historical,World Bank API
2015,Latvia,LVA,3.21851612669614,280000000.0,Historical,World Bank API
2016,Latvia,LVA,-0.873455942787785,2216000000.0,Historical,World Bank API
2017,Latvia,LVA,12.825017846905,622000000.0,Historical,World Bank API
2018,Latvia,LVA,1.49390531817373,5857000000.0,Historical,World Bank API
2019,Latvia,LVA,4.42390664406875,19000000.0,Historical,World Bank API
2020,Latvia,LVA,-2.16135972256865,336000000.0,Historical,World Bank API
2021,Latvia,LVA,0.175953079178882,3579999.92370605,Historical,World Bank API
2022,Latvia,LVA,0.330018546071486,309000000.0,Historical,World Bank API
2023,Latvia,LVA,4.26392086382097,827000000.0,Historical,World Bank API
2024,Latvia,LVA,5.05055831244401,18920000.0762939,Historical,World Bank API
2025,Latvia,LVA,4.10159025073438,5008500000.0,Historical,World Bank API
2000,Lebanon,LBN,7.5971679610016,57000000.0,Historical,World Bank API
2001,Lebanon,LBN,6.06850235053705,27755000000.0,Historical,World Bank API
2002,Lebanon,LBN,4.99999999996936,589000000.0,Historical,World Bank API
2003,Lebanon,LBN,2.34114732919521,523000000.0,Historical,World Bank API
2004,Lebanon,LBN,2.69075152362146,2013000000.0,Historical,World Bank API
2005,Lebanon,LBN,2.18295232499635,1054000000.0,Historical,World Bank API
2006,Lebanon,LBN,4.35356471619211,55000000.0,Historical,World Bank API
2007,Lebanon,LBN,0.80610455095804,2716000000.0,Historical,World Bank API
2008,Lebanon,LBN,5.39907320663811,13304000000.0,Historical,World Bank API
2009,Lebanon,LBN,4.13844160137342,28000000.0,Historical,World Bank API
2010,Lebanon,LBN,14.7058823529412,1000000.0,Historical,World Bank API
2011,Lebanon,LBN,6.59870436118344,52700000.7629395,Historical,World Bank API
2012,Lebanon,LBN,11.458238455067,27755000000.0,Historical,World Bank API
2013,Lebanon,LBN,3.88209885062652,28712000000.0,Historical,World Bank API
2014,Lebanon,LBN,4.94250511877678,2863000000.0,Historical,World Bank API
2015,Lebanon,LBN,5.77736205629419,409000000.0,Historical,World Bank API
2016,Lebanon,LBN,7.1234323372872,33500000.0,Historical,World Bank API
2017,Lebanon,LBN,10.7816711590297,43755000000.0,Historical,World Bank API
2018,Lebanon,LBN,3.00000000000014,243000000.0,Historical,World Bank API
2019,Lebanon,LBN,6.76899737789502,1603000000.0,Historical,World Bank API
2020,Lebanon,LBN,6.24640865303363,737000000.0,Historical,World Bank API
2021,Lebanon,LBN,3.38612548540247,929000000.0,Historical,World Bank API
2022,Lebanon,LBN,7.10000041864309,171600006.103516,Historical,World Bank API
2023,Lebanon,LBN,3.254768974261,3700000.04768372,Historical,World Bank API
2024,Lebanon,LBN,8.07882927975243,1607000000.0,Historical,World Bank API
2025,Lebanon,LBN,1.32259368182741,68000000.0,Historical,World Bank API
2000,Lesotho,LSO,4.73441117758482,158000000.0,Historical,World Bank API
2001,Lesotho,LSO,-0.695753704098053,227000000.0,Historical,World Bank API
2002,Lesotho,LSO,2.68577931016345,5969000000.0,Historical,World Bank API
2003,Lesotho,LSO,1.61097281449412,950000000.0,Historical,World Bank API
2004,Lesotho,LSO,1.23433537363427,1757000000.0,Historical,World Bank API
2005,Lesotho,LSO,-2.49103605535707,1757000000.0,Historical,World Bank API
2006,Lesotho,LSO,1.42742769080466,11449000000.0,Historical,World Bank API
2007,Lesotho,LSO,8.50000018479413,52000000.0,Historical,World Bank API
2008,Lesotho,LSO,3.2188120657733297,374000000.0,Historical,World Bank API
2009,Lesotho,LSO,3.02685468694025,4531000000.0,Historical,World Bank API
2010,Lesotho,LSO,2.88059670964267,387000000.0,Historical,World Bank API
2011,Lesotho,LSO,5.53473354963334,687000000.0,Historical,World Bank API
2012,Lesotho,LSO,3.01490028898772,2614000000.0,Historical,World Bank API
2013,Lesotho,LSO,5.03485413839893,14441000000.0,Historical,World Bank API
2014,Lesotho,LSO,-3.73213020890266,148199996.948242,Historical,World Bank API
2015,Lesotho,LSO,1.58876549046354,1910000000.0,Historical,World Bank API
2016,Lesotho,LSO,-2.74421914571231,865000000.0,Historical,World Bank API
2017,Lesotho,LSO,-0.360657384151068,6400000.09536743,Historical,World Bank API
2018,Lesotho,LSO,3.15038119968223,132000000.0,Historical,World Bank API
2019,Lesotho,LSO,5.16482012683895,93000000.0,Historical,World Bank API
2020,Lesotho,LSO,10.3000053427355,16600000.3814697,Historical,World Bank API
2021,Lesotho,LSO,-2.40000000000001,248000000.0,Historical,World Bank API
2022,Lesotho,LSO,3.3276230893799,13771000000.0,Historical,World Bank API
2023,Lesotho,LSO,6.67425416822923,1571000000.0,Historical,World Bank API
2024,Lesotho,LSO,5.02371007272669,3472000000.0,Historical,World Bank API
2025,Lesotho,LSO,-1.19036347346942,3439000000.0,Historical,World Bank API
2000,Liberia,LBR,28.6000011706788,57000000.0,Historical,World Bank API
2001,Liberia,LBR,7.08782742681038,10327000000.0,Historical,World Bank API
2002,Liberia,LBR,3.01114811621208,596000000.0,Historical,World Bank API
2003,Liberia,LBR,14.7357956045282,517500000.0,Historical,World Bank API
2004,Liberia,LBR,4.12654007153881,542000000.0,Historical,World Bank API
2005,Liberia,LBR,1.26903507902787,1188399993.8964844,Historical,World Bank API
2006,Liberia,LBR,7.07317531845825,474000000.0,Historical,World Bank API
2007,Liberia,LBR,5.82325622135289,209000000.0,Historical,World Bank API
2008,Liberia,LBR,1.03855092490855,19994000000.0,Historical,World Bank API
2009,Liberia,LBR,2.48889409603647,1745000000.0,Historical,World Bank API
2010,Liberia,LBR,4.24996010464072,104000000.0,Historical,World Bank API
2011,Liberia,LBR,3.28589367936377,1356000000.0,Historical,World Bank API
2012,Liberia,LBR,0.1654044646003,2288000000.0,Historical,World Bank API
2013,Liberia,LBR,-23.0428058282215,170000000.0,Historical,World Bank API
2014,Liberia,LBR,1.30804118153127,20416000000.0,Historical,World Bank API
2015,Liberia,LBR,4.07140205008956,340000000.0,Historical,World Bank API
2016,Liberia,LBR,7.05000000064635,51000000.0,Historical,World Bank API
2017,Liberia,LBR,12.8516820207736,65000000.0,Historical,World Bank API
2018,Liberia,LBR,-26.3000876615061,1816000000.0,Historical,World Bank API
2019,Liberia,LBR,5.88920497068135,173000000.0,Historical,World Bank API
2020,Liberia,LBR,6.49476552383821,13413000000.0,Historical,World Bank API
2021,Liberia,LBR,3.65135017083765,533000000.0,Historical,World Bank API
2022,Liberia,LBR,7.4601321302473,699000000.0,Historical,World Bank API
2023,Liberia,LBR,-0.110906722446629,9598000000.0,Historical,World Bank API
2024,Liberia,LBR,7.02283625501138,717000000.0,Historical,World Bank API
2025,Liberia,LBR,6.51959698325419,5960000000.0,Historical,World Bank API
2000,Libya,LBY,-14.1000000006998,570000000.0,Historical,World Bank API
2001,Libya,LBY,5.60351440618301,1091000000.0,Historical,World Bank API
2002,Libya,LBY,2.89128499346516,2024000000.0,Historical,World Bank API
2003,Libya,LBY,4.06183490050209,85000000.0,Historical,World Bank API
2004,Libya,LBY,5.75996463685998,3389000000.0,Historical,World Bank API
2005,Libya,LBY,4.23160011009342,619799987.792969,Historical,World Bank API
2006,Libya,LBY,6.67133539306167,616000000.0,Historical,World Bank API
2007,Libya,LBY,6.30392378262997,1522000000.0,Historical,World Bank API
2008,Libya,LBY,2.99521564038136,18500000.0,Historical,World Bank API
2009,Libya,LBY,11.6153178557457,446000000.0,Historical,World Bank API
2010,Libya,LBY,9.22707576798881,148000000.0,Historical,World Bank API
2011,Libya,LBY,-4.33482810164425,22000000.0,Historical,World Bank API
2012,Libya,LBY,-1.69999841605511,291000000.0,Historical,World Bank API
2013,Libya,LBY,37.507870124321,1409000000.0,Historical,World Bank API
2014,Libya,LBY,6.00003315828934,388000000.0,Historical,World Bank API
2015,Libya,LBY,5.5438663804406,500000000.0,Historical,World Bank API
2016,Libya,LBY,4.16390688293349,1077400024.41406,Historical,World Bank API
2017,Libya,LBY,3.43571693608081,110500000.0,Historical,World Bank API
2018,Libya,LBY,-8.97512622934723,1007000000.0,Historical,World Bank API
2019,Libya,LBY,-3.60663231572742,144000000.0,Historical,World Bank API
2020,Libya,LBY,1.80390087215821,15554000000.0,Historical,World Bank API
2021,Libya,LBY,0.319247344434558,14081000000.0,Historical,World Bank API
2022,Libya,LBY,7.59738104901994,699000000.0,Historical,World Bank API
2023,Libya,LBY,7.09751640210159,7561000000.0,Historical,World Bank API
2024,Libya,LBY,0.0994399943552651,4454000000.0,Historical,World Bank API
2025,Libya,LBY,-2.79998288464981,800000.011920929,Historical,World Bank API
2000,Liechtenstein,LIE,1.49650622520576,1071000000.0,Historical,World Bank API
2001,Liechtenstein,LIE,5.07646643533542,191000000.0,Historical,World Bank API
2002,Liechtenstein,LIE,13.7459305561226,195000000.0,Historical,World Bank API
2003,Liechtenstein,LIE,2.9845905125044,20300000.0,Historical,World Bank API
2004,Liechtenstein,LIE,3.37921128506045,423000000.0,Historical,World Bank API
2005,Liechtenstein,LIE,24.6239856364006,11476000000.0,Historical,World Bank API
2006,Liechtenstein,LIE,-3.16743204434815,4230000.01907349,Historical,World Bank API
2007,Liechtenstein,LIE,5.29999999999984,546000000.0,Historical,World Bank API
2008,Liechtenstein,LIE,4.73633969683438,4931000000.0,Historical,World Bank API
2009,Liechtenstein,LIE,9.21747479596735,36593000000.0,Historical,World Bank API
2010,Liechtenstein,LIE,14.6633238075229,66000000.0,Historical,World Bank API
2011,Liechtenstein,LIE,1.75497619649288,25924000000.0,Historical,World Bank API
2012,Liechtenstein,LIE,4.34681910440079,990000000.0,Historical,World Bank API
2013,Liechtenstein,LIE,1.02649757327522,924000000.0,Historical,World Bank API
2014,Liechtenstein,LIE,3.91637577227581,14934000000.0,Historical,World Bank API
2015,Liechtenstein,LIE,-0.542751388861134,4410000000.0,Historical,World Bank API
2016,Liechtenstein,LIE,4.66077032612084,881000000.0,Historical,World Bank API
2017,Liechtenstein,LIE,7.92010724472276,156000000.0,Historical,World Bank API
2018,Liechtenstein,LIE,0.955538348341605,105454000000.0,Historical,World Bank API
2019,Liechtenstein,LIE,1.10142976793477,115000000.0,Historical,World Bank API
2020,Liechtenstein,LIE,-0.0881501998439376,486000000.0,Historical,World Bank API
2021,Liechtenstein,LIE,1.5397042826735,62500000.0,Historical,World Bank API
2022,Liechtenstein,LIE,-18.8687765208148,416000000.0,Historical,World Bank API
2023,Liechtenstein,LIE,7.61277447511073,2282000000.0,Historical,World Bank API
2024,Liechtenstein,LIE,4.73275787510946,50000000.0,Historical,World Bank API
2025,Liechtenstein,LIE,1.0,1074900000.0059605,Historical,World Bank API
2000,Lithuania,LTU,1.99439414850893,438000000.0,Historical,World Bank API
2001,Lithuania,LTU,1.05182013450109,108000000.0,Historical,World Bank API
2002,Lithuania,LTU,3.14272408386731,44000000.0,Historical,World Bank API
2003,Lithuania,LTU,-2.12765957446808,2700000.0,Historical,World Bank API
2004,Lithuania,LTU,2.56432428277704,6655000000.0,Historical,World Bank API
2005,Lithuania,LTU,4.85998104287999,1762000000.0,Historical,World Bank API
2006,Lithuania,LTU,5.10005122572568,4726000000.0,Historical,World Bank API
2007,Lithuania,LTU,3.10000000128674,334000000.0,Historical,World Bank API
2008,Lithuania,LTU,6.52392362989873,14000000.0,Historical,World Bank API
2009,Lithuania,LTU,3.14100489306969,13699999.8092651,Historical,World Bank API
2010,Lithuania,LTU,-10.7933646271143,12000000.0,Historical,World Bank API
2011,Lithuania,LTU,5.85771420543269,77400001.5258789,Historical,World Bank API
2012,Lithuania,LTU,1.68649445019584,28000000.0,Historical,World Bank API
2013,Lithuania,LTU,4.5330787246486,439000000.0,Historical,World Bank API
2014,Lithuania,LTU,3.67086851032413,875000000.0,Historical,World Bank API
2015,Lithuania,LTU,0.899999996857062,15600000.3814697,Historical,World Bank API
2016,Lithuania,LTU,0.692676948440536,20459000000.0,Historical,World Bank API
2017,Lithuania,LTU,2.95709565499587,2921000000.0,Historical,World Bank API
2018,Lithuania,LTU,3.64756947012633,1291000000.0,Historical,World Bank API
2019,Lithuania,LTU,2.33521742067693,216000000.0,Historical,World Bank API
2020,Lithuania,LTU,4.67735183530451,834000000.0,Historical,World Bank API
2021,Lithuania,LTU,0.544591632137454,1303000000.0,Historical,World Bank API
2022,Lithuania,LTU,5.07728777526728,59000000.0,Historical,World Bank API
2023,Lithuania,LTU,3.86668241523209,45560000000.0,Historical,World Bank API
2024,Lithuania,LTU,5.52464523319847,9101000000.0,Historical,World Bank API
2025,Lithuania,LTU,6.86711619644551,2149000000.0,Historical,World Bank API
2000,Luxembourg,LUX,9.45769481103929,673000000.0,Historical,World Bank API
2001,Luxembourg,LUX,3.37929909442771,1432000000.0,Historical,World Bank API
2002,Luxembourg,LUX,4.62581384604574,5749000000.0,Historical,World Bank API
2003,Luxembourg,LUX,3.24118765540442,295000000.0,Historical,World Bank API
2004,Luxembourg,LUX,5.02690000000014,282000000.0,Historical,World Bank API
2005,Luxembourg,LUX,4.55977716384528,903500000.0,Historical,World Bank API
2006,Luxembourg,LUX,-2.72594626154864,408000000.0,Historical,World Bank API
2007,Luxembourg,LUX,2.60118978187332,35736000000.0,Historical,World Bank API
2008,Luxembourg,LUX,1.64590872395887,72518000000.0,Historical,World Bank API
2009,Luxembourg,LUX,0.766234955773442,65000000.0,Historical,World Bank API
2010,Luxembourg,LUX,1.36080642694121,5200000000.0,Historical,World Bank API
2011,Luxembourg,LUX,-3.76362326254647,233000000.0,Historical,World Bank API
2012,Luxembourg,LUX,4.13089685034471,5252000000.0,Historical,World Bank API
2013,Luxembourg,LUX,29.2121212121212,720500000.0,Historical,World Bank API
2014,Luxembourg,LUX,4.55278571242283,24615400390.625,Historical,World Bank API
2015,Luxembourg,LUX,3.49116989434005,1480000000.0,Historical,World Bank API
2016,Luxembourg,LUX,7.51477300024021,508000000.0,Historical,World Bank API
2017,Luxembourg,LUX,5.59395094456143,269000000.0,Historical,World Bank API
2018,Luxembourg,LUX,-1.70053036291208,628000000.0,Historical,World Bank API
2019,Luxembourg,LUX,4.23621913615419,7300000.19073486,Historical,World Bank API
2020,Luxembourg,LUX,2.45443006851272,3000000.0,Historical,World Bank API
2021,Luxembourg,LUX,4.26461148738223,282000000.0,Historical,World Bank API
2022,Luxembourg,LUX,6.14849787462195,302000000.0,Historical,World Bank API
2023,Luxembourg,LUX,3.25607190852087,6800000.19073486,Historical,World Bank API
2024,Luxembourg,LUX,3.47058203866328,10961000000.0,Historical,World Bank API
2025,Luxembourg,LUX,6.30015758549871,1103000000.0,Historical,World Bank API
2000,"Macao SAR, China",MAC,9.4613358870736,27755000000.0,Historical,World Bank API
2001,"Macao SAR, China",MAC,1.09999999910173,2038000000.0,Historical,World Bank API
2002,"Macao SAR, China",MAC,1.62693587314129,14318000000.0,Historical,World Bank API
2003,"Macao SAR, China",MAC,8.8637306604876,451000000.0,Historical,World Bank API
2004,"Macao SAR, China",MAC,4.3369986028604,686000000.0,Historical,World Bank API
2005,"Macao SAR, China",MAC,6.87406585416142,45000000.0,Historical,World Bank API
2006,"Macao SAR, China",MAC,1.32186223678229,9140000000.0,Historical,World Bank API
2007,"Macao SAR, China",MAC,6.25445686466593,7447000000.0,Historical,World Bank API
2008,"Macao SAR, China",MAC,0.865961986998158,44029500000.0,Historical,World Bank API
2009,"Macao SAR, China",MAC,5.0763520180987,98000000.0,Historical,World Bank API
2010,"Macao SAR, China",MAC,4.86284132376997,18000000.0,Historical,World Bank API
2011,"Macao SAR, China",MAC,2.65452932151371,565000000.0,Historical,World Bank API
2012,"Macao SAR, China",MAC,9.79999999960842,680000000.0,Historical,World Bank API
2013,"Macao SAR, China",MAC,-0.403242151494268,1002000000.0,Historical,World Bank API
2014,"Macao SAR, China",MAC,-12.4883821798129,14000000.0,Historical,World Bank API
2015,"Macao SAR, China",MAC,7.19298728463697,7800000.0,Historical,World Bank API
2016,"Macao SAR, China",MAC,-1.15748291975636,369500000.0,Historical,World Bank API
2017,"Macao SAR, China",MAC,9.70817235491481,50799999.2370605,Historical,World Bank API
2018,"Macao SAR, China",MAC,3.04824180553773,1007000000.0,Historical,World Bank API
2019,"Macao SAR, China",MAC,5.47402488700408,144000000.0,Historical,World Bank API
2020,"Macao SAR, China",MAC,7.13755016459636,660000000.0,Historical,World Bank API
2021,"Macao SAR, China",MAC,6.49999908585235,141500000.0,Historical,World Bank API
2022,"Macao SAR, China",MAC,-0.404525595204191,3700000.04768372,Historical,World Bank API
2023,"Macao SAR, China",MAC,-2.06551182934165,3533000000.0,Historical,World Bank API
2024,"Macao SAR, China",MAC,3.04898287335465,765000000.0,Historical,World Bank API
2025,"Macao SAR, China",MAC,7.44900060559664,57000000.0,Historical,World Bank API
2000,Madagascar,MDG,2.24794852913217,2783000000.0,Historical,World Bank API
2001,Madagascar,MDG,-0.941606068823631,880000000.0,Historical,World Bank API
2002,Madagascar,MDG,6.54104600309256,77000000.0,Historical,World Bank API
2003,Madagascar,MDG,1.83575517191368,1352000000.0,Historical,World Bank API
2004,Madagascar,MDG,-0.979741024949618,5774000000.0,Historical,World Bank API
2005,Madagascar,MDG,1.87172853327193,22467000000.0,Historical,World Bank API
2006,Madagascar,MDG,-0.957816591119183,1043000000.0,Historical,World Bank API
2007,Madagascar,MDG,1.6696853245816303,345000000.0,Historical,World Bank API
2008,Madagascar,MDG,7.03267723716037,15541000000.0,Historical,World Bank API
2009,Madagascar,MDG,5.16816298235885,131000000.0,Historical,World Bank API
2010,Madagascar,MDG,-9.7729872128676,1662000000.0,Historical,World Bank API
2011,Madagascar,MDG,6.42961005647355,60500000.0,Historical,World Bank API
2012,Madagascar,MDG,-16.0400195313042,880000000.0,Historical,World Bank API
2013,Madagascar,MDG,3.0872602379675,70000000.0,Historical,World Bank API
2014,Madagascar,MDG,-1.97495799965345,1910000000.0,Historical,World Bank API
2015,Madagascar,MDG,1.83815262882932,1893000000.0,Historical,World Bank API
2016,Madagascar,MDG,-1.16910834828603,231000000.0,Historical,World Bank API
2017,Madagascar,MDG,-8.00000324038295,1337649999.6185303,Historical,World Bank API
2018,Madagascar,MDG,5.15725736177561,13000000.0,Historical,World Bank API
2019,Madagascar,MDG,-1.12264204848687,4900000.09536743,Historical,World Bank API
2020,Madagascar,MDG,2.10010882688805,287000000.0,Historical,World Bank API
2021,Madagascar,MDG,7.82585730002594,31993000000.0,Historical,World Bank API
2022,Madagascar,MDG,5.34196140375869,3258350000.023842,Historical,World Bank API
2023,Madagascar,MDG,5.26995757513571,884000000.0,Historical,World Bank API
2024,Madagascar,MDG,-1.40941405684823,3369000000.0,Historical,World Bank API
2025,Madagascar,MDG,14.1939156801139,164000000.0,Historical,World Bank API
2000,Malawi,MWI,-2.00125476341026,705000000.0,Historical,World Bank API
2001,Malawi,MWI,5.25700362208742,239000000.0,Historical,World Bank API
2002,Malawi,MWI,6.69435192557317,149150001.525879,Historical,World Bank API
2003,Malawi,MWI,-3.82957056812593,1013000000.0,Historical,World Bank API
2004,Malawi,MWI,-9.19623149726978,6193000000.0,Historical,World Bank API
2005,Malawi,MWI,-0.97204641363362,2501000000.0,Historical,World Bank API
2006,Malawi,MWI,6.72017142336034,26000000.0,Historical,World Bank API
2007,Malawi,MWI,-2.91508621550267,15580000000.0,Historical,World Bank API
2008,Malawi,MWI,4.14186158753493,7773085000.038147,Historical,World Bank API
2009,Malawi,MWI,0.385222719529239,2921000000.0,Historical,World Bank API
2010,Malawi,MWI,8.53750046755788,3232000000.0,Historical,World Bank API
2011,Malawi,MWI,0.456530018779986,4791000000.0,Historical,World Bank API
2012,Malawi,MWI,-0.701510212552961,31155000000.0,Historical,World Bank API
2013,Malawi,MWI,6.21493416858989,17929000000.0,Historical,World Bank API
2014,Malawi,MWI,0.153614661745507,3214000000.0,Historical,World Bank API
2015,Malawi,MWI,3.03761449530657,28700000.7629395,Historical,World Bank API
2016,Malawi,MWI,2.95271054338117,49000000.0,Historical,World Bank API
2017,Malawi,MWI,5.5263138305945,2624500000.0,Historical,World Bank API
2018,Malawi,MWI,6.62256261306693,116000000.0,Historical,World Bank API
2019,Malawi,MWI,8.25630550179086,23111000000.0,Historical,World Bank API
2020,Malawi,MWI,2.5821749892893,669000000.0,Historical,World Bank API
2021,Malawi,MWI,2.79300127716779,84205000000.0,Historical,World Bank API
2022,Malawi,MWI,5.56837282817526,6513000000.0,Historical,World Bank API
2023,Malawi,MWI,7.82490276337012,280000000.0,Historical,World Bank API
2024,Malawi,MWI,2.94563789152025,8690000000.0,Historical,World Bank API
2025,Malawi,MWI,-2.00086100285785,5654000000.0,Historical,World Bank API
2000,Malaysia,MYS,1.85248387199492,684000000.0,Historical,World Bank API
2001,Malaysia,MYS,4.07753806610333,1808000000.0,Historical,World Bank API
2002,Malaysia,MYS,4.1496810046981,221300003.051758,Historical,World Bank API
2003,Malaysia,MYS,5.48601706446772,217000000.0,Historical,World Bank API
2004,Malaysia,MYS,2.72319327321379,260000000.0,Historical,World Bank API
2005,Malaysia,MYS,6.43851652538348,139000000.0,Historical,World Bank API
2006,Malaysia,MYS,5.63761163749757,802000000.0,Historical,World Bank API
2007,Malaysia,MYS,3.32039987961315,50500000.0,Historical,World Bank API
2008,Malaysia,MYS,-1.46805538131593,5170000.07629395,Historical,World Bank API
2009,Malaysia,MYS,0.0686965747419066,210000000.0,Historical,World Bank API
2010,Malaysia,MYS,0.409836065573771,22000000.0,Historical,World Bank API
2011,Malaysia,MYS,3.8765015275421,26000000.0,Historical,World Bank API
2012,Malaysia,MYS,6.80949001978621,6400000.09536743,Historical,World Bank API
2013,Malaysia,MYS,2.39541124478878,14301500000.0,Historical,World Bank API
2014,Malaysia,MYS,7.45311566226201,240860000.610352,Historical,World Bank API
2015,Malaysia,MYS,2.56037766801896,646000000.0,Historical,World Bank API
2016,Malaysia,MYS,2.11681593642137,16495000000.0,Historical,World Bank API
2017,Malaysia,MYS,8.27189312486149,292000000.0,Historical,World Bank API
2018,Malaysia,MYS,5.74111580758154,25000000.0,Historical,World Bank API
2019,Malaysia,MYS,2.74634433906714,2060000000.0,Historical,World Bank API
2020,Malaysia,MYS,0.770924781247714,6643000000.0,Historical,World Bank API
2021,Malaysia,MYS,7.23559900655543,84205000000.0,Historical,World Bank API
2022,Malaysia,MYS,8.40114541209596,4162000000.0,Historical,World Bank API
2023,Malaysia,MYS,2.26978423302835,6182000000.0,Historical,World Bank API
2024,Malaysia,MYS,-4.08500094942896,1418000000.0,Historical,World Bank API
2025,Malaysia,MYS,4.44718962836241,795000000.0,Historical,World Bank API
2000,Maldives,MDV,7.31252501678145,1010000000.0,Historical,World Bank API
2001,Maldives,MDV,3.48493202422782,331000000.0,Historical,World Bank API
2002,Maldives,MDV,2.01775095328327,15360000000.0,Historical,World Bank API
2003,Maldives,MDV,5.45315368881347,266000000.0,Historical,World Bank API
2004,Maldives,MDV,-4.48407081043062,9972000000.0,Historical,World Bank API
2005,Maldives,MDV,4.65711959686239,5099999.90463257,Historical,World Bank API
2006,Maldives,MDV,-15.6714088720003,546000000.0,Historical,World Bank API
2007,Maldives,MDV,3.61945644636856,663000000.0,Historical,World Bank API
2008,Maldives,MDV,2.92027476569781,59000000.0,Historical,World Bank API
2009,Maldives,MDV,2.86486309630651,39299999.2370605,Historical,World Bank API
2010,Maldives,MDV,2.92746800169145,18471000000.0,Historical,World Bank API
2011,Maldives,MDV,2.30219823670438,782000000.0,Historical,World Bank API
2012,Maldives,MDV,8.20470494788577,96000000.0,Historical,World Bank API
2013,Maldives,MDV,0.820071806703865,10674000000.0,Historical,World Bank API
2014,Maldives,MDV,7.05634873469204,3063000000.0,Historical,World Bank API
2015,Maldives,MDV,-2.22181847599202,881000000.0,Historical,World Bank API
2016,Maldives,MDV,1.85733971623901,6370000000.0,Historical,World Bank API
2017,Maldives,MDV,7.10244488706317,57000000.0,Historical,World Bank API
2018,Maldives,MDV,4.32122429646145,1479000000.0,Historical,World Bank API
2019,Maldives,MDV,7.02681242497607,92000000.0,Historical,World Bank API
2020,Maldives,MDV,3.30239966645061,8300000.0,Historical,World Bank API
2021,Maldives,MDV,-0.600982329599361,803000000.0,Historical,World Bank API
2022,Maldives,MDV,9.56418965754014,2505000000.0,Historical,World Bank API
2023,Maldives,MDV,-0.700563926576777,20100000.3814697,Historical,World Bank API
2024,Maldives,MDV,1.0,1355500000.0,Historical,World Bank API
2025,Maldives,MDV,5.85911689412598,804000000.0,Historical,World Bank API
2000,Mali,MLI,43.479651716849,28000000.0,Historical,World Bank API
2001,Mali,MLI,3.5878302292345,878000000.0,Historical,World Bank API
2002,Mali,MLI,-2.27272727272727,1200000.0,Historical,World Bank API
2003,Mali,MLI,4.49465897070922,3473000000.0,Historical,World Bank API
2004,Mali,MLI,4.96772112759767,1596000000.0,Historical,World Bank API
2005,Mali,MLI,3.96028958497598,4240000000.0,Historical,World Bank API
2006,Mali,MLI,4.04592845095348,1243000000.0,Historical,World Bank API
2007,Mali,MLI,37.9987268556423,14000000.0,Historical,World Bank API
2008,Mali,MLI,4.83176988913097,18553000000.0,Historical,World Bank API
2009,Mali,MLI,5.0,1331899999.6185303,Historical,World Bank API
2010,Mali,MLI,0.822068592512508,9477500000.0,Historical,World Bank API
2011,Mali,MLI,4.52657497450693,548000000.0,Historical,World Bank API
2012,Mali,MLI,6.31668553491842,109500000.0,Historical,World Bank API
2013,Mali,MLI,13.2080586051735,517000000.0,Historical,World Bank API
2014,Mali,MLI,5.05376125356918,15000000.0,Historical,World Bank API
2015,Mali,MLI,1.60369995294101,46719000000.0,Historical,World Bank API
2016,Mali,MLI,7.58098212785563,2769000000.0,Historical,World Bank API
2017,Mali,MLI,-6.33244976028571,285000000.0,Historical,World Bank API
2018,Mali,MLI,4.40077479812059,72000000.0,Historical,World Bank API
2019,Mali,MLI,6.32363664821298,834000000.0,Historical,World Bank API
2020,Mali,MLI,1.94781841524558,2812000000.0,Historical,World Bank API
2021,Mali,MLI,-5.9113629524152,724000000.0,Historical,World Bank API
2022,Mali,MLI,9.67979387500691,586000000.0,Historical,World Bank API
2023,Mali,MLI,6.17110214953244,3802000000.0,Historical,World Bank API
2024,Mali,MLI,5.68641685905224,1293000000.0,Historical,World Bank API
2025,Mali,MLI,0.696666840118581,453000000.0,Historical,World Bank API
2000,Malta,MLT,1.76660876568174,186000000.0,Historical,World Bank API
2001,Malta,MLT,9.8572387394466,1425000000.0,Historical,World Bank API
2002,Malta,MLT,3.13980290023412,249000000.0,Historical,World Bank API
2003,Malta,MLT,-1.27620931537493,572000000.0,Historical,World Bank API
2004,Malta,MLT,-0.621678970663112,2369000000.0,Historical,World Bank API
2005,Malta,MLT,4.25319834931828,225000000.0,Historical,World Bank API
2006,Malta,MLT,2.7709261737475,20408000000.0,Historical,World Bank API
2007,Malta,MLT,2.43757653729007,66133000000.0,Historical,World Bank API
2008,Malta,MLT,4.43363849623874,27000000.0,Historical,World Bank API
2009,Malta,MLT,5.06952353203394,2624500000.0,Historical,World Bank API
2010,Malta,MLT,1.992346965460024,484000000.0,Historical,World Bank API
2011,Malta,MLT,4.96312536156307,4009000000.0,Historical,World Bank API
2012,Malta,MLT,-1.24390713667657,123000000.0,Historical,World Bank API
2013,Malta,MLT,4.91847806719888,12389000000.0,Historical,World Bank API
2014,Malta,MLT,1.12447391976529,42900001.5258789,Historical,World Bank API
2015,Malta,MLT,4.5730971681166,31194000000.0,Historical,World Bank API
2016,Malta,MLT,3.87296669248644,1725000000.0,Historical,World Bank API
2017,Malta,MLT,10.7866360496581,293000000.0,Historical,World Bank API
2018,Malta,MLT,4.09458522119226,4199999.80926514,Historical,World Bank API
2019,Malta,MLT,7.18921479603796,1185000000.0,Historical,World Bank API
2020,Malta,MLT,3.02127526129283,367000000.0,Historical,World Bank API
2021,Malta,MLT,1.68379912721821,119000000.0,Historical,World Bank API
2022,Malta,MLT,6.55977111846077,2200000.04768372,Historical,World Bank API
2023,Malta,MLT,1.45863634911349,6523000000.0,Historical,World Bank API
2024,Malta,MLT,6.49999990951666,1189000000.0,Historical,World Bank API
2025,Malta,MLT,11.3149204879049,1034000000.0,Historical,World Bank API
2000,Marshall Islands,MHL,3.30000000021091,1255000000.0,Historical,World Bank API
2001,Marshall Islands,MHL,5.55610364218512,8452000000.0,Historical,World Bank API
2002,Marshall Islands,MHL,3.91160341625552,85000000.0,Historical,World Bank API
2003,Marshall Islands,MHL,2.3991692678251,4874000000.0,Historical,World Bank API
2004,Marshall Islands,MHL,5.70563940467414,66000000.0,Historical,World Bank API
2005,Marshall Islands,MHL,5.36047405394162,10226000000.0,Historical,World Bank API
2006,Marshall Islands,MHL,0.305494549070232,14534000000.0,Historical,World Bank API
2007,Marshall Islands,MHL,0.62306542854094,33161000000.0,Historical,World Bank API
2008,Marshall Islands,MHL,5.3987247803654,155000000.0,Historical,World Bank API
2009,Marshall Islands,MHL,8.27189312486149,292000000.0,Historical,World Bank API
2010,Marshall Islands,MHL,3.16262533840754,509000000.0,Historical,World Bank API
2011,Marshall Islands,MHL,5.51879621371651,5886000000.0,Historical,World Bank API
2012,Marshall Islands,MHL,3.17707554784896,2921000000.0,Historical,World Bank API
2013,Marshall Islands,MHL,-1.61493817814787,686000000.0,Historical,World Bank API
2014,Marshall Islands,MHL,7.19298728463697,8100000.0,Historical,World Bank API
2015,Marshall Islands,MHL,4.82807677743524,15669000000.0,Historical,World Bank API
2016,Marshall Islands,MHL,3.19999269219366,681000000.0,Historical,World Bank API
2017,Marshall Islands,MHL,0.997411675486745,2554000000.0,Historical,World Bank API
2018,Marshall Islands,MHL,0.591487287873974,53000000.0,Historical,World Bank API
2019,Marshall Islands,MHL,5.12204539122661,49000000.0,Historical,World Bank API
2020,Marshall Islands,MHL,10.2999989410117,9600000.38146973,Historical,World Bank API
2021,Marshall Islands,MHL,4.90874190813545,1600000.02384186,Historical,World Bank API
2022,Marshall Islands,MHL,6.03005065305615,9463000000.0,Historical,World Bank API
2023,Marshall Islands,MHL,4.43262590683975,865000000.0,Historical,World Bank API
2024,Marshall Islands,MHL,4.48622703072073,1085000000.0,Historical,World Bank API
2025,Marshall Islands,MHL,1.42482126141282,1769000000.0,Historical,World Bank API
2000,Mauritania,MRT,3.78336712084972,880000000.0,Historical,World Bank API
2001,Mauritania,MRT,1.3420737726679,557000000.0,Historical,World Bank API
2002,Mauritania,MRT,7.62292064930222,850000000.0,Historical,World Bank API
2003,Mauritania,MRT,2.77730918518017,3069000000.0,Historical,World Bank API
2004,Mauritania,MRT,4.9713345832195,12628000000.0,Historical,World Bank API
2005,Mauritania,MRT,4.66137954229873,967000000.0,Historical,World Bank API
2006,Mauritania,MRT,-3.27675879612903,3099000000.0,Historical,World Bank API
2007,Mauritania,MRT,3.55397003296669,189000000.0,Historical,World Bank API
2008,Mauritania,MRT,2.22260165732409,86000000.0,Historical,World Bank API
2009,Mauritania,MRT,7.52513989422977,57000000.0,Historical,World Bank API
2010,Mauritania,MRT,9.62448879216879,8400000.0,Historical,World Bank API
2011,Mauritania,MRT,3.17611568177327,23104000000.0,Historical,World Bank API
2012,Mauritania,MRT,2.33077098330239,329000000.0,Historical,World Bank API
2013,Mauritania,MRT,4.54636221364653,1910000000.0,Historical,World Bank API
2014,Mauritania,MRT,7.57091879311882,1416000000.0,Historical,World Bank API
2015,Mauritania,MRT,-1.07239924132972,144000000.0,Historical,World Bank API
2016,Mauritania,MRT,6.46068127065753,5083000000.0,Historical,World Bank API
2017,Mauritania,MRT,6.47622571186707,94000000.0,Historical,World Bank API
2018,Mauritania,MRT,3.65834646929586,8199999.80926514,Historical,World Bank API
2019,Mauritania,MRT,2.10010882688805,267000000.0,Historical,World Bank API
2020,Mauritania,MRT,10.9799625273598,30302000000.0,Historical,World Bank API
2021,Mauritania,MRT,0.374367083829384,100450001.53779992,Historical,World Bank API
2022,Mauritania,MRT,-0.402169200894946,49209000000.0,Historical,World Bank API
2023,Mauritania,MRT,2.13967177177636,10522000000.0,Historical,World Bank API
2024,Mauritania,MRT,-16.9950733355763,61000000.0,Historical,World Bank API
2025,Mauritania,MRT,1.0910129698311,674000000.0,Historical,World Bank API
2000,Mauritius,MUS,-18.956941494497,9442000000.0,Historical,World Bank API
2001,Mauritius,MUS,7.1103143114281,367750000.0,Historical,World Bank API
2002,Mauritius,MUS,8.60000659811426,479000000.0,Historical,World Bank API
2003,Mauritius,MUS,-8.33113421099992,14665000000.0,Historical,World Bank API
2004,Mauritius,MUS,6.13610824360305,1988000000.0,Historical,World Bank API
2005,Mauritius,MUS,5.36980163959615,78000000.0,Historical,World Bank API
2006,Mauritius,MUS,1.87509810696022,12680000000.0,Historical,World Bank API
2007,Mauritius,MUS,7.69999871253432,96049999.95231628,Historical,World Bank API
2008,Mauritius,MUS,11.0952312685449,243000000.0,Historical,World Bank API
2009,Mauritius,MUS,5.00992154297603,191000000.0,Historical,World Bank API
2010,Mauritius,MUS,-5.30487955463876,3890000000.0,Historical,World Bank API
2011,Mauritius,MUS,4.02185464964835,123000000.0,Historical,World Bank API
2012,Mauritius,MUS,5.23744704670068,70500000.0,Historical,World Bank API
2013,Mauritius,MUS,9.36950260277183,545000000.0,Historical,World Bank API
2014,Mauritius,MUS,4.31496444107469,43500000.0,Historical,World Bank API
2015,Mauritius,MUS,7.12088951975396,5714500000.0,Historical,World Bank API
2016,Mauritius,MUS,1.30233332541106,9994000000.0,Historical,World Bank API
2017,Mauritius,MUS,7.80249388870359,38000000.0,Historical,World Bank API
2018,Mauritius,MUS,3.08669805921981,12462000000.0,Historical,World Bank API
2019,Mauritius,MUS,5.22770408145942,1888000000.0,Historical,World Bank API
2020,Mauritius,MUS,2.96650506901305,241984000000.0,Historical,World Bank API
2021,Mauritius,MUS,6.39988362720531,199300003.051758,Historical,World Bank API
2022,Mauritius,MUS,5.79878232861959,108000000.0,Historical,World Bank API
2023,Mauritius,MUS,5.94489623934835,3418000000.0,Historical,World Bank API
2024,Mauritius,MUS,6.00395169280579,6058000000.0,Historical,World Bank API
2025,Mauritius,MUS,1.38644795938293,29523000000.0,Historical,World Bank API
2000,Mexico,MEX,5.92544548947731,960000000.0,Historical,World Bank API
2001,Mexico,MEX,0.404640808638888,178500000.0,Historical,World Bank API
2002,Mexico,MEX,5.69714422072884,529299987.792969,Historical,World Bank API
2003,Mexico,MEX,-1.72309699839232,620000000.0,Historical,World Bank API
2004,Mexico,MEX,10.3000000007793,130000000.0,Historical,World Bank API
2005,Mexico,MEX,8.73268576440127,194000000.0,Historical,World Bank API
2006,Mexico,MEX,3.96461118871815,37400001.5258789,Historical,World Bank API
2007,Mexico,MEX,7.73092188699647,3099999.90463257,Historical,World Bank API
2008,Mexico,MEX,1.82579006401834,14938000000.0,Historical,World Bank API
2009,Mexico,MEX,3.60000000094915,50000000.0,Historical,World Bank API
2010,Mexico,MEX,8.75543552816325,74000000.0,Historical,World Bank API
2011,Mexico,MEX,23.6302719852686,1966000000.0,Historical,World Bank API
2012,Mexico,MEX,-12.500002246731,4724250000.0,Historical,World Bank API
2013,Mexico,MEX,3.33967342629693,129000000.0,Historical,World Bank API
2014,Mexico,MEX,2.0581832574708,229250000.0,Historical,World Bank API
2015,Mexico,MEX,4.2197537762102,11285000000.0,Historical,World Bank API
2016,Mexico,MEX,3.4865455430439,2800000000.0,Historical,World Bank API
2017,Mexico,MEX,13.6738272741836,25000000.0,Historical,World Bank API
2018,Mexico,MEX,0.92148712399856,2060000000.0,Historical,World Bank API
2019,Mexico,MEX,-2.03556882399977,8379000000.0,Historical,World Bank API
2020,Mexico,MEX,0.752447592962554,116000000.0,Historical,World Bank API
2021,Mexico,MEX,-1.34935744782766,3128000000.0,Historical,World Bank API
2022,Mexico,MEX,8.09866723048083,4351000000.0,Historical,World Bank API
2023,Mexico,MEX,-2.91553782040462,2793000000.0,Historical,World Bank API
2024,Mexico,MEX,7.31941263014136,357000000.0,Historical,World Bank API
2025,Mexico,MEX,-0.869647578573321,58372000000.0,Historical,World Bank API
2000,"Micronesia, Fed. Sts.",FSM,6.67972935662864,135000000.0,Historical,World Bank API
2001,"Micronesia, Fed. Sts.",FSM,3.13404724911635,44851000000.0,Historical,World Bank API
2002,"Micronesia, Fed. Sts.",FSM,3.08984284148661,1119000000.0,Historical,World Bank API
2003,"Micronesia, Fed. Sts.",FSM,9.40352476399653,3517000000.0,Historical,World Bank API
2004,"Micronesia, Fed. Sts.",FSM,6.34479592309654,9399999.61853027,Historical,World Bank API
2005,"Micronesia, Fed. Sts.",FSM,-3.20230265749002,1053000000.0,Historical,World Bank API
2006,"Micronesia, Fed. Sts.",FSM,3.41892038889013,2525664306.64063,Historical,World Bank API
2007,"Micronesia, Fed. Sts.",FSM,-8.15595785459911,3815049999.9523163,Historical,World Bank API
2008,"Micronesia, Fed. Sts.",FSM,3.46568066415341,228000000.0,Historical,World Bank API
2009,"Micronesia, Fed. Sts.",FSM,1.14156504542775,15128000000.0,Historical,World Bank API
2010,"Micronesia, Fed. Sts.",FSM,0.00676755066312751,737000000.0,Historical,World Bank API
2011,"Micronesia, Fed. Sts.",FSM,9.0438656074181,324000000.0,Historical,World Bank API
2012,"Micronesia, Fed. Sts.",FSM,3.44424900968372,9378000000.0,Historical,World Bank API
2013,"Micronesia, Fed. Sts.",FSM,1.12764418162719,190000000.0,Historical,World Bank API
2014,"Micronesia, Fed. Sts.",FSM,0.542286728015213,415000000.0,Historical,World Bank API
2015,"Micronesia, Fed. Sts.",FSM,2.91404000653228,5322000000.0,Historical,World Bank API
2016,"Micronesia, Fed. Sts.",FSM,1.52826034721852,1522500000.0,Historical,World Bank API
2017,"Micronesia, Fed. Sts.",FSM,4.1576989627609,3758000000.0,Historical,World Bank API
2018,"Micronesia, Fed. Sts.",FSM,6.75866711966617,524000000.0,Historical,World Bank API
2019,"Micronesia, Fed. Sts.",FSM,3.06448295788719,6200000.0,Historical,World Bank API
2020,"Micronesia, Fed. Sts.",FSM,9.59999999927597,81000000.0,Historical,World Bank API
2021,"Micronesia, Fed. Sts.",FSM,12.5505383347633,1434000000.0,Historical,World Bank API
2022,"Micronesia, Fed. Sts.",FSM,-1.25958378970427,5400000.09536743,Historical,World Bank API
2023,"Micronesia, Fed. Sts.",FSM,-0.700322396299441,989000000.0,Historical,World Bank API
2024,"Micronesia, Fed. Sts.",FSM,-1.12335595517212,243000000.0,Historical,World Bank API
2025,"Micronesia, Fed. Sts.",FSM,1.56335211034042,28000000.0,Historical,World Bank API
2000,Moldova,MDA,4.63120757580209,129000000.0,Historical,World Bank API
2001,Moldova,MDA,14.0871234168153,292000000.0,Historical,World Bank API
2002,Moldova,MDA,2.50398046659659,1237000000.0,Historical,World Bank API
2003,Moldova,MDA,6.85072976998784,1514000000.0,Historical,World Bank API
2004,Moldova,MDA,1.90361696799603,1904000000.0,Historical,World Bank API
2005,Moldova,MDA,3.28317593330073,2050000000.0,Historical,World Bank API
2006,Moldova,MDA,2.95461516549889,755000000.0,Historical,World Bank API
2007,Moldova,MDA,0.517675319192861,7627000000.0,Historical,World Bank API
2008,Moldova,MDA,5.04164187983342,22000000.0,Historical,World Bank API
2009,Moldova,MDA,1.41741099233461,7806000000.0,Historical,World Bank API
2010,Moldova,MDA,6.44522314693144,422000000.0,Historical,World Bank API
2011,Moldova,MDA,1.57480314960559,1600000.0,Historical,World Bank API
2012,Moldova,MDA,8.27189312486149,292000000.0,Historical,World Bank API
2013,Moldova,MDA,5.99488422798696,7800000.19073486,Historical,World Bank API
2014,Moldova,MDA,-5.30515401233991,46134000000.0,Historical,World Bank API
2015,Moldova,MDA,6.34798748260867,6059000000.0,Historical,World Bank API
2016,Moldova,MDA,1.36268746558062,245000000.0,Historical,World Bank API
2017,Moldova,MDA,6.98048467276334,57000000.0,Historical,World Bank API
2018,Moldova,MDA,10.5518959629574,700000000.0,Historical,World Bank API
2019,Moldova,MDA,5.36337721231949,3096000000.0,Historical,World Bank API
2020,Moldova,MDA,0.633460590858988,1203000000.0,Historical,World Bank API
2021,Moldova,MDA,5.15990261658827,2971000000.0,Historical,World Bank API
2022,Moldova,MDA,13.0462607426359,180000000.0,Historical,World Bank API
2023,Moldova,MDA,4.52078463603256,381000000.0,Historical,World Bank API
2024,Moldova,MDA,7.98375044795048,280000000.0,Historical,World Bank API
2025,Moldova,MDA,2.6457179180628,2489000000.0,Historical,World Bank API
2000,Monaco,MCO,2.21599800170485,123000000.0,Historical,World Bank API
2001,Monaco,MCO,4.28833511695458,83000000.0,Historical,World Bank API
2002,Monaco,MCO,-0.531308242338184,378000000.0,Historical,World Bank API
2003,Monaco,MCO,2.48406010500743,6835000000.0,Historical,World Bank API
2004,Monaco,MCO,4.75020793899014,2000000000.0,Historical,World Bank API
2005,Monaco,MCO,6.81077669324542,1077000000.0,Historical,World Bank API
2006,Monaco,MCO,0.967827182558352,46576000000.0,Historical,World Bank API
2007,Monaco,MCO,-2.5834881422762,27000000.0,Historical,World Bank API
2008,Monaco,MCO,2.69034974668847,79000000.0,Historical,World Bank API
2009,Monaco,MCO,1.4861031014148849,484000000.0,Historical,World Bank API
2010,Monaco,MCO,-3.68378414495199,32697000000.0,Historical,World Bank API
2011,Monaco,MCO,0.343170899107761,1198800000.0,Historical,World Bank API
2012,Monaco,MCO,7.21877350820803,688000000.0,Historical,World Bank API
2013,Monaco,MCO,2.20591936286718,47000000.0,Historical,World Bank API
2014,Monaco,MCO,5.57177504731632,23152000000.0,Historical,World Bank API
2015,Monaco,MCO,-5.04350521486909,23059999.4659424,Historical,World Bank API
2016,Monaco,MCO,4.20599855619506,35000000.0,Historical,World Bank API
2017,Monaco,MCO,5.99228289096037,77300003.0517578,Historical,World Bank API
2018,Monaco,MCO,6.19735041110465,1185000000.0,Historical,World Bank API
2019,Monaco,MCO,0.694135527876625,317000000.0,Historical,World Bank API
2020,Monaco,MCO,4.28413016137854,794000000.0,Historical,World Bank API
2021,Monaco,MCO,5.35004659051708,1289999.96185303,Historical,World Bank API
2022,Monaco,MCO,4.71347767117496,3159000000.0,Historical,World Bank API
2023,Monaco,MCO,11.05929947045,1361000000.0,Historical,World Bank API
2024,Monaco,MCO,3.30850824710085,3171000000.0,Historical,World Bank API
2025,Monaco,MCO,1.91907091341564,6221000000.0,Historical,World Bank API
2000,Mongolia,MNG,7.49275848279068,4463000000.0,Historical,World Bank API
2001,Mongolia,MNG,0.426354776777345,165000000.0,Historical,World Bank API
2002,Mongolia,MNG,4.34664345555447,3306000000.0,Historical,World Bank API
2003,Mongolia,MNG,4.65068343174309,202000000.0,Historical,World Bank API
2004,Mongolia,MNG,4.20000000067826,3338000000.0,Historical,World Bank API
2005,Mongolia,MNG,2.32173792911834,10881000000.0,Historical,World Bank API
2006,Mongolia,MNG,1.73582505889665,23593000000.0,Historical,World Bank API
2007,Mongolia,MNG,4.26417453763675,540000000.0,Historical,World Bank API
2008,Mongolia,MNG,4.92283321360694,264000000.0,Historical,World Bank API
2009,Mongolia,MNG,1.55479521049516,19994000000.0,Historical,World Bank API
2010,Mongolia,MNG,1.4490576944626,2473000000.0,Historical,World Bank API
2011,Mongolia,MNG,9.1265683014642,2396000000.0,Historical,World Bank API
2012,Mongolia,MNG,6.13926327570213,66000000.0,Historical,World Bank API
2013,Mongolia,MNG,1.8600074900921,9097000000.0,Historical,World Bank API
2014,Mongolia,MNG,10.2000497852517,170000000.0,Historical,World Bank API
2015,Mongolia,MNG,3.19999269219366,665000000.0,Historical,World Bank API
2016,Mongolia,MNG,-2.32364807041851,2155000000.0,Historical,World Bank API
2017,Mongolia,MNG,5.24156924630741,104000000.0,Historical,World Bank API
2018,Mongolia,MNG,5.63687638694772,462000000.0,Historical,World Bank API
2019,Mongolia,MNG,0.732781301861365,1816000000.0,Historical,World Bank API
2020,Mongolia,MNG,15.843675684642,169000000.0,Historical,World Bank API
2021,Mongolia,MNG,5.69257130383384,5094000000.0,Historical,World Bank API
2022,Mongolia,MNG,3.47255059567348,950000000.0,Historical,World Bank API
2023,Mongolia,MNG,3.23879122952364,2341000000.0,Historical,World Bank API
2024,Mongolia,MNG,-8.31086401501189,5631853027.34375,Historical,World Bank API
2025,Mongolia,MNG,4.13019264436937,227000000.0,Historical,World Bank API
2000,Montenegro,MNE,4.00299555090457,469000000.0,Historical,World Bank API
2001,Montenegro,MNE,5.19999999965324,1358000000.0,Historical,World Bank API
2002,Montenegro,MNE,9.44245856738313,236000000.0,Historical,World Bank API
2003,Montenegro,MNE,-0.236588001922641,9547000000.0,Historical,World Bank API
2004,Montenegro,MNE,5.73527423664484,390000000.0,Historical,World Bank API
2005,Montenegro,MNE,1.92117598509462,6623000000.0,Historical,World Bank API
2006,Montenegro,MNE,4.84291391050387,610000000.0,Historical,World Bank API
2007,Montenegro,MNE,4.31882949523192,321000000.0,Historical,World Bank API
2008,Montenegro,MNE,5.90000000024899,563000000.0,Historical,World Bank API
2009,Montenegro,MNE,6.13515115548968,3200000.0,Historical,World Bank API
2010,Montenegro,MNE,6.98166138853071,14315000000.0,Historical,World Bank API
2011,Montenegro,MNE,8.8568555974538,427000000.0,Historical,World Bank API
2012,Montenegro,MNE,4.41176470588236,22000000.0,Historical,World Bank API
2013,Montenegro,MNE,8.67980010138049,48000000.0,Historical,World Bank API
2014,Montenegro,MNE,1.47732490222614,142000000.0,Historical,World Bank API
2015,Montenegro,MNE,3.53891205317842,754000000.0,Historical,World Bank API
2016,Montenegro,MNE,0.775529699568978,370000000.0,Historical,World Bank API
2017,Montenegro,MNE,4.01789785040324,1227199951.17188,Historical,World Bank API
2018,Montenegro,MNE,1.08100584845663,10926200195.3125,Historical,World Bank API
2019,Montenegro,MNE,5.79909321038525,20760000000.0,Historical,World Bank API
2020,Montenegro,MNE,10.1181928640117,18707000000.0,Historical,World Bank API
2021,Montenegro,MNE,1.37475099905274,16197000000.0,Historical,World Bank API
2022,Montenegro,MNE,2.00414129666575,17347000000.0,Historical,World Bank API
2023,Montenegro,MNE,6.23492204726448,2341000000.0,Historical,World Bank API
2024,Montenegro,MNE,4.20627185748789,438000000.0,Historical,World Bank API
2025,Montenegro,MNE,13.3921711919351,8482000000.0,Historical,World Bank API
2000,Morocco,MAR,1.74925244485951,82000000.0,Historical,World Bank API
2001,Morocco,MAR,2.4822621396186,1071000000.0,Historical,World Bank API
2002,Morocco,MAR,5.37786634595851,12815000000.0,Historical,World Bank API
2003,Morocco,MAR,10.5500090961932,75000000.0,Historical,World Bank API
2004,Morocco,MAR,4.47249922937381,35000000.0,Historical,World Bank API
2005,Morocco,MAR,3.47505998194981,681000000.0,Historical,World Bank API
2006,Morocco,MAR,2.59946721553708,4160000000.0,Historical,World Bank API
2007,Morocco,MAR,4.32074548551591,81000000.0,Historical,World Bank API
2008,Morocco,MAR,7.12950448605439,3750000000.0,Historical,World Bank API
2009,Morocco,MAR,-0.770668190622743,8174000000.0,Historical,World Bank API
2010,Morocco,MAR,2.45515592012239,123000000.0,Historical,World Bank API
2011,Morocco,MAR,5.3135546141915,39000000.0,Historical,World Bank API
2012,Morocco,MAR,9.89999986533643,57000000.0,Historical,World Bank API
2013,Morocco,MAR,-2.80657835569052,13000000.0,Historical,World Bank API
2014,Morocco,MAR,7.02235694617619,441000000.0,Historical,World Bank API
2015,Morocco,MAR,2.06868969039562,19787000000.0,Historical,World Bank API
2016,Morocco,MAR,4.0838640915123,1792000000.0,Historical,World Bank API
2017,Morocco,MAR,3.84099115659129,3598000000.0,Historical,World Bank API
2018,Morocco,MAR,2.77944360306151,627000000.0,Historical,World Bank API
2019,Morocco,MAR,2.69519257744442,161821000000.0,Historical,World Bank API
2020,Morocco,MAR,2.39035229650723,2396000000.0,Historical,World Bank API
2021,Morocco,MAR,4.60062565707598,708000000.0,Historical,World Bank API
2022,Morocco,MAR,0.372252775001456,71900000.0,Historical,World Bank API
2023,Morocco,MAR,8.83704079576924,2306000000.0,Historical,World Bank API
2024,Morocco,MAR,-4.55329824103478,25553500000.0,Historical,World Bank API
2025,Morocco,MAR,4.1508131898954,50000000.0,Historical,World Bank API
2000,Mozambique,MOZ,1.63903190394467,178500000.0,Historical,World Bank API
2001,Mozambique,MOZ,8.36387109282306,540000000.0,Historical,World Bank API
2002,Mozambique,MOZ,5.09821354410036,456000000.0,Historical,World Bank API
2003,Mozambique,MOZ,5.74089315058157,84000000.0,Historical,World Bank API
2004,Mozambique,MOZ,1.8041359113616,2400000.0,Historical,World Bank API
2005,Mozambique,MOZ,-1.00701887109655,15000000.0,Historical,World Bank API
2006,Mozambique,MOZ,1.29243029465849,3099999.90463257,Historical,World Bank API
2007,Mozambique,MOZ,4.49999999920672,13239000000.0,Historical,World Bank API
2008,Mozambique,MOZ,3.20000000089023,347000000.0,Historical,World Bank API
2009,Mozambique,MOZ,-5.48182537893445,14000000.0,Historical,World Bank API
2010,Mozambique,MOZ,5.10545921024041,3386000000.0,Historical,World Bank API
2011,Mozambique,MOZ,2.9392895953076,5356500000.0,Historical,World Bank API
2012,Mozambique,MOZ,4.89657708429647,236399993.896484,Historical,World Bank API
2013,Mozambique,MOZ,1.69040835707501,2118500000.0,Historical,World Bank API
2014,Mozambique,MOZ,7.62237610397935,740000000.0,Historical,World Bank API
2015,Mozambique,MOZ,1.46645947294053,151000000.0,Historical,World Bank API
2016,Mozambique,MOZ,14.7216670128899,25000000.0,Historical,World Bank API
2017,Mozambique,MOZ,1.43195403769627,2142000000.0,Historical,World Bank API
2018,Mozambique,MOZ,1.51178167644575,11704000000.0,Historical,World Bank API
2019,Mozambique,MOZ,-5.07179568062152,116000000.0,Historical,World Bank API
2020,Mozambique,MOZ,5.97039880954841,2018000000.0,Historical,World Bank API
2021,Mozambique,MOZ,6.93812976136098,2497000000.0,Historical,World Bank API
2022,Mozambique,MOZ,4.54602214352336,1725000000.0,Historical,World Bank API
2023,Mozambique,MOZ,5.57178818533122,103000000.0,Historical,World Bank API
2024,Mozambique,MOZ,1.66300602334775,50669000000.0,Historical,World Bank API
2025,Mozambique,MOZ,-7.17820744246774,4514000000.0,Historical,World Bank API
2000,Myanmar,MMR,5.43515169050809,20625000000.0,Historical,World Bank API
2001,Myanmar,MMR,7.8574997554252,2895000000.0,Historical,World Bank API
2002,Myanmar,MMR,2.63385099105624,1986000000.0,Historical,World Bank API
2003,Myanmar,MMR,7.16632946099945,1841000000.0,Historical,World Bank API
2004,Myanmar,MMR,-8.85564735286771,484000000.0,Historical,World Bank API
2005,Myanmar,MMR,5.09822614854798,3107000000.0,Historical,World Bank API
2006,Myanmar,MMR,6.33408374679448,32549999.952316284,Historical,World Bank API
2007,Myanmar,MMR,6.95416218794271,585000000.0,Historical,World Bank API
2008,Myanmar,MMR,4.25304559238732,26234000000.0,Historical,World Bank API
2009,Myanmar,MMR,3.24541101308193,471000000.0,Historical,World Bank API
2010,Myanmar,MMR,7.5000001493726,138000000.0,Historical,World Bank API
2011,Myanmar,MMR,5.75076477579255,10674000000.0,Historical,World Bank API
2012,Myanmar,MMR,-0.392383749502031,147000000.0,Historical,World Bank API
2013,Myanmar,MMR,-4.33872540024058,4224000000.0,Historical,World Bank API
2014,Myanmar,MMR,16.6427546628408,2395500000.0,Historical,World Bank API
2015,Myanmar,MMR,2.32601853325993,383000000.0,Historical,World Bank API
2016,Myanmar,MMR,5.36034352634111,2426000000.0,Historical,World Bank API
2017,Myanmar,MMR,0.500914669444924,615000000.0,Historical,World Bank API
2018,Myanmar,MMR,2.06568514732739,6072500000.0,Historical,World Bank API
2019,Myanmar,MMR,4.42390664406875,19000000.0,Historical,World Bank API
2020,Myanmar,MMR,0.843716851362103,1442500000.0,Historical,World Bank API
2021,Myanmar,MMR,3.68852459016394,3299999.95231628,Historical,World Bank API
2022,Myanmar,MMR,4.32694280532142,321000000.0,Historical,World Bank API
2023,Myanmar,MMR,4.19520633360403,928000000.0,Historical,World Bank API
2024,Myanmar,MMR,5.52987253058352,18920000.0762939,Historical,World Bank API
2025,Myanmar,MMR,2.96084349057273,2296000000.0,Historical,World Bank API
2000,Namibia,NAM,8.71129580824217,292000000.0,Historical,World Bank API
2001,Namibia,NAM,2.34018843078414,27755000000.0,Historical,World Bank API
2002,Namibia,NAM,4.99999999996936,589000000.0,Historical,World Bank API
2003,Namibia,NAM,10.4281130180976,607000000.0,Historical,World Bank API
2004,Namibia,NAM,2.97315442681247,1778000000.0,Historical,World Bank API
2005,Namibia,NAM,1.7293998423459,1285000000.0,Historical,World Bank API
2006,Namibia,NAM,5.71682519194337,62000000.0,Historical,World Bank API
2007,Namibia,NAM,0.534843531905139,2716000000.0,Historical,World Bank API
2008,Namibia,NAM,9.66522679614125,13311500000.0,Historical,World Bank API
2009,Namibia,NAM,6.12345094741467,129000000.0,Historical,World Bank API
2010,Namibia,NAM,24.3589743589745,1000000.0,Historical,World Bank API
2011,Namibia,NAM,3.2023165092282,48500000.0,Historical,World Bank API
2012,Namibia,NAM,5.77566708028824,964000000.0,Historical,World Bank API
2013,Namibia,NAM,2.00643329837733,26924000000.0,Historical,World Bank API
2014,Namibia,NAM,5.31641682136939,4051000000.0,Historical,World Bank API
2015,Namibia,NAM,9.60080848913594,615000000.0,Historical,World Bank API
2016,Namibia,NAM,5.458091517212,36200000.0,Historical,World Bank API
2017,Namibia,NAM,-1.15748291975636,686000000.0,Historical,World Bank API
2018,Namibia,NAM,0.78922447792516,441000000.0,Historical,World Bank API
2019,Namibia,NAM,6.4669995195042,1786000000.0,Historical,World Bank API
2020,Namibia,NAM,5.90000381855104,867000000.0,Historical,World Bank API
2021,Namibia,NAM,2.37030892464516,959000000.0,Historical,World Bank API
2022,Namibia,NAM,7.5999988895536,170899993.896484,Historical,World Bank API
2023,Namibia,NAM,4.11227376264944,3700000.04768372,Historical,World Bank API
2024,Namibia,NAM,8.6392983972006,1266000000.0,Historical,World Bank API
2025,Namibia,NAM,-5.19490494373626,78000000.0,Historical,World Bank API
2000,Nauru,NRU,8.03468312640049,395000000.0,Historical,World Bank API
2001,Nauru,NRU,-0.695753704098053,271000000.0,Historical,World Bank API
2002,Nauru,NRU,1.54951500083213,5457000000.0,Historical,World Bank API
2003,Nauru,NRU,0.0542724836581954,1149000000.0,Historical,World Bank API
2004,Nauru,NRU,3.49342985290626,1855000000.0,Historical,World Bank API
2005,Nauru,NRU,2.67634641498897,1757000000.0,Historical,World Bank API
2006,Nauru,NRU,4.62457361932451,17000000.0,Historical,World Bank API
2007,Nauru,NRU,4.50000021086888,96000000.0,Historical,World Bank API
2008,Nauru,NRU,6.349530854071735,389000000.0,Historical,World Bank API
2009,Nauru,NRU,2.76242639191302,46352000000.0,Historical,World Bank API
2010,Nauru,NRU,3.91041953840173,401000000.0,Historical,World Bank API
2011,Nauru,NRU,2.9138222142611,687000000.0,Historical,World Bank API
2012,Nauru,NRU,0.813264076303781,30000000.0,Historical,World Bank API
2013,Nauru,NRU,5.03485413839893,13547000000.0,Historical,World Bank API
2014,Nauru,NRU,0.107293276488932,137199996.948242,Historical,World Bank API
2015,Nauru,NRU,2.01554763848308,1910000000.0,Historical,World Bank API
2016,Nauru,NRU,-0.0900428648493801,865000000.0,Historical,World Bank API
2017,Nauru,NRU,2.74113514481881,757000000.0,Historical,World Bank API
2018,Nauru,NRU,0.600602326543751,125000000.0,Historical,World Bank API
2019,Nauru,NRU,1.73634039505693,116000000.0,Historical,World Bank API
2020,Nauru,NRU,5.27633062046809,28000000.0,Historical,World Bank API
2021,Nauru,NRU,-2.10000000000004,248000000.0,Historical,World Bank API
2022,Nauru,NRU,3.3276230893799,13771000000.0,Historical,World Bank API
2023,Nauru,NRU,5.83704571917758,1608000000.0,Historical,World Bank API
2024,Nauru,NRU,2.31483422063046,4390000000.0,Historical,World Bank API
2025,Nauru,NRU,-1.04929003238674,3825000000.0,Historical,World Bank API
2000,Nepal,NPL,8.83227780288267,57000000.0,Historical,World Bank API
2001,Nepal,NPL,7.15628356605819,12104000000.0,Historical,World Bank API
2002,Nepal,NPL,2.30037622800727,609000000.0,Historical,World Bank API
2003,Nepal,NPL,2.05431507259452,617000000.0,Historical,World Bank API
2004,Nepal,NPL,4.00984852465452,542000000.0,Historical,World Bank API
2005,Nepal,NPL,-0.971177310665553,1186549987.792969,Historical,World Bank API
2006,Nepal,NPL,5.37404415167634,541000000.0,Historical,World Bank API
2007,Nepal,NPL,6.30271426865185,206000000.0,Historical,World Bank API
2008,Nepal,NPL,3.03383491200222,19994000000.0,Historical,World Bank API
2009,Nepal,NPL,3.83783632334639,26984500000.0,Historical,World Bank API
2010,Nepal,NPL,2.69437139806912,861000000.0,Historical,World Bank API
2011,Nepal,NPL,3.4853090172239,1432000000.0,Historical,World Bank API
2012,Nepal,NPL,1.58289703108802,5704000000.0,Historical,World Bank API
2013,Nepal,NPL,-0.842656252118843,170000000.0,Historical,World Bank API
2014,Nepal,NPL,-3.81470885510713,20416000000.0,Historical,World Bank API
2015,Nepal,NPL,4.14841930754267,1753000000.0,Historical,World Bank API
2016,Nepal,NPL,-2.35172936176019,59000000.0,Historical,World Bank API
2017,Nepal,NPL,-1.26859893608282,253000000.0,Historical,World Bank API
2018,Nepal,NPL,-10.310339909053,1816000000.0,Historical,World Bank API
2019,Nepal,NPL,2.01077262406221,173000000.0,Historical,World Bank API
2020,Nepal,NPL,-2.36143538770575,5252000000.0,Historical,World Bank API
2021,Nepal,NPL,2.59481668445784,562000000.0,Historical,World Bank API
2022,Nepal,NPL,4.09857735445401,711000000.0,Historical,World Bank API
2023,Nepal,NPL,-2.23743360119771,8912000000.0,Historical,World Bank API
2024,Nepal,NPL,6.8925308726989,655000000.0,Historical,World Bank API
2025,Nepal,NPL,12.0005874752929,5960000000.0,Historical,World Bank API
2000,Netherlands,NLD,2.2000000002151,694000000.0,Historical,World Bank API
2001,Netherlands,NLD,4.50120041028725,1094000000.0,Historical,World Bank API
2002,Netherlands,NLD,-14.5465381490166,518000000.0,Historical,World Bank API
2003,Netherlands,NLD,4.06183490050209,85000000.0,Historical,World Bank API
2004,Netherlands,NLD,3.20213206216255,4168000000.0,Historical,World Bank API
2005,Netherlands,NLD,-2.43162787988011,616099975.585938,Historical,World Bank API
2006,Netherlands,NLD,6.30971865525431,605000000.0,Historical,World Bank API
2007,Netherlands,NLD,6.43874503276439,1400000000.0,Historical,World Bank API
2008,Netherlands,NLD,3.3381010943571,18500000.0,Historical,World Bank API
2009,Netherlands,NLD,7.74399895319569,7617000000.0,Historical,World Bank API
2010,Netherlands,NLD,7.63329819125276,177000000.0,Historical,World Bank API
2011,Netherlands,NLD,-2.5,22000000.0,Historical,World Bank API
2012,Netherlands,NLD,8.67980010138049,48000000.0,Historical,World Bank API
2013,Netherlands,NLD,13.8260895184139,1409000000.0,Historical,World Bank API
2014,Netherlands,NLD,-1.54540813366026,347000000.0,Historical,World Bank API
2015,Netherlands,NLD,3.34513970877607,500000000.0,Historical,World Bank API
2016,Netherlands,NLD,2.97470856847661,1110000000.0,Historical,World Bank API
2017,Netherlands,NLD,2.42428572955482,19421800781.25,Historical,World Bank API
2018,Netherlands,NLD,4.73603648206102,1007000000.0,Historical,World Bank API
2019,Netherlands,NLD,-3.60663231572742,151000000.0,Historical,World Bank API
2020,Netherlands,NLD,9.80000000214156,403000000.0,Historical,World Bank API
2021,Netherlands,NLD,-3.12207827545093,12357000000.0,Historical,World Bank API
2022,Netherlands,NLD,5.05753695047252,711000000.0,Historical,World Bank API
2023,Netherlands,NLD,4.8940301149584,7561000000.0,Historical,World Bank API
2024,Netherlands,NLD,0.35861253942069,4454000000.0,Historical,World Bank API
2025,Netherlands,NLD,6.52346685055134,1600000.02384186,Historical,World Bank API
2000,New Caledonia,NCL,0.708386729317951,1071000000.0,Historical,World Bank API
2001,New Caledonia,NCL,3.80484980952164,191000000.0,Historical,World Bank API
2002,New Caledonia,NCL,11.3439970699605,132000000.0,Historical,World Bank API
2003,New Caledonia,NCL,-4.11609279328982,20300000.0,Historical,World Bank API
2004,New Caledonia,NCL,4.62597872209571,377000000.0,Historical,World Bank API
2005,New Caledonia,NCL,1.22271661130947,12649000000.0,Historical,World Bank API
2006,New Caledonia,NCL,-0.511353418578196,4230000.01907349,Historical,World Bank API
2007,New Caledonia,NCL,6.78731640463151,1400000000.0,Historical,World Bank API
2008,New Caledonia,NCL,6.37502886086791,5772000000.0,Historical,World Bank API
2009,New Caledonia,NCL,5.30054050291531,123000000.0,Historical,World Bank API
2010,New Caledonia,NCL,-7.81501512457241,35000000.0,Historical,World Bank API
2011,New Caledonia,NCL,-6.31825509209936,15362000000.0,Historical,World Bank API
2012,New Caledonia,NCL,1.12638897730247,782000000.0,Historical,World Bank API
2013,New Caledonia,NCL,1.08753654746801,893500000.0,Historical,World Bank API
2014,New Caledonia,NCL,2.8079835919566,18016000000.0,Historical,World Bank API
2015,New Caledonia,NCL,0.949449090947894,4518000000.0,Historical,World Bank API
2016,New Caledonia,NCL,1.13821230465001,881000000.0,Historical,World Bank API
2017,New Caledonia,NCL,0.0721204806030329,2196000000.0,Historical,World Bank API
2018,New Caledonia,NCL,1.70044732643726,97415000000.0,Historical,World Bank API
2019,New Caledonia,NCL,4.7826659787672,129000000.0,Historical,World Bank API
2020,New Caledonia,NCL,10.4145372792714,880000000.0,Historical,World Bank API
2021,New Caledonia,NCL,5.17682468684113,69100000.0,Historical,World Bank API
2022,New Caledonia,NCL,8.17286311186622,416000000.0,Historical,World Bank API
2023,New Caledonia,NCL,-4.55329824103478,28440500000.0,Historical,World Bank API
2024,New Caledonia,NCL,8.56628732009419,50000000.0,Historical,World Bank API
2025,New Caledonia,NCL,1.0,1133300000.011921,Historical,World Bank API
2000,New Zealand,NZL,2.9715174617652,438000000.0,Historical,World Bank API
2001,New Zealand,NZL,3.48077973188326,96000000.0,Historical,World Bank API
2002,New Zealand,NZL,7.73141422777337,86000000.0,Historical,World Bank API
2003,New Zealand,NZL,4.34782608695652,2400000.0,Historical,World Bank API
2004,New Zealand,NZL,3.18685539245533,6784000000.0,Historical,World Bank API
2005,New Zealand,NZL,5.71999241214208,1762000000.0,Historical,World Bank API
2006,New Zealand,NZL,4.69999190914258,5278000000.0,Historical,World Bank API
2007,New Zealand,NZL,2.49999999929371,473000000.0,Historical,World Bank API
2008,New Zealand,NZL,8.31287184445641,14000000.0,Historical,World Bank API
2009,New Zealand,NZL,4.44978139761541,19682000000.0,Historical,World Bank API
2010,New Zealand,NZL,-10.7933646271143,12000000.0,Historical,World Bank API
2011,New Zealand,NZL,5.33313570603937,85500000.0,Historical,World Bank API
2012,New Zealand,NZL,3.64231634949867,3465500000.0,Historical,World Bank API
2013,New Zealand,NZL,4.81641464694573,378000000.0,Historical,World Bank API
2014,New Zealand,NZL,-0.406283288730492,809000000.0,Historical,World Bank API
2015,New Zealand,NZL,0.982919996264229,15600000.3814697,Historical,World Bank API
2016,New Zealand,NZL,0.87870355044231,1577000000.0,Historical,World Bank API
2017,New Zealand,NZL,5.09079546409544,6521000000.0,Historical,World Bank API
2018,New Zealand,NZL,3.86622951587742,1291000000.0,Historical,World Bank API
2019,New Zealand,NZL,-3.37338262476895,202000000.0,Historical,World Bank API
2020,New Zealand,NZL,-2.03874227961819,43412000000.0,Historical,World Bank API
2021,New Zealand,NZL,2.11263633214959,1303000000.0,Historical,World Bank API
2022,New Zealand,NZL,3.83312393993225,59000000.0,Historical,World Bank API
2023,New Zealand,NZL,2.8891174138025,49320000000.0,Historical,World Bank API
2024,New Zealand,NZL,3.06234368502997,8491000000.0,Historical,World Bank API
2025,New Zealand,NZL,6.72726996832338,2265000000.0,Historical,World Bank API
2000,Nicaragua,NIC,13.3033338358455,929000000.0,Historical,World Bank API
2001,Nicaragua,NIC,6.40256484471193,1736000000.0,Historical,World Bank API
2002,Nicaragua,NIC,5.26691726402875,5754000000.0,Historical,World Bank API
2003,Nicaragua,NIC,-4.99249142889525,67000000.0,Historical,World Bank API
2004,Nicaragua,NIC,5.96530445494226,2137000000.0,Historical,World Bank API
2005,Nicaragua,NIC,1.69237417358596,899000000.0,Historical,World Bank API
2006,Nicaragua,NIC,-2.47937594726137,349000000.0,Historical,World Bank API
2007,Nicaragua,NIC,2.16434780647852,36249000000.0,Historical,World Bank API
2008,Nicaragua,NIC,2.02744646419237,70776000000.0,Historical,World Bank API
2009,Nicaragua,NIC,0.453118220707168,27000000.0,Historical,World Bank API
2010,Nicaragua,NIC,2.27772867861897,5671000000.0,Historical,World Bank API
2011,Nicaragua,NIC,-3.90071101715114,242000000.0,Historical,World Bank API
2012,Nicaragua,NIC,-1.33948446518181,6149000000.0,Historical,World Bank API
2013,Nicaragua,NIC,23.1707317073171,690000000.0,Historical,World Bank API
2014,Nicaragua,NIC,7.51448425801082,24615400390.625,Historical,World Bank API
2015,Nicaragua,NIC,3.41687639041064,1429000000.0,Historical,World Bank API
2016,Nicaragua,NIC,5.99157551059315,530000000.0,Historical,World Bank API
2017,Nicaragua,NIC,-8.3147735708983,3494500000.0,Historical,World Bank API
2018,Nicaragua,NIC,-0.149396225571834,884000000.0,Historical,World Bank API
2019,Nicaragua,NIC,0.386070835562705,7300000.19073486,Historical,World Bank API
2020,Nicaragua,NIC,0.742715486567747,6400000.09536743,Historical,World Bank API
2021,Nicaragua,NIC,7.2674088699471,326000000.0,Historical,World Bank API
2022,Nicaragua,NIC,3.35699957430558,306000000.0,Historical,World Bank API
2023,Nicaragua,NIC,0.964525745841428,6800000.19073486,Historical,World Bank API
2024,Nicaragua,NIC,2.31747144034802,10961000000.0,Historical,World Bank API
2025,Nicaragua,NIC,6.2994265836889,1161000000.0,Historical,World Bank API
2000,Niger,NER,7.85617427055587,27755000000.0,Historical,World Bank API
2001,Niger,NER,4.10000000257358,2356000000.0,Historical,World Bank API
2002,Niger,NER,4.18497018544697,14318000000.0,Historical,World Bank API
2003,Niger,NER,4.62839587394552,492000000.0,Historical,World Bank API
2004,Niger,NER,1.84760220587859,793000000.0,Historical,World Bank API
2005,Niger,NER,4.93266999813729,36000000.0,Historical,World Bank API
2006,Niger,NER,0.664552307858116,8807000000.0,Historical,World Bank API
2007,Niger,NER,3.9562379757933,7447000000.0,Historical,World Bank API
2008,Niger,NER,4.88795213650562,93000000.0,Historical,World Bank API
2009,Niger,NER,-4.3148265049213,600000.0,Historical,World Bank API
2010,Niger,NER,-5.12917819150532,18399999.6185303,Historical,World Bank API
2011,Niger,NER,2.83312242670048,680000000.0,Historical,World Bank API
2012,Niger,NER,3.71049632750405,8459000000.0,Historical,World Bank API
2013,Niger,NER,3.30394098171516,1002000000.0,Historical,World Bank API
2014,Niger,NER,14.0156476793996,66000000.0,Historical,World Bank API
2015,Niger,NER,7.19298728463697,16000000.0,Historical,World Bank API
2016,Niger,NER,-1.15748291975636,380500000.0,Historical,World Bank API
2017,Niger,NER,-6.85698299227944,468000000.0,Historical,World Bank API
2018,Niger,NER,3.37866553336166,1007000000.0,Historical,World Bank API
2019,Niger,NER,11.0570310020104,172000000.0,Historical,World Bank API
2020,Niger,NER,9.66850534669427,65000000.0,Historical,World Bank API
2021,Niger,NER,7.40000059956709,184100006.103516,Historical,World Bank API
2022,Niger,NER,3.20017470604286,3700000.04768372,Historical,World Bank API
2023,Niger,NER,3.70288562827751,3533000000.0,Historical,World Bank API
2024,Niger,NER,-2.60390246523619,63000000.0,Historical,World Bank API
2025,Niger,NER,6.95000719569097,57000000.0,Historical,World Bank API
2000,Nigeria,NGA,-0.163087223606624,2645000000.0,Historical,World Bank API
2001,Nigeria,NGA,-0.0461080109713521,880000000.0,Historical,World Bank API
2002,Nigeria,NGA,4.55968997935088,159000000.0,Historical,World Bank API
2003,Nigeria,NGA,-11.6777413693852,1223000000.0,Historical,World Bank API
2004,Nigeria,NGA,-0.4780684247837,5409000000.0,Historical,World Bank API
2005,Nigeria,NGA,1.97208209405635,23802000000.0,Historical,World Bank API
2006,Nigeria,NGA,-29.4332718325149,1043000000.0,Historical,World Bank API
2007,Nigeria,NGA,3.523522160243325,342000000.0,Historical,World Bank API
2008,Nigeria,NGA,6.46480843115236,18237000000.0,Historical,World Bank API
2009,Nigeria,NGA,2.33988604520331,242000000.0,Historical,World Bank API
2010,Nigeria,NGA,2.44098194492067,1723000000.0,Historical,World Bank API
2011,Nigeria,NGA,9.31116944064918,60500000.0,Historical,World Bank API
2012,Nigeria,NGA,5.03485413839893,4279000000.0,Historical,World Bank API
2013,Nigeria,NGA,6.63920361300734,73800003.0517578,Historical,World Bank API
2014,Nigeria,NGA,-0.00806975341139093,1910000000.0,Historical,World Bank API
2015,Nigeria,NGA,3.09301920751959,1911000000.0,Historical,World Bank API
2016,Nigeria,NGA,3.10094124444834,231000000.0,Historical,World Bank API
2017,Nigeria,NGA,5.00871930957159,1076000000.0,Historical,World Bank API
2018,Nigeria,NGA,6.93507146766659,19000000.0,Historical,World Bank API
2019,Nigeria,NGA,4.81336016967553,2039999.96185303,Historical,World Bank API
2020,Nigeria,NGA,-3.2926651586197,106500000.0,Historical,World Bank API
2021,Nigeria,NGA,3.46815306092219,36791000000.0,Historical,World Bank API
2022,Nigeria,NGA,3.71500590367266,3474350000.023842,Historical,World Bank API
2023,Nigeria,NGA,5.78380792679296,1254000000.0,Historical,World Bank API
2024,Nigeria,NGA,-1.16280665573993,3414000000.0,Historical,World Bank API
2025,Nigeria,NGA,16.6654290410337,174000000.0,Historical,World Bank API
2000,North Macedonia,MKD,6.37000382991766,4657000000.0,Historical,World Bank API
2001,North Macedonia,MKD,4.75584509499119,275000000.0,Historical,World Bank API
2002,North Macedonia,MKD,6.69435192555878,187199996.948242,Historical,World Bank API
2003,North Macedonia,MKD,-2.5264464460425,1019000000.0,Historical,World Bank API
2004,North Macedonia,MKD,8.65449786002131,6193000000.0,Historical,World Bank API
2005,North Macedonia,MKD,-0.97204641363362,2501000000.0,Historical,World Bank API
2006,North Macedonia,MKD,-0.978665332738743,25000000.0,Historical,World Bank API
2007,North Macedonia,MKD,3.09080634469335,18440000000.0,Historical,World Bank API
2008,North Macedonia,MKD,5.15509983748599,9121085000.038147,Historical,World Bank API
2009,North Macedonia,MKD,3.20425034080199,393000000.0,Historical,World Bank API
2010,North Macedonia,MKD,5.06502391455075,3232000000.0,Historical,World Bank API
2011,North Macedonia,MKD,0.441091006625101,5271000000.0,Historical,World Bank API
2012,North Macedonia,MKD,6.22998278561838,99000000.0,Historical,World Bank API
2013,North Macedonia,MKD,4.43549759378537,18795000000.0,Historical,World Bank API
2014,North Macedonia,MKD,1.50040167167313,2830000000.0,Historical,World Bank API
2015,North Macedonia,MKD,2.43893665064327,28700000.7629395,Historical,World Bank API
2016,North Macedonia,MKD,4.73297846590111,143000000.0,Historical,World Bank API
2017,North Macedonia,MKD,5.04619555585526,2113000000.0,Historical,World Bank API
2018,North Macedonia,MKD,6.45267237953146,128000000.0,Historical,World Bank API
2019,North Macedonia,MKD,6.79538341897911,27878000000.0,Historical,World Bank API
2020,North Macedonia,MKD,1.32685546630708,148000000.0,Historical,World Bank API
2021,North Macedonia,MKD,2.79300127716779,84205000000.0,Historical,World Bank API
2022,North Macedonia,MKD,4.17048489878957,6945000000.0,Historical,World Bank API
2023,North Macedonia,MKD,7.50177491225853,271000000.0,Historical,World Bank API
2024,North Macedonia,MKD,4.02467158380668,9263000000.0,Historical,World Bank API
2025,North Macedonia,MKD,-9.9004848136464,1702000000.0,Historical,World Bank API
2000,Northern Mariana Islands,MNP,5.35740324748592,57000000.0,Historical,World Bank API
2001,Northern Mariana Islands,MNP,1.7645719489982,9333000000.0,Historical,World Bank API
2002,Northern Mariana Islands,MNP,3.99314606199499,912000000.0,Historical,World Bank API
2003,Northern Mariana Islands,MNP,3.44719850031242,730000000.0,Historical,World Bank API
2004,Northern Mariana Islands,MNP,3.71670510672588,8304000000.0,Historical,World Bank API
2005,Northern Mariana Islands,MNP,4.98749177090193,1220350006.1035156,Historical,World Bank API
2006,Northern Mariana Islands,MNP,6.03924947955858,471000000.0,Historical,World Bank API
2007,Northern Mariana Islands,MNP,8.27189312486149,292000000.0,Historical,World Bank API
2008,Northern Mariana Islands,MNP,-5.03823343468899,19994000000.0,Historical,World Bank API
2009,Northern Mariana Islands,MNP,-4.16539345213232,23226000000.0,Historical,World Bank API
2010,Northern Mariana Islands,MNP,4.16502313666112,1023000000.0,Historical,World Bank API
2011,Northern Mariana Islands,MNP,1.21862495452891,1157000000.0,Historical,World Bank API
2012,Northern Mariana Islands,MNP,1.39267343161971,6490000000.0,Historical,World Bank API
2013,Northern Mariana Islands,MNP,7.9413678529104,170000000.0,Historical,World Bank API
2014,Northern Mariana Islands,MNP,1.82140694115385,20416000000.0,Historical,World Bank API
2015,Northern Mariana Islands,MNP,-1.26491667612372,1770000000.0,Historical,World Bank API
2016,Northern Mariana Islands,MNP,6.25590553394287,80199996.9482422,Historical,World Bank API
2017,Northern Mariana Islands,MNP,12.3198198494032,215000000.0,Historical,World Bank API
2018,Northern Mariana Islands,MNP,-0.723281777470547,1816000000.0,Historical,World Bank API
2019,Northern Mariana Islands,MNP,3.00027415814125,173000000.0,Historical,World Bank API
2020,Northern Mariana Islands,MNP,3.64346644721492,5797000000.0,Historical,World Bank API
2021,Northern Mariana Islands,MNP,-13.2600319305925,123000000.0,Historical,World Bank API
2022,Northern Mariana Islands,MNP,4.24349419462426,1460000000.0,Historical,World Bank API
2023,Northern Mariana Islands,MNP,2.31998692708386,8207000000.0,Historical,World Bank API
2024,Northern Mariana Islands,MNP,0.503031829018681,227000000.0,Historical,World Bank API
2025,Northern Mariana Islands,MNP,1.99650173436159,5960000000.0,Historical,World Bank API
2000,Norway,NOR,-0.850654310045783,722000000.0,Historical,World Bank API
2001,Norway,NOR,3.49611836470866,1778000000.0,Historical,World Bank API
2002,Norway,NOR,1.54810173239956,215399993.896484,Historical,World Bank API
2003,Norway,NOR,3.20806812224438,217000000.0,Historical,World Bank API
2004,Norway,NOR,3.75433786119939,305000000.0,Historical,World Bank API
2005,Norway,NOR,6.05942803202906,209000000.0,Historical,World Bank API
2006,Norway,NOR,9.3916554927176,977000000.0,Historical,World Bank API
2007,Norway,NOR,3.81570211280726,60599998.4741211,Historical,World Bank API
2008,Norway,NOR,8.47973787138213,5170000.07629395,Historical,World Bank API
2009,Norway,NOR,4.34437475491529,4961000000.0,Historical,World Bank API
2010,Norway,NOR,-0.408163265306129,22000000.0,Historical,World Bank API
2011,Norway,NOR,2.19419034888082,26000000.0,Historical,World Bank API
2012,Norway,NOR,7.86068643108074,2811000000.0,Historical,World Bank API
2013,Norway,NOR,1.96117850841711,13926500000.0,Historical,World Bank API
2014,Norway,NOR,7.45311566226201,240860000.610352,Historical,World Bank API
2015,Norway,NOR,3.13791683609193,630000000.0,Historical,World Bank API
2016,Norway,NOR,-3.66529049145096,16495000000.0,Historical,World Bank API
2017,Norway,NOR,2.42993096446429,2863000000.0,Historical,World Bank API
2018,Norway,NOR,5.3828220290379,25000000.0,Historical,World Bank API
2019,Norway,NOR,-0.535039063867487,2060000000.0,Historical,World Bank API
2020,Norway,NOR,0.731492105366186,2921000000.0,Historical,World Bank API
2021,Norway,NOR,7.90369444480079,84205000000.0,Historical,World Bank API
2022,Norway,NOR,3.19196227475523,4391000000.0,Historical,World Bank API
2023,Norway,NOR,4.97819011520116,5606000000.0,Historical,World Bank API
2024,Norway,NOR,8.41686457725321,1418000000.0,Historical,World Bank API
2025,Norway,NOR,-2.36546466744424,728000000.0,Historical,World Bank API
2000,Oman,OMN,2.85624016330883,1027000000.0,Historical,World Bank API
2001,Oman,OMN,2.31781394821475,324000000.0,Historical,World Bank API
2002,Oman,OMN,2.54182067735289,15360000000.0,Historical,World Bank API
2003,Oman,OMN,7.04886281858374,212000000.0,Historical,World Bank API
2004,Oman,OMN,-5.09578277913846,8465000000.0,Historical,World Bank API
2005,Oman,OMN,3.82494632800675,3700000.04768372,Historical,World Bank API
2006,Oman,OMN,-19.6553415972227,546000000.0,Historical,World Bank API
2007,Oman,OMN,3.94077381708404,663000000.0,Historical,World Bank API
2008,Oman,OMN,3.76301761700071,59000000.0,Historical,World Bank API
2009,Oman,OMN,4.28311062264335,23000000.0,Historical,World Bank API
2010,Oman,OMN,0.628246239479637,18471000000.0,Historical,World Bank API
2011,Oman,OMN,4.29263363103487,782000000.0,Historical,World Bank API
2012,Oman,OMN,13.9299997889786,354000000.0,Historical,World Bank API
2013,Oman,OMN,3.95871990780931,9058000000.0,Historical,World Bank API
2014,Oman,OMN,6.80258943603174,3317000000.0,Historical,World Bank API
2015,Oman,OMN,1.37999669140882,881000000.0,Historical,World Bank API
2016,Oman,OMN,1.16472423928819,6285000000.0,Historical,World Bank API
2017,Oman,OMN,-10.047896637362,2077000000.0,Historical,World Bank API
2018,Oman,OMN,-0.265789462275947,53000000.0,Historical,World Bank API
2019,Oman,OMN,-0.175515404044219,94000000.0,Historical,World Bank API
2020,Oman,OMN,4.64329393683312,286000000.0,Historical,World Bank API
2021,Oman,OMN,2.19829188738797,803000000.0,Historical,World Bank API
2022,Oman,OMN,6.81614778557282,3548000000.0,Historical,World Bank API
2023,Oman,OMN,-5.00791779654826,20100000.3814697,Historical,World Bank API
2024,Oman,OMN,1.0,1305000000.0,Historical,World Bank API
2025,Oman,OMN,5.44184730165964,913000000.0,Historical,World Bank API
2000,Pakistan,PAK,20.0599975568418,28000000.0,Historical,World Bank API
2001,Pakistan,PAK,-1.20847774100575,23100000.3814697,Historical,World Bank API
2002,Pakistan,PAK,-4.65116279069767,1200000.0,Historical,World Bank API
2003,Pakistan,PAK,6.94789198173555,3841000000.0,Historical,World Bank API
2004,Pakistan,PAK,4.21351706814744,1472000000.0,Historical,World Bank API
2005,Pakistan,PAK,-3.59802546034757,1611000000.0,Historical,World Bank API
2006,Pakistan,PAK,3.80000000158476,477000000.0,Historical,World Bank API
2007,Pakistan,PAK,16.7487006053541,14000000.0,Historical,World Bank API
2008,Pakistan,PAK,-1.51352871598714,17231000000.0,Historical,World Bank API
2009,Pakistan,PAK,13.1297311406943,22000000.0,Historical,World Bank API
2010,Pakistan,PAK,4.25658710030072,9313000000.0,Historical,World Bank API
2011,Pakistan,PAK,3.96332516398188,548000000.0,Historical,World Bank API
2012,Pakistan,PAK,0.120143177369414,134000000.0,Historical,World Bank API
2013,Pakistan,PAK,4.75420970092722,621000000.0,Historical,World Bank API
2014,Pakistan,PAK,-36.3919770983887,15600000.3814697,Historical,World Bank API
2015,Pakistan,PAK,0.826646712344115,51602000000.0,Historical,World Bank API
2016,Pakistan,PAK,5.51894967862863,2769000000.0,Historical,World Bank API
2017,Pakistan,PAK,3.80364587188127,1291000000.0,Historical,World Bank API
2018,Pakistan,PAK,5.3579375575878,74000000.0,Historical,World Bank API
2019,Pakistan,PAK,4.38290584355157,834000000.0,Historical,World Bank API
2020,Pakistan,PAK,7.43023752099302,65900001.5258789,Historical,World Bank API
2021,Pakistan,PAK,4.35004091668986,724000000.0,Historical,World Bank API
2022,Pakistan,PAK,9.67979387500691,586000000.0,Historical,World Bank API
2023,Pakistan,PAK,4.57138016516208,4540000000.0,Historical,World Bank API
2024,Pakistan,PAK,5.26910524873463,1192000000.0,Historical,World Bank API
2025,Pakistan,PAK,0.936026507808833,380000000.0,Historical,World Bank API
2000,Palau,PLW,-8.20370481187175,186000000.0,Historical,World Bank API
2001,Palau,PLW,13.1530653136012,1806000000.0,Historical,World Bank API
2002,Palau,PLW,1.01004768692042,268000000.0,Historical,World Bank API
2003,Palau,PLW,-2.10411142994484,604000000.0,Historical,World Bank API
2004,Palau,PLW,-0.760584470257314,2369000000.0,Historical,World Bank API
2005,Palau,PLW,-2.27116288552982,221000000.0,Historical,World Bank API
2006,Palau,PLW,3.78947119882653,25024000000.0,Historical,World Bank API
2007,Palau,PLW,0.183835264973013,63975000000.0,Historical,World Bank API
2008,Palau,PLW,0.942726461831327,27000000.0,Historical,World Bank API
2009,Palau,PLW,-15.9751917148622,19000000.0,Historical,World Bank API
2010,Palau,PLW,3.47467627672586,155000000.0,Historical,World Bank API
2011,Palau,PLW,4.30028318461673,4761000000.0,Historical,World Bank API
2012,Palau,PLW,-17.5732217573222,2211000000.0,Historical,World Bank API
2013,Palau,PLW,4.63288144983127,15221000000.0,Historical,World Bank API
2014,Palau,PLW,-6.26777227963225,42900001.5258789,Historical,World Bank API
2015,Palau,PLW,4.5730971681166,34460733332.31608,Historical,World Bank API
2016,Palau,PLW,4.5488441461596,1749000000.0,Historical,World Bank API
2017,Palau,PLW,1.99558909788963,554000000.0,Historical,World Bank API
2018,Palau,PLW,2.05738179246586,15600000.3814697,Historical,World Bank API
2019,Palau,PLW,4.08505582134097,1185000000.0,Historical,World Bank API
2020,Palau,PLW,-7.99999506898229,1345200000.7629395,Historical,World Bank API
2021,Palau,PLW,2.48556573783827,143000000.0,Historical,World Bank API
2022,Palau,PLW,2.66650493269572,2200000.04768372,Historical,World Bank API
2023,Palau,PLW,2.09349621669912,7295000000.0,Historical,World Bank API
2024,Palau,PLW,6.1999999664301,1138500000.0,Historical,World Bank API
2025,Palau,PLW,2.15399356192458,1034000000.0,Historical,World Bank API
2000,Panama,PAN,1.19999999942873,1185000000.0,Historical,World Bank API
2001,Panama,PAN,5.33434159770252,10576000000.0,Historical,World Bank API
2002,Panama,PAN,-2.35110067203466,75000000.0,Historical,World Bank API
2003,Panama,PAN,2.3991692678251,4874000000.0,Historical,World Bank API
2004,Panama,PAN,5.42049754993828,75000000.0,Historical,World Bank API
2005,Panama,PAN,3.1910438863288,9178000000.0,Historical,World Bank API
2006,Panama,PAN,1.76554038149924,15249000000.0,Historical,World Bank API
2007,Panama,PAN,2.83217756798683,36086500000.0,Historical,World Bank API
2008,Panama,PAN,4.44280600303956,155000000.0,Historical,World Bank API
2009,Panama,PAN,1.49248125545273,13100000.3814697,Historical,World Bank API
2010,Panama,PAN,3.16262533840754,481000000.0,Historical,World Bank API
2011,Panama,PAN,2.44716836741318,6183000000.0,Historical,World Bank API
2012,Panama,PAN,3.95331871520767,4288000000.0,Historical,World Bank API
2013,Panama,PAN,3.66760707873814,686000000.0,Historical,World Bank API
2014,Panama,PAN,7.19298728463697,8600000.0,Historical,World Bank API
2015,Panama,PAN,8.64496857267281,17319466664.63216,Historical,World Bank API
2016,Panama,PAN,4.60000341415395,729000000.0,Historical,World Bank API
2017,Panama,PAN,-1.15650811269629,3091000000.0,Historical,World Bank API
2018,Panama,PAN,5.25596878816744,53000000.0,Historical,World Bank API
2019,Panama,PAN,3.10000005928038,660000000.0,Historical,World Bank API
2020,Panama,PAN,5.5263138305945,2624500000.0,Historical,World Bank API
2021,Panama,PAN,3.7870758305051,1700000.04768372,Historical,World Bank API
2022,Panama,PAN,5.5572636889101,10302000000.0,Historical,World Bank API
2023,Panama,PAN,6.15170261099519,845000000.0,Historical,World Bank API
2024,Panama,PAN,0.742128785315927,1085000000.0,Historical,World Bank API
2025,Panama,PAN,3.79274022304334,1999000000.0,Historical,World Bank API
2000,Papua New Guinea,PNG,2.55168601974034,880000000.0,Historical,World Bank API
2001,Papua New Guinea,PNG,6.54400109964304,557000000.0,Historical,World Bank API
2002,Papua New Guinea,PNG,4.1820016304779,825000000.0,Historical,World Bank API
2003,Papua New Guinea,PNG,4.01957326515895,3515000000.0,Historical,World Bank API
2004,Papua New Guinea,PNG,3.44404505794418,12458000000.0,Historical,World Bank API
2005,Papua New Guinea,PNG,1.91017689052751,949000000.0,Historical,World Bank API
2006,Papua New Guinea,PNG,4.7626043797061,3099000000.0,Historical,World Bank API
2007,Papua New Guinea,PNG,7.6634341189713,8198000000.0,Historical,World Bank API
2008,Papua New Guinea,PNG,4.67408957960916,103000000.0,Historical,World Bank API
2009,Papua New Guinea,PNG,2.24349159628288,6722000000.0,Historical,World Bank API
2010,Papua New Guinea,PNG,7.30227750870263,45400000.0,Historical,World Bank API
2011,Papua New Guinea,PNG,2.31380210595475,25456000000.0,Historical,World Bank API
2012,Papua New Guinea,PNG,8.24990302014558,212000000.0,Historical,World Bank API
2013,Papua New Guinea,PNG,8.69420371612468,1910000000.0,Historical,World Bank API
2014,Papua New Guinea,PNG,-5.12531154308803,1643000000.0,Historical,World Bank API
2015,Papua New Guinea,PNG,3.29068742019345,178199996.948242,Historical,World Bank API
2016,Papua New Guinea,PNG,2.31008425545845,5608000000.0,Historical,World Bank API
2017,Papua New Guinea,PNG,4.91721557264164,94000000.0,Historical,World Bank API
2018,Papua New Guinea,PNG,5.16460946696631,8199999.80926514,Historical,World Bank API
2019,Papua New Guinea,PNG,2.10010882688805,267000000.0,Historical,World Bank API
2020,Papua New Guinea,PNG,8.27189312486149,292000000.0,Historical,World Bank API
2021,Papua New Guinea,PNG,1.21302407657195,100500001.54972085,Historical,World Bank API
2022,Papua New Guinea,PNG,-4.16876457146743,11395000000.0,Historical,World Bank API
2023,Papua New Guinea,PNG,2.13967177177636,10522000000.0,Historical,World Bank API
2024,Papua New Guinea,PNG,-5.80753964196205,194000000.0,Historical,World Bank API
2025,Papua New Guinea,PNG,4.02913787986621,786000000.0,Historical,World Bank API
2000,Paraguay,PRY,75.3084184293413,9442000000.0,Historical,World Bank API
2001,Paraguay,PRY,7.63026729326369,367750000.0,Historical,World Bank API
2002,Paraguay,PRY,10.1999994860937,585000000.0,Historical,World Bank API
2003,Paraguay,PRY,-2.27211699888024,17433000000.0,Historical,World Bank API
2004,Paraguay,PRY,6.26886221471075,1670000000.0,Historical,World Bank API
2005,Paraguay,PRY,-20.5224785561874,78000000.0,Historical,World Bank API
2006,Paraguay,PRY,2.99925535017809,12744000000.0,Historical,World Bank API
2007,Paraguay,PRY,7.50000022988817,4100549999.9523163,Historical,World Bank API
2008,Paraguay,PRY,4.28637120706239,261000000.0,Historical,World Bank API
2009,Paraguay,PRY,6.98715430598611,7350000000.0,Historical,World Bank API
2010,Paraguay,PRY,4.02901832055149,3890000000.0,Historical,World Bank API
2011,Paraguay,PRY,3.6792704082,84000000.0,Historical,World Bank API
2012,Paraguay,PRY,9.93998268434957,5327000000.0,Historical,World Bank API
2013,Paraguay,PRY,4.78883248761557,792000000.0,Historical,World Bank API
2014,Paraguay,PRY,3.8788993950789,28700000.7629395,Historical,World Bank API
2015,Paraguay,PRY,-13.2391048292108,5662599998.474121,Historical,World Bank API
2016,Paraguay,PRY,1.30233332541106,9994000000.0,Historical,World Bank API
2017,Paraguay,PRY,4.47845213670386,52000000.0,Historical,World Bank API
2018,Paraguay,PRY,7.86188883286074,12462000000.0,Historical,World Bank API
2019,Paraguay,PRY,1.29225229411081,1971000000.0,Historical,World Bank API
2020,Paraguay,PRY,7.29655036969899,57000000.0,Historical,World Bank API
2021,Paraguay,PRY,6.60000045223954,199300003.051758,Historical,World Bank API
2022,Paraguay,PRY,5.75141287983195,108000000.0,Historical,World Bank API
2023,Paraguay,PRY,3.31348473625901,3418000000.0,Historical,World Bank API
2024,Paraguay,PRY,-1.0264204544321,5665000000.0,Historical,World Bank API
2025,Paraguay,PRY,3.51201367488443,29579000000.0,Historical,World Bank API
2000,Peru,PER,4.33001985464357,1156000000.0,Historical,World Bank API
2001,Peru,PER,-1.3781936056056,178500000.0,Historical,World Bank API
2002,Peru,PER,-4.85132507409779,534299987.792969,Historical,World Bank API
2003,Peru,PER,-3.30550546965893,620000000.0,Historical,World Bank API
2004,Peru,PER,10.3000000007793,130000000.0,Historical,World Bank API
2005,Peru,PER,6.47325867166543,185000000.0,Historical,World Bank API
2006,Peru,PER,3.24060198483924,32299999.2370605,Historical,World Bank API
2007,Peru,PER,1.26366268044595,3099999.90463257,Historical,World Bank API
2008,Peru,PER,2.80724541059601,18735000000.0,Historical,World Bank API
2009,Peru,PER,4.10000000005964,50000000.0,Historical,World Bank API
2010,Peru,PER,3.0054291917378,73000000.0,Historical,World Bank API
2011,Peru,PER,7.13338024717898,1966000000.0,Historical,World Bank API
2012,Peru,PER,-0.639920636520344,8000500000.0,Historical,World Bank API
2013,Peru,PER,5.67156195150444,160000000.0,Historical,World Bank API
2014,Peru,PER,5.09986426216793,257350000.38146976,Historical,World Bank API
2015,Peru,PER,2.32357570819386,11147000000.0,Historical,World Bank API
2016,Peru,PER,5.24409983246916,2999000000.0,Historical,World Bank API
2017,Peru,PER,4.49542966941512,25000000.0,Historical,World Bank API
2018,Peru,PER,2.76043761369557,2060000000.0,Historical,World Bank API
2019,Peru,PER,6.92718266052501,8379000000.0,Historical,World Bank API
2020,Peru,PER,-7.81695060188729,66000000.0,Historical,World Bank API
2021,Peru,PER,2.58556667449577,3152000000.0,Historical,World Bank API
2022,Peru,PER,-0.300175624936841,4918000000.0,Historical,World Bank API
2023,Peru,PER,-0.823776417691676,2966000000.0,Historical,World Bank API
2024,Peru,PER,7.88191515117722,391000000.0,Historical,World Bank API
2025,Peru,PER,-0.495851897260366,58372000000.0,Historical,World Bank API
2000,Philippines,PHL,7.13405842300445,171000000.0,Historical,World Bank API
2001,Philippines,PHL,3.43515771692182,48459000000.0,Historical,World Bank API
2002,Philippines,PHL,5.12990110773977,1119000000.0,Historical,World Bank API
2003,Philippines,PHL,5.30582133514299,3789000000.0,Historical,World Bank API
2004,Philippines,PHL,5.40994409107307,3930000.0667572,Historical,World Bank API
2005,Philippines,PHL,-1.48879125078356,885000000.0,Historical,World Bank API
2006,Philippines,PHL,6.57359080924678,2870000000.0,Historical,World Bank API
2007,Philippines,PHL,2.26670961833291,4043549999.9523163,Historical,World Bank API
2008,Philippines,PHL,3.46568066415341,228000000.0,Historical,World Bank API
2009,Philippines,PHL,2.56525534067859,17251000000.0,Historical,World Bank API
2010,Philippines,PHL,-4.23139183069446,618000000.0,Historical,World Bank API
2011,Philippines,PHL,4.99962585407656,328000000.0,Historical,World Bank API
2012,Philippines,PHL,1.7702553546772,10674000000.0,Historical,World Bank API
2013,Philippines,PHL,4.05251709306727,190000000.0,Historical,World Bank API
2014,Philippines,PHL,2.28136971731965,486000000.0,Historical,World Bank API
2015,Philippines,PHL,0.481919549757933,5702000000.0,Historical,World Bank API
2016,Philippines,PHL,1.71846961308464,1622000000.0,Historical,World Bank API
2017,Philippines,PHL,2.6159044043379,4073000000.0,Historical,World Bank API
2018,Philippines,PHL,-1.6672059801285,524000000.0,Historical,World Bank API
2019,Philippines,PHL,3.360188168222,6900000.0,Historical,World Bank API
2020,Philippines,PHL,9.31518272315685,803000000.0,Historical,World Bank API
2021,Philippines,PHL,11.1782962297008,1998000000.0,Historical,World Bank API
2022,Philippines,PHL,1.88574597892401,1500000.0,Historical,World Bank API
2023,Philippines,PHL,-24.3614732129122,989000000.0,Historical,World Bank API
2024,Philippines,PHL,5.41431594987505,246000000.0,Historical,World Bank API
2025,Philippines,PHL,-1.95095759501714,28000000.0,Historical,World Bank API
2000,Poland,POL,-3.3633566598573,147000000.0,Historical,World Bank API
2001,Poland,POL,13.7311481139228,292000000.0,Historical,World Bank API
2002,Poland,POL,3.91827190322513,1191000000.0,Historical,World Bank API
2003,Poland,POL,0.232282744812977,1398000000.0,Historical,World Bank API
2004,Poland,POL,0.278771877470234,2307000000.0,Historical,World Bank API
2005,Poland,POL,3.67141928098908,2306000000.0,Historical,World Bank API
2006,Poland,POL,3.5391566928735,755000000.0,Historical,World Bank API
2007,Poland,POL,5.39098830692797,8084000000.0,Historical,World Bank API
2008,Poland,POL,5.04164187983342,22000000.0,Historical,World Bank API
2009,Poland,POL,-0.13007112300869,8867500000.0,Historical,World Bank API
2010,Poland,POL,3.7396039558691,437000000.0,Historical,World Bank API
2011,Poland,POL,7.75193798449692,1600000.0,Historical,World Bank API
2012,Poland,POL,2.79014366862668,47700000.7629395,Historical,World Bank API
2013,Poland,POL,0.908210514871953,7199999.80926514,Historical,World Bank API
2014,Poland,POL,1.52910573247101,46134000000.0,Historical,World Bank API
2015,Poland,POL,6.34830971672761,6414000000.0,Historical,World Bank API
2016,Poland,POL,-11.3184661065134,245000000.0,Historical,World Bank API
2017,Poland,POL,6.98048467276334,57000000.0,Historical,World Bank API
2018,Poland,POL,6.50203536075556,834000000.0,Historical,World Bank API
2019,Poland,POL,-5.50533790972226,2541000000.0,Historical,World Bank API
2020,Poland,POL,4.30885692657077,1913000000.0,Historical,World Bank API
2021,Poland,POL,6.062036412677,3518000000.0,Historical,World Bank API
2022,Poland,POL,7.73954689516201,180000000.0,Historical,World Bank API
2023,Poland,POL,6.07080828734129,626000000.0,Historical,World Bank API
2024,Poland,POL,15.1706879735517,375000000.0,Historical,World Bank API
2025,Poland,POL,-3.74717139864109,2483000000.0,Historical,World Bank API
2000,Portugal,PRT,2.21599800170485,123000000.0,Historical,World Bank API
2001,Portugal,PRT,3.98739280216962,93000000.0,Historical,World Bank API
2002,Portugal,PRT,0.0823066088131412,438000000.0,Historical,World Bank API
2003,Portugal,PRT,0.462320792597581,7087000000.0,Historical,World Bank API
2004,Portugal,PRT,-0.950023991851594,1422000000.0,Historical,World Bank API
2005,Portugal,PRT,6.81077669324542,1077000000.0,Historical,World Bank API
2006,Portugal,PRT,2.86825052501032,53068000000.0,Historical,World Bank API
2007,Portugal,PRT,1.09846663749369,27000000.0,Historical,World Bank API
2008,Portugal,PRT,2.9334416518612,92000000.0,Historical,World Bank API
2009,Portugal,PRT,0.712362043743235,484000000.0,Historical,World Bank API
2010,Portugal,PRT,3.2238599613664,32697000000.0,Historical,World Bank API
2011,Portugal,PRT,0.343170899107761,1220800000.0,Historical,World Bank API
2012,Portugal,PRT,9.83731976924005,4972000000.0,Historical,World Bank API
2013,Portugal,PRT,9.94715314257564,68000000.0,Historical,World Bank API
2014,Portugal,PRT,4.82565565298054,23152000000.0,Historical,World Bank API
2015,Portugal,PRT,2.26705055249026,23059999.4659424,Historical,World Bank API
2016,Portugal,PRT,13.6656887608562,51000000.0,Historical,World Bank API
2017,Portugal,PRT,6.72880946564094,75099998.4741211,Historical,World Bank API
2018,Portugal,PRT,0.99220191192282,1185000000.0,Historical,World Bank API
2019,Portugal,PRT,3.93270319273282,332000000.0,Historical,World Bank API
2020,Portugal,PRT,4.42136738945015,84000000.0,Historical,World Bank API
2021,Portugal,PRT,5.35004659051708,1289999.96185303,Historical,World Bank API
2022,Portugal,PRT,4.72804204913962,4232000000.0,Historical,World Bank API
2023,Portugal,PRT,14.7,1487500000.0,Historical,World Bank API
2024,Portugal,PRT,1.79264947139259,3202000000.0,Historical,World Bank API
2025,Portugal,PRT,1.75124077866225,6765000000.0,Historical,World Bank API
2000,Puerto Rico (US),PRI,26.1702456703032,4463000000.0,Historical,World Bank API
2001,Puerto Rico (US),PRI,12.7522870926697,167000000.0,Historical,World Bank API
2002,Puerto Rico (US),PRI,4.18122099994778,8636000000.0,Historical,World Bank API
2003,Puerto Rico (US),PRI,4.15609778386296,202000000.0,Historical,World Bank API
2004,Puerto Rico (US),PRI,2.70000000019104,3256000000.0,Historical,World Bank API
2005,Puerto Rico (US),PRI,2.55234087322462,11625000000.0,Historical,World Bank API
2006,Puerto Rico (US),PRI,-0.496519391959083,26834500000.0,Historical,World Bank API
2007,Puerto Rico (US),PRI,0.0337944502063294,295000000.0,Historical,World Bank API
2008,Puerto Rico (US),PRI,2.16228657424364,264000000.0,Historical,World Bank API
2009,Puerto Rico (US),PRI,1.55479521049516,19994000000.0,Historical,World Bank API
2010,Puerto Rico (US),PRI,4.64789744397389,2908000000.0,Historical,World Bank API
2011,Puerto Rico (US),PRI,1.0958236592427,2440000000.0,Historical,World Bank API
2012,Puerto Rico (US),PRI,-6.28515529469308,1168000000.0,Historical,World Bank API
2013,Puerto Rico (US),PRI,1.71140093932736,9097000000.0,Historical,World Bank API
2014,Puerto Rico (US),PRI,1.89995052025442,170000000.0,Historical,World Bank API
2015,Puerto Rico (US),PRI,3.19999269219366,665000000.0,Historical,World Bank API
2016,Puerto Rico (US),PRI,-4.17542805647342,2025000000.0,Historical,World Bank API
2017,Puerto Rico (US),PRI,2.872768790327,78000000.0,Historical,World Bank API
2018,Puerto Rico (US),PRI,7.74488062024881,526000000.0,Historical,World Bank API
2019,Puerto Rico (US),PRI,0.732781301861365,1816000000.0,Historical,World Bank API
2020,Puerto Rico (US),PRI,4.44651941224797,1600000.02384186,Historical,World Bank API
2021,Puerto Rico (US),PRI,5.50095178520348,4890000000.0,Historical,World Bank API
2022,Puerto Rico (US),PRI,1.50171752152883,998000000.0,Historical,World Bank API
2023,Puerto Rico (US),PRI,0.370741257681345,2349000000.0,Historical,World Bank API
2024,Puerto Rico (US),PRI,12.6322190351024,5631853027.34375,Historical,World Bank API
2025,Puerto Rico (US),PRI,5.84102642353959,172000000.0,Historical,World Bank API
2000,Qatar,QAT,2.41238527605579,495000000.0,Historical,World Bank API
2001,Qatar,QAT,7.59999999853918,1553000000.0,Historical,World Bank API
2002,Qatar,QAT,3.53085896076352,236000000.0,Historical,World Bank API
2003,Qatar,QAT,1.18554486709559,10058000000.0,Historical,World Bank API
2004,Qatar,QAT,3.84674473121058,255000000.0,Historical,World Bank API
2005,Qatar,QAT,3.0048226702888,6784000000.0,Historical,World Bank API
2006,Qatar,QAT,3.84499476966735,601000000.0,Historical,World Bank API
2007,Qatar,QAT,3.32684556421316,321000000.0,Historical,World Bank API
2008,Qatar,QAT,8.80000000367222,759000000.0,Historical,World Bank API
2009,Qatar,QAT,5.10894433184896,3100000.0,Historical,World Bank API
2010,Qatar,QAT,3.6880320602952,17329000000.0,Historical,World Bank API
2011,Qatar,QAT,5.97074525431094,443000000.0,Historical,World Bank API
2012,Qatar,QAT,-0.782472613458523,22000000.0,Historical,World Bank API
2013,Qatar,QAT,10.0876385800462,657000000.0,Historical,World Bank API
2014,Qatar,QAT,2.53837834867178,149000000.0,Historical,World Bank API
2015,Qatar,QAT,8.01596737055139,1044000000.0,Historical,World Bank API
2016,Qatar,QAT,-0.657206304259205,440000000.0,Historical,World Bank API
2017,Qatar,QAT,-1.78555175063326,298500000.0,Historical,World Bank API
2018,Qatar,QAT,1.08100584845663,10926200195.3125,Historical,World Bank API
2019,Qatar,QAT,9.92540551918624,20760000000.0,Historical,World Bank API
2020,Qatar,QAT,-3.60663231572742,239300000.01192093,Historical,World Bank API
2021,Qatar,QAT,2.00510017681211,16865000000.0,Historical,World Bank API
2022,Qatar,QAT,3.31472008175986,21586000000.0,Historical,World Bank API
2023,Qatar,QAT,5.21122360356247,2349000000.0,Historical,World Bank API
2024,Qatar,QAT,4.92809549611376,449000000.0,Historical,World Bank API
2025,Qatar,QAT,14.4817728129028,11198000000.0,Historical,World Bank API
2000,Romania,ROU,-3.38125925839405,7000000.0,Historical,World Bank API
2001,Romania,ROU,5.80000327485702,188000000.0,Historical,World Bank API
2002,Romania,ROU,1.18350635493289,13455000000.0,Historical,World Bank API
2003,Romania,ROU,9.6344394520444,91000000.0,Historical,World Bank API
2004,Romania,ROU,2.48003785368208,51000000.0,Historical,World Bank API
2005,Romania,ROU,0.259932915907115,437000000.0,Historical,World Bank API
2006,Romania,ROU,2.59946721553708,4160000000.0,Historical,World Bank API
2007,Romania,ROU,4.05741836363771,87000000.0,Historical,World Bank API
2008,Romania,ROU,5.66177120891362,3930000000.0,Historical,World Bank API
2009,Romania,ROU,-0.0418124160447491,7792000000.0,Historical,World Bank API
2010,Romania,ROU,1.15757512207355,123000000.0,Historical,World Bank API
2011,Romania,ROU,5.7100218981806,39000000.0,Historical,World Bank API
2012,Romania,ROU,9.43891626906561,63000000.0,Historical,World Bank API
2013,Romania,ROU,6.00810802487668,26000000.0,Historical,World Bank API
2014,Romania,ROU,1.01221841230461,475000000.0,Historical,World Bank API
2015,Romania,ROU,1.36279965488859,20399000000.0,Historical,World Bank API
2016,Romania,ROU,1.68151074972904,1792000000.0,Historical,World Bank API
2017,Romania,ROU,4.82396626555771,3342000000.0,Historical,World Bank API
2018,Romania,ROU,4.66981481939328,749000000.0,Historical,World Bank API
2019,Romania,ROU,1.56440685763506,178935000000.0,Historical,World Bank API
2020,Romania,ROU,7.17275963956332,477000000.0,Historical,World Bank API
2021,Romania,ROU,-7.14897757727955,195000000.0,Historical,World Bank API
2022,Romania,ROU,1.09999940100751,71900000.0,Historical,World Bank API
2023,Romania,ROU,9.02957330068152,2660000000.0,Historical,World Bank API
2024,Romania,ROU,-4.55329824103478,26341500000.0,Historical,World Bank API
2025,Romania,ROU,4.27482328814457,42000000.0,Historical,World Bank API
2000,Russian Federation,RUS,1.74823102028898,178500000.0,Historical,World Bank API
2001,Russian Federation,RUS,5.79255577727118,548299987.792969,Historical,World Bank API
2002,Russian Federation,RUS,0.502424403581585,447000000.0,Historical,World Bank API
2003,Russian Federation,RUS,5.00536078615544,91000000.0,Historical,World Bank API
2004,Russian Federation,RUS,0.677309361438304,2400000.0,Historical,World Bank API
2005,Russian Federation,RUS,5.41959971808741,9000000.0,Historical,World Bank API
2006,Russian Federation,RUS,5.77693449836185,3099999.90463257,Historical,World Bank API
2007,Russian Federation,RUS,4.30002918567749,16961000000.0,Historical,World Bank API
2008,Russian Federation,RUS,3.90000000017621,246000000.0,Historical,World Bank API
2009,Russian Federation,RUS,-4.79108083383294,14000000.0,Historical,World Bank API
2010,Russian Federation,RUS,5.10545921024041,3386000000.0,Historical,World Bank API
2011,Russian Federation,RUS,3.1145314799161,5356500000.0,Historical,World Bank API
2012,Russian Federation,RUS,2.31929213912838,131399993.896484,Historical,World Bank API
2013,Russian Federation,RUS,1.79305192379529,2125000000.0,Historical,World Bank API
2014,Russian Federation,RUS,6.65705543110467,801000000.0,Historical,World Bank API
2015,Russian Federation,RUS,2.50920813979569,151000000.0,Historical,World Bank API
2016,Russian Federation,RUS,33.6293718505196,25000000.0,Historical,World Bank API
2017,Russian Federation,RUS,-0.811736702186792,2222000000.0,Historical,World Bank API
2018,Russian Federation,RUS,0.684240607051805,12242000000.0,Historical,World Bank API
2019,Russian Federation,RUS,0.752447592962554,116000000.0,Historical,World Bank API
2020,Russian Federation,RUS,3.65221012208734,111000000.0,Historical,World Bank API
2021,Russian Federation,RUS,3.07435550952719,2497000000.0,Historical,World Bank API
2022,Russian Federation,RUS,3.8541277114569,1894000000.0,Historical,World Bank API
2023,Russian Federation,RUS,6.46437912497728,97000000.0,Historical,World Bank API
2024,Russian Federation,RUS,2.22222216259371,52234000000.0,Historical,World Bank API
2025,Russian Federation,RUS,8.15473889823681,4514000000.0,Historical,World Bank API
2000,Rwanda,RWA,1.72569884866334,22510000000.0,Historical,World Bank API
2001,Rwanda,RWA,8.00032074618566,3220000000.0,Historical,World Bank API
2002,Rwanda,RWA,5.51379057542323,3593000000.0,Historical,World Bank API
2003,Rwanda,RWA,2.74788545546916,1841000000.0,Historical,World Bank API
2004,Rwanda,RWA,-7.75530004959877,378000000.0,Historical,World Bank API
2005,Rwanda,RWA,3.64698922103939,3232000000.0,Historical,World Bank API
2006,Rwanda,RWA,1.79252555575545,19049999.952316284,Historical,World Bank API
2007,Rwanda,RWA,4.93947272254312,611000000.0,Historical,World Bank API
2008,Rwanda,RWA,3.58382100798981,26234000000.0,Historical,World Bank API
2009,Rwanda,RWA,-0.341595578089056,471000000.0,Historical,World Bank API
2010,Rwanda,RWA,4.79999983670831,150000000.0,Historical,World Bank API
2011,Rwanda,RWA,3.16388567406926,10674000000.0,Historical,World Bank API
2012,Rwanda,RWA,-2.47791771833224,144000000.0,Historical,World Bank API
2013,Rwanda,RWA,7.22291580811137,4224000000.0,Historical,World Bank API
2014,Rwanda,RWA,3.31894570142394,2521000000.0,Historical,World Bank API
2015,Rwanda,RWA,2.7906547174688,310000000.0,Historical,World Bank API
2016,Rwanda,RWA,4.40315923970431,2646000000.0,Historical,World Bank API
2017,Rwanda,RWA,0.592770817217982,931000000.0,Historical,World Bank API
2018,Rwanda,RWA,-6.64791081780605,6445500000.0,Historical,World Bank API
2019,Rwanda,RWA,6.20355212555867,803000000.0,Historical,World Bank API
2020,Rwanda,RWA,13.5726031401471,458000000.0,Historical,World Bank API
2021,Rwanda,RWA,-7.56634669678148,2700000.04768372,Historical,World Bank API
2022,Rwanda,RWA,-0.108756148262358,337000000.0,Historical,World Bank API
2023,Rwanda,RWA,2.86808404814794,948000000.0,Historical,World Bank API
2024,Rwanda,RWA,5.82749502627256,18920000.0762939,Historical,World Bank API
2025,Rwanda,RWA,0.753938876079573,2295000000.0,Historical,World Bank API
2000,Samoa,WSM,11.3148293929929,292000000.0,Historical,World Bank API
2001,Samoa,WSM,8.57008513166322,27755000000.0,Historical,World Bank API
2002,Samoa,WSM,0.599695390807426,500000000.0,Historical,World Bank API
2003,Samoa,WSM,4.6681480508487,1324000000.0,Historical,World Bank API
2004,Samoa,WSM,13.8999999991133,243000000.0,Historical,World Bank API
2005,Samoa,WSM,2.40000008852115,1203000000.0,Historical,World Bank API
2006,Samoa,WSM,0.793596429787286,35000000.0,Historical,World Bank API
2007,Samoa,WSM,0.534843531905139,2716000000.0,Historical,World Bank API
2008,Samoa,WSM,4.78066505273344,13311000000.0,Historical,World Bank API
2009,Samoa,WSM,0.947542624907697,127000000.0,Historical,World Bank API
2010,Samoa,WSM,4.12371134020613,1500000.0,Historical,World Bank API
2011,Samoa,WSM,0.527827266310538,48099998.4741211,Historical,World Bank API
2012,Samoa,WSM,5.8155918263088,964000000.0,Historical,World Bank API
2013,Samoa,WSM,0.26992966378873,28213000000.0,Historical,World Bank API
2014,Samoa,WSM,6.51929155018938,5523000000.0,Historical,World Bank API
2015,Samoa,WSM,6.09645656326154,469000000.0,Historical,World Bank API
2016,Samoa,WSM,4.77433934943193,57000000.0,Historical,World Bank API
2017,Samoa,WSM,-1.15748291975636,900000000.0,Historical,World Bank API
2018,Samoa,WSM,2.92516077248489,649000000.0,Historical,World Bank API
2019,Samoa,WSM,8.29396129093843,1854000000.0,Historical,World Bank API
2020,Samoa,WSM,7.9343365253078,1069000000.0,Historical,World Bank API
2021,Samoa,WSM,2.52306333975571,947000000.0,Historical,World Bank API
2022,Samoa,WSM,7.40000016310556,179100006.103516,Historical,World Bank API
2023,Samoa,WSM,4.11227376264944,3700000.04768372,Historical,World Bank API
2024,Samoa,WSM,4.33666597851041,1305000000.0,Historical,World Bank API
2025,Samoa,WSM,-6.53652076215215,76000000.0,Historical,World Bank API
2000,San Marino,SMR,6.00134232203442,395000000.0,Historical,World Bank API
2001,San Marino,SMR,0.397065216763636,217000000.0,Historical,World Bank API
2002,San Marino,SMR,9.31062252641144,5796000000.0,Historical,World Bank API
2003,San Marino,SMR,-0.443956070983248,1080000000.0,Historical,World Bank API
2004,San Marino,SMR,-3.41390821153806,947000000.0,Historical,World Bank API
2005,San Marino,SMR,0.763041912763526,1757000000.0,Historical,World Bank API
2006,San Marino,SMR,1.82014181387615,14699999.8092651,Historical,World Bank API
2007,San Marino,SMR,5.79354358463304,109000000.0,Historical,World Bank API
2008,San Marino,SMR,3.761814250899995,388000000.0,Historical,World Bank API
2009,San Marino,SMR,2.38777942738729,42491000000.0,Historical,World Bank API
2010,San Marino,SMR,-4.68845000956652,253000000.0,Historical,World Bank API
2011,San Marino,SMR,2.9138222142611,687000000.0,Historical,World Bank API
2012,San Marino,SMR,3.47663162118089,23100000.3814697,Historical,World Bank API
2013,San Marino,SMR,5.03485413839893,14191500000.0,Historical,World Bank API
2014,San Marino,SMR,0.659923768782861,147699996.948242,Historical,World Bank API
2015,San Marino,SMR,-11.1839399355384,1910000000.0,Historical,World Bank API
2016,San Marino,SMR,-0.0900428648493801,865000000.0,Historical,World Bank API
2017,San Marino,SMR,3.69331046215919,869000000.0,Historical,World Bank API
2018,San Marino,SMR,11.3170358267109,110000000.0,Historical,World Bank API
2019,San Marino,SMR,5.88108550658288,99000000.0,Historical,World Bank API
2020,San Marino,SMR,6.35849192736715,4699999.80926514,Historical,World Bank API
2021,San Marino,SMR,3.50000000000006,248000000.0,Historical,World Bank API
2022,San Marino,SMR,5.46906413252854,553550003.051758,Historical,World Bank API
2023,San Marino,SMR,6.04999082563968,1853000000.0,Historical,World Bank API
2024,San Marino,SMR,2.73717988632104,4351000000.0,Historical,World Bank API
2025,San Marino,SMR,-1.26369434781117,3974000000.0,Historical,World Bank API
2000,Sao Tome and Principe,STP,1.41411799339429,57000000.0,Historical,World Bank API
2001,Sao Tome and Principe,STP,4.67359979952391,11757000000.0,Historical,World Bank API
2002,Sao Tome and Principe,STP,3.33920311195367,740000000.0,Historical,World Bank API
2003,Sao Tome and Principe,STP,2.80033312513012,542500000.0,Historical,World Bank API
2004,Sao Tome and Principe,STP,2.88585242083978,1225000000.0,Historical,World Bank API
2005,Sao Tome and Principe,STP,4.43004572118211,1191850006.1035156,Historical,World Bank API
2006,Sao Tome and Principe,STP,2.64981203780268,485000000.0,Historical,World Bank API
2007,Sao Tome and Principe,STP,5.82425069283059,233000000.0,Historical,World Bank API
2008,Sao Tome and Principe,STP,2.74296344906655,19994000000.0,Historical,World Bank API
2009,Sao Tome and Principe,STP,-4.16539345213232,24746500000.0,Historical,World Bank API
2010,Sao Tome and Principe,STP,0.617892325624297,763000000.0,Historical,World Bank API
2011,Sao Tome and Principe,STP,3.50499314666143,1468000000.0,Historical,World Bank API
2012,Sao Tome and Principe,STP,1.3108037609606,6366000000.0,Historical,World Bank API
2013,Sao Tome and Principe,STP,-1.4909411172622,170000000.0,Historical,World Bank API
2014,Sao Tome and Principe,STP,9.7568044629903,20416000000.0,Historical,World Bank API
2015,Sao Tome and Principe,STP,2.62600982683425,1665000000.0,Historical,World Bank API
2016,Sao Tome and Principe,STP,-0.555580977246521,69000000.0,Historical,World Bank API
2017,Sao Tome and Principe,STP,6.3651616786311,288000000.0,Historical,World Bank API
2018,Sao Tome and Principe,STP,-4.179791613232,1816000000.0,Historical,World Bank API
2019,Sao Tome and Principe,STP,6.94252492572348,173000000.0,Historical,World Bank API
2020,Sao Tome and Principe,STP,6.49476552383821,13413000000.0,Historical,World Bank API
2021,Sao Tome and Principe,STP,5.40131087314342,620000000.0,Historical,World Bank API
2022,Sao Tome and Principe,STP,6.54151084504817,928000000.0,Historical,World Bank API
2023,Sao Tome and Principe,STP,-0.13364573653061,9715000000.0,Historical,World Bank API
2024,Sao Tome and Principe,STP,6.24796000755872,833000000.0,Historical,World Bank API
2025,Sao Tome and Principe,STP,0.542592439393161,5960000000.0,Historical,World Bank API
2000,Saudi Arabia,SAU,4.69999999867412,762000000.0,Historical,World Bank API
2001,Saudi Arabia,SAU,2.44565179664245,1149000000.0,Historical,World Bank API
2002,Saudi Arabia,SAU,3.40379866177662,518000000.0,Historical,World Bank API
2003,Saudi Arabia,SAU,6.34586743997545,5000000.0,Historical,World Bank API
2004,Saudi Arabia,SAU,9.99358032292079,345000000.0,Historical,World Bank API
2005,Saudi Arabia,SAU,3.73114034433009,626700012.207031,Historical,World Bank API
2006,Saudi Arabia,SAU,2.65269329543001,461000000.0,Historical,World Bank API
2007,Saudi Arabia,SAU,2.95130642218098,518000000.0,Historical,World Bank API
2008,Saudi Arabia,SAU,3.3381010943571,18500000.0,Historical,World Bank API
2009,Saudi Arabia,SAU,3.07472661826947,7002000000.0,Historical,World Bank API
2010,Saudi Arabia,SAU,11.1612473247323,224000000.0,Historical,World Bank API
2011,Saudi Arabia,SAU,1.76282051282051,22000000.0,Historical,World Bank API
2012,Saudi Arabia,SAU,8.67980010138049,48000000.0,Historical,World Bank API
2013,Saudi Arabia,SAU,4.94286301229583,1409000000.0,Historical,World Bank API
2014,Saudi Arabia,SAU,3.96467568513113,594000000.0,Historical,World Bank API
2015,Saudi Arabia,SAU,-1.86595582635186,500000000.0,Historical,World Bank API
2016,Saudi Arabia,SAU,3.69481894978053,1160699951.17188,Historical,World Bank API
2017,Saudi Arabia,SAU,2.78154619309936,21844699218.75,Historical,World Bank API
2018,Saudi Arabia,SAU,2.75228761004381,1007000000.0,Historical,World Bank API
2019,Saudi Arabia,SAU,-3.60663231572742,168500000.0,Historical,World Bank API
2020,Saudi Arabia,SAU,1.3723501275831,11490000000.0,Historical,World Bank API
2021,Saudi Arabia,SAU,1.73762453640036,12984000000.0,Historical,World Bank API
2022,Saudi Arabia,SAU,4.69328316376705,928000000.0,Historical,World Bank API
2023,Saudi Arabia,SAU,-7.92905234231061,7561000000.0,Historical,World Bank API
2024,Saudi Arabia,SAU,0.35861253942069,4454000000.0,Historical,World Bank API
2025,Saudi Arabia,SAU,7.68364102152745,3519999.98092651,Historical,World Bank API
2000,Senegal,SEN,-1.2760241773002,1071000000.0,Historical,World Bank API
2001,Senegal,SEN,3.14009099763754,191000000.0,Historical,World Bank API
2002,Senegal,SEN,12.0255134340315,136000000.0,Historical,World Bank API
2003,Senegal,SEN,10.2653784307473,26000000.0,Historical,World Bank API
2004,Senegal,SEN,14.1499854947127,27755000000.0,Historical,World Bank API
2005,Senegal,SEN,10.1088576065965,14294000000.0,Historical,World Bank API
2006,Senegal,SEN,5.70758404238197,4230000.01907349,Historical,World Bank API
2007,Senegal,SEN,6.19289331233377,1400000000.0,Historical,World Bank API
2008,Senegal,SEN,6.62317299177447,6702000000.0,Historical,World Bank API
2009,Senegal,SEN,6.09982524004147,123000000.0,Historical,World Bank API
2010,Senegal,SEN,-4.36333262093788,37000000.0,Historical,World Bank API
2011,Senegal,SEN,4.92309171717903,15362000000.0,Historical,World Bank API
2012,Senegal,SEN,1.12638897730247,782000000.0,Historical,World Bank API
2013,Senegal,SEN,2.47048260499609,912000000.0,Historical,World Bank API
2014,Senegal,SEN,-2.29737452570922,17023000000.0,Historical,World Bank API
2015,Senegal,SEN,3.39755336780412,3568000000.0,Historical,World Bank API
2016,Senegal,SEN,-6.64587816297836,881000000.0,Historical,World Bank API
2017,Senegal,SEN,2.09723059960317,2196000000.0,Historical,World Bank API
2018,Senegal,SEN,2.79560596320081,94814000000.0,Historical,World Bank API
2019,Senegal,SEN,3.60332156667053,164000000.0,Historical,World Bank API
2020,Senegal,SEN,10.9154694528045,585000000.0,Historical,World Bank API
2021,Senegal,SEN,4.11297966281954,65900000.0,Historical,World Bank API
2022,Senegal,SEN,9.10780623385958,416000000.0,Historical,World Bank API
2023,Senegal,SEN,-4.55329824103478,30481500000.0,Historical,World Bank API
2024,Senegal,SEN,18.3331986932345,50000000.0,Historical,World Bank API
2025,Senegal,SEN,1.0,1234259999.9904633,Historical,World Bank API
2000,Serbia,SRB,2.9715174617652,438000000.0,Historical,World Bank API
2001,Serbia,SRB,-1.3178567596495,93000000.0,Historical,World Bank API
2002,Serbia,SRB,1.96260090694645,69000000.0,Historical,World Bank API
2003,Serbia,SRB,0.0,2400000.0,Historical,World Bank API
2004,Serbia,SRB,1.04757663187654,2546000000.0,Historical,World Bank API
2005,Serbia,SRB,4.72473994710138,1762000000.0,Historical,World Bank API
2006,Serbia,SRB,7.29995234528189,5879000000.0,Historical,World Bank API
2007,Serbia,SRB,1.19999999969519,361000000.0,Historical,World Bank API
2008,Serbia,SRB,-4.13319850131583,14000000.0,Historical,World Bank API
2009,Serbia,SRB,5.81272240983328,20311000000.0,Historical,World Bank API
2010,Serbia,SRB,-10.7933646271143,12000000.0,Historical,World Bank API
2011,Serbia,SRB,4.64303087074482,94500000.0,Historical,World Bank API
2012,Serbia,SRB,-3.65251727541954,3726500000.0,Historical,World Bank API
2013,Serbia,SRB,3.42180870116162,415000000.0,Historical,World Bank API
2014,Serbia,SRB,-7.53636305379372,708000000.0,Historical,World Bank API
2015,Serbia,SRB,0.453901876447787,15600000.3814697,Historical,World Bank API
2016,Serbia,SRB,1.34492956615135,1494000000.0,Historical,World Bank API
2017,Serbia,SRB,3.26082274679216,7161000000.0,Historical,World Bank API
2018,Serbia,SRB,7.70128607527964,1291000000.0,Historical,World Bank API
2019,Serbia,SRB,1.44724556489263,198000000.0,Historical,World Bank API
2020,Serbia,SRB,0.0428158336981426,834000000.0,Historical,World Bank API
2021,Serbia,SRB,1.93867445549446,1303000000.0,Historical,World Bank API
2022,Serbia,SRB,4.73956739963045,59000000.0,Historical,World Bank API
2023,Serbia,SRB,0.887902330743628,53402000000.0,Historical,World Bank API
2024,Serbia,SRB,4.12221286860944,8201000000.0,Historical,World Bank API
2025,Serbia,SRB,5.50267599385063,2465000000.0,Historical,World Bank API
2000,Seychelles,SYC,10.9433600681694,1109000000.0,Historical,World Bank API
2001,Seychelles,SYC,7.546471200426,1557000000.0,Historical,World Bank API
2002,Seychelles,SYC,4.57196696307969,6283000000.0,Historical,World Bank API
2003,Seychelles,SYC,-1.55229489129462,67000000.0,Historical,World Bank API
2004,Seychelles,SYC,9.42189269033631,705000000.0,Historical,World Bank API
2005,Seychelles,SYC,3.46612222755311,898500000.0,Historical,World Bank API
2006,Seychelles,SYC,4.50513204312067,352000000.0,Historical,World Bank API
2007,Seychelles,SYC,2.75564065529868,39059000000.0,Historical,World Bank API
2008,Seychelles,SYC,-7.44064589948231,35958000000.0,Historical,World Bank API
2009,Seychelles,SYC,0.718990177344025,27000000.0,Historical,World Bank API
2010,Seychelles,SYC,1.88102769675844,6548000000.0,Historical,World Bank API
2011,Seychelles,SYC,-1.90025367202547,254000000.0,Historical,World Bank API
2012,Seychelles,SYC,2.03216990678146,6671000000.0,Historical,World Bank API
2013,Seychelles,SYC,-19.4973343488195,708500000.0,Historical,World Bank API
2014,Seychelles,SYC,4.30118228020602,24615400390.625,Historical,World Bank API
2015,Seychelles,SYC,4.31717986636224,1573000000.0,Historical,World Bank API
2016,Seychelles,SYC,2.47975694278544,610000000.0,Historical,World Bank API
2017,Seychelles,SYC,-7.04453441295546,3934500000.0,Historical,World Bank API
2018,Seychelles,SYC,-0.59441122698307,557000000.0,Historical,World Bank API
2019,Seychelles,SYC,3.53257662836211,7300000.19073486,Historical,World Bank API
2020,Seychelles,SYC,6.93004446202892,3099999.90463257,Historical,World Bank API
2021,Seychelles,SYC,-0.410304726290235,382000000.0,Historical,World Bank API
2022,Seychelles,SYC,4.12672259105658,339000000.0,Historical,World Bank API
2023,Seychelles,SYC,6.1340893623123,6800000.19073486,Historical,World Bank API
2024,Seychelles,SYC,-0.307246896026541,10961000000.0,Historical,World Bank API
2025,Seychelles,SYC,6.2994265836889,1261000000.0,Historical,World Bank API
2000,Sierra Leone,SLE,7.77872409446717,27755000000.0,Historical,World Bank API
2001,Sierra Leone,SLE,4.09999999309841,2651000000.0,Historical,World Bank API
2002,Sierra Leone,SLE,1.53979117720789,14318000000.0,Historical,World Bank API
2003,Sierra Leone,SLE,5.33326426009945,537000000.0,Historical,World Bank API
2004,Sierra Leone,SLE,3.19999911373272,384000000.0,Historical,World Bank API
2005,Sierra Leone,SLE,1.90000000072909,35000000.0,Historical,World Bank API
2006,Sierra Leone,SLE,1.15794695181735,9706000000.0,Historical,World Bank API
2007,Sierra Leone,SLE,1.71412195515242,7447000000.0,Historical,World Bank API
2008,Sierra Leone,SLE,-2.02390004072058,83000000.0,Historical,World Bank API
2009,Sierra Leone,SLE,0.0,600000.0,Historical,World Bank API
2010,Sierra Leone,SLE,0.824396914081831,17299999.2370605,Historical,World Bank API
2011,Sierra Leone,SLE,3.23997361448569,708000000.0,Historical,World Bank API
2012,Sierra Leone,SLE,-2.02161548237589,2661000000.0,Historical,World Bank API
2013,Sierra Leone,SLE,3.30394098171516,1002000000.0,Historical,World Bank API
2014,Sierra Leone,SLE,21.9244861205987,84000000.0,Historical,World Bank API
2015,Sierra Leone,SLE,7.19298728463697,18000000.0,Historical,World Bank API
2016,Sierra Leone,SLE,-1.15748291975636,420500000.0,Historical,World Bank API
2017,Sierra Leone,SLE,10.9650009352392,708000000.0,Historical,World Bank API
2018,Sierra Leone,SLE,3.37866553336166,1007000000.0,Historical,World Bank API
2019,Sierra Leone,SLE,5.79268292682926,209000000.0,Historical,World Bank API
2020,Sierra Leone,SLE,6.89860030860218,859000000.0,Historical,World Bank API
2021,Sierra Leone,SLE,7.49999946321525,286600006.103516,Historical,World Bank API
2022,Sierra Leone,SLE,3.83185756925806,3700000.04768372,Historical,World Bank API
2023,Sierra Leone,SLE,5.30719722664799,3533000000.0,Historical,World Bank API
2024,Sierra Leone,SLE,7.34589375241519,63000000.0,Historical,World Bank API
2025,Sierra Leone,SLE,7.45141847621768,57000000.0,Historical,World Bank API
2000,Singapore,SGP,-10.9494359030206,1152000000.0,Historical,World Bank API
2001,Singapore,SGP,-0.0461080109713521,880000000.0,Historical,World Bank API
2002,Singapore,SGP,6.68686836863701,220000000.0,Historical,World Bank API
2003,Singapore,SGP,-2.73345679250639,1254000000.0,Historical,World Bank API
2004,Singapore,SGP,4.84448705175076,849000000.0,Historical,World Bank API
2005,Singapore,SGP,-0.392690505066824,25847000000.0,Historical,World Bank API
2006,Singapore,SGP,-13.9643375197179,1043000000.0,Historical,World Bank API
2007,Singapore,SGP,2.42565818842803,393000000.0,Historical,World Bank API
2008,Singapore,SGP,2.1279154483889,20236000000.0,Historical,World Bank API
2009,Singapore,SGP,-0.456183223607937,237000000.0,Historical,World Bank API
2010,Singapore,SGP,2.35997228099491,2019000000.0,Historical,World Bank API
2011,Singapore,SGP,8.5334898318451,60500000.0,Historical,World Bank API
2012,Singapore,SGP,5.03485413839893,1380000000.0,Historical,World Bank API
2013,Singapore,SGP,2.13212714677351,88400001.5258789,Historical,World Bank API
2014,Singapore,SGP,-4.97444371853503,1910000000.0,Historical,World Bank API
2015,Singapore,SGP,5.63467248963991,2124000000.0,Historical,World Bank API
2016,Singapore,SGP,3.70319027595568,231000000.0,Historical,World Bank API
2017,Singapore,SGP,10.042808415173,58000000.0,Historical,World Bank API
2018,Singapore,SGP,5.6408051539139,36000000.0,Historical,World Bank API
2019,Singapore,SGP,5.61211177430975,2119999.88555908,Historical,World Bank API
2020,Singapore,SGP,2.10010882688805,246000000.0,Historical,World Bank API
2021,Singapore,SGP,1.30162365464503,41415000000.0,Historical,World Bank API
2022,Singapore,SGP,3.71500590367266,3814350000.023842,Historical,World Bank API
2023,Singapore,SGP,4.16166755544407,1266000000.0,Historical,World Bank API
2024,Singapore,SGP,-1.84413421831884,3535000000.0,Historical,World Bank API
2025,Singapore,SGP,1.98948554025198,183000000.0,Historical,World Bank API
2000,Sint Maarten (Dutch part),SXM,3.3,905000000.0,Historical,World Bank API
2001,Sint Maarten (Dutch part),SXM,3.81235122208561,1370000000.0,Historical,World Bank API
2002,Sint Maarten (Dutch part),SXM,5.00791900868131,518000000.0,Historical,World Bank API
2003,Sint Maarten (Dutch part),SXM,6.0064715363132,108000000.0,Historical,World Bank API
2004,Sint Maarten (Dutch part),SXM,6.06987060733128,5284000000.0,Historical,World Bank API
2005,Sint Maarten (Dutch part),SXM,4.12868774866939,683700012.207031,Historical,World Bank API
2006,Sint Maarten (Dutch part),SXM,0.805886619102438,2615000000.0,Historical,World Bank API
2007,Sint Maarten (Dutch part),SXM,6.8738384408164,660000000.0,Historical,World Bank API
2008,Sint Maarten (Dutch part),SXM,-2.10017302488848,3200000.0,Historical,World Bank API
2009,Sint Maarten (Dutch part),SXM,4.35823667337156,8282000000.0,Historical,World Bank API
2010,Sint Maarten (Dutch part),SXM,7.33465645006753,224000000.0,Historical,World Bank API
2011,Sint Maarten (Dutch part),SXM,-1.67938931297709,22000000.0,Historical,World Bank API
2012,Sint Maarten (Dutch part),SXM,8.67980010138049,48000000.0,Historical,World Bank API
2013,Sint Maarten (Dutch part),SXM,3.49440422654285,1409000000.0,Historical,World Bank API
2014,Sint Maarten (Dutch part),SXM,5.44506127885352,808000000.0,Historical,World Bank API
2015,Sint Maarten (Dutch part),SXM,-2.50287828947368,500000000.0,Historical,World Bank API
2016,Sint Maarten (Dutch part),SXM,4.09217081621244,1169500000.0,Historical,World Bank API
2017,Sint Maarten (Dutch part),SXM,2.30009157916757,23723900390.625,Historical,World Bank API
2018,Sint Maarten (Dutch part),SXM,1.61444564976986,1007000000.0,Historical,World Bank API
2019,Sint Maarten (Dutch part),SXM,-3.60663231572742,179500000.0,Historical,World Bank API
2020,Sint Maarten (Dutch part),SXM,-1.22428900061713,13781000000.0,Historical,World Bank API
2021,Sint Maarten (Dutch part),SXM,7.18215168021513,4463000000.0,Historical,World Bank API
2022,Sint Maarten (Dutch part),SXM,3.75510031678988,1460000000.0,Historical,World Bank API
2023,Sint Maarten (Dutch part),SXM,5.23795652902595,7561000000.0,Historical,World Bank API
2024,Sint Maarten (Dutch part),SXM,2.88824010651439,3745000000.0,Historical,World Bank API
2025,Sint Maarten (Dutch part),SXM,4.13726239664898,30899999.6185303,Historical,World Bank API
2000,Slovak Republic,SVK,3.53525197391507,4119000000.0,Historical,World Bank API
2001,Slovak Republic,SVK,5.3985084485368,382000000.0,Historical,World Bank API
2002,Slovak Republic,SVK,6.69435192565855,225500000.0,Historical,World Bank API
2003,Slovak Republic,SVK,2.53218349471909,1124500000.0,Historical,World Bank API
2004,Slovak Republic,SVK,3.80745626378814,28000000.0,Historical,World Bank API
2005,Slovak Republic,SVK,3.49218336365178,145000000.0,Historical,World Bank API
2006,Slovak Republic,SVK,-4.66629938413338,27000000.0,Historical,World Bank API
2007,Slovak Republic,SVK,3.13719442170364,19994000000.0,Historical,World Bank API
2008,Slovak Republic,SVK,-0.385866882198087,10120585000.038147,Historical,World Bank API
2009,Slovak Republic,SVK,-0.401855100701937,409000000.0,Historical,World Bank API
2010,Slovak Republic,SVK,7.09118746633975,3232000000.0,Historical,World Bank API
2011,Slovak Republic,SVK,2.77635180744053,5652000000.0,Historical,World Bank API
2012,Slovak Republic,SVK,-0.162048238799883,99000000.0,Historical,World Bank API
2013,Slovak Republic,SVK,4.81763099120676,19231000000.0,Historical,World Bank API
2014,Slovak Republic,SVK,2.47980879185565,2004099975.58594,Historical,World Bank API
2015,Slovak Republic,SVK,3.39403899592401,28700000.7629395,Historical,World Bank API
2016,Slovak Republic,SVK,7.00463457384886,154000000.0,Historical,World Bank API
2017,Slovak Republic,SVK,5.67459177685805,2972000000.0,Historical,World Bank API
2018,Slovak Republic,SVK,5.79258484509867,200000000.0,Historical,World Bank API
2019,Slovak Republic,SVK,6.45385134497769,29143000000.0,Historical,World Bank API
2020,Slovak Republic,SVK,7.98570728354278,669000000.0,Historical,World Bank API
2021,Slovak Republic,SVK,-1.92993063549235,827000000.0,Historical,World Bank API
2022,Slovak Republic,SVK,4.3270764246793,7625000000.0,Historical,World Bank API
2023,Slovak Republic,SVK,8.52690551739717,385000000.0,Historical,World Bank API
2024,Slovak Republic,SVK,4.65512316652699,11183000000.0,Historical,World Bank API
2025,Slovak Republic,SVK,10.4418119882506,1702000000.0,Historical,World Bank API
2000,Slovenia,SVN,1.03279422025963,952000000.0,Historical,World Bank API
2001,Slovenia,SVN,3.36040609974133,1593000000.0,Historical,World Bank API
2002,Slovenia,SVN,3.1756114423991,231000000.0,Historical,World Bank API
2003,Slovenia,SVN,-2.98986879467928,217000000.0,Historical,World Bank API
2004,Slovenia,SVN,5.33235117216407,5252000000.0,Historical,World Bank API
2005,Slovenia,SVN,6.59113036068679,337000000.0,Historical,World Bank API
2006,Slovenia,SVN,3.83745560605229,1157000000.0,Historical,World Bank API
2007,Slovenia,SVN,3.64259587408398,73699996.9482422,Historical,World Bank API
2008,Slovenia,SVN,4.56632593100372,5170000.07629395,Historical,World Bank API
2009,Slovenia,SVN,8.37089593548548,27000000.0,Historical,World Bank API
2010,Slovenia,SVN,-4.09836065573771,22000000.0,Historical,World Bank API
2011,Slovenia,SVN,8.67980010138049,26000000.0,Historical,World Bank API
2012,Slovenia,SVN,3.86813536494475,2691000000.0,Historical,World Bank API
2013,Slovenia,SVN,-10.9400706350371,14311500000.0,Historical,World Bank API
2014,Slovenia,SVN,9.31715641086083,500000000.0,Historical,World Bank API
2015,Slovenia,SVN,3.27602692588886,791000000.0,Historical,World Bank API
2016,Slovenia,SVN,1.31932032302214,16495000000.0,Historical,World Bank API
2017,Slovenia,SVN,3.09032803070775,3042000000.0,Historical,World Bank API
2018,Slovenia,SVN,-0.393646583111035,25000000.0,Historical,World Bank API
2019,Slovenia,SVN,-0.535039063867487,2060000000.0,Historical,World Bank API
2020,Slovenia,SVN,-0.930521045062918,7687000000.0,Historical,World Bank API
2021,Slovenia,SVN,8.35243624447406,827000000.0,Historical,World Bank API
2022,Slovenia,SVN,2.77567100848816,4687000000.0,Historical,World Bank API
2023,Slovenia,SVN,1.31718713754285,5472000000.0,Historical,World Bank API
2024,Slovenia,SVN,2.66850555542486,1418000000.0,Historical,World Bank API
2025,Slovenia,SVN,0.787402032457734,695000000.0,Historical,World Bank API
2000,Solomon Islands,SLB,2.12075933817334,911000000.0,Historical,World Bank API
2001,Solomon Islands,SLB,-1.21952250011192,113000000.0,Historical,World Bank API
2002,Solomon Islands,SLB,2.54182067735289,15360000000.0,Historical,World Bank API
2003,Solomon Islands,SLB,2.22827020924117,229000000.0,Historical,World Bank API
2004,Solomon Islands,SLB,9.60000000136854,803000000.0,Historical,World Bank API
2005,Solomon Islands,SLB,13.5437706216546,2799999.95231628,Historical,World Bank API
2006,Solomon Islands,SLB,-27.6579678662627,546000000.0,Historical,World Bank API
2007,Solomon Islands,SLB,3.94077381708404,663000000.0,Historical,World Bank API
2008,Solomon Islands,SLB,-30.145132727942,59000000.0,Historical,World Bank API
2009,Solomon Islands,SLB,3.74975804751641,22000000.0,Historical,World Bank API
2010,Solomon Islands,SLB,-0.250726423318454,18471000000.0,Historical,World Bank API
2011,Solomon Islands,SLB,1.80687498305207,782000000.0,Historical,World Bank API
2012,Solomon Islands,SLB,-4.6000000255323,354000000.0,Historical,World Bank API
2013,Solomon Islands,SLB,1.57566198688916,9392000000.0,Historical,World Bank API
2014,Solomon Islands,SLB,6.65438792422609,4181000000.0,Historical,World Bank API
2015,Solomon Islands,SLB,1.16931174886884,881000000.0,Historical,World Bank API
2016,Solomon Islands,SLB,2.46374626574153,6565000000.0,Historical,World Bank API
2017,Solomon Islands,SLB,8.5431118453255,2166500000.0,Historical,World Bank API
2018,Solomon Islands,SLB,-2.15401249077306,58000000.0,Historical,World Bank API
2019,Solomon Islands,SLB,3.10289874199981,189000000.0,Historical,World Bank API
2020,Solomon Islands,SLB,1.44845522890635,11100000.0,Historical,World Bank API
2021,Solomon Islands,SLB,1.42161997595372,802000000.0,Historical,World Bank API
2022,Solomon Islands,SLB,8.36408573314054,3529000000.0,Historical,World Bank API
2023,Solomon Islands,SLB,2.50192717852873,20100000.3814697,Historical,World Bank API
2024,Solomon Islands,SLB,1.0,1348500000.0,Historical,World Bank API
2025,Solomon Islands,SLB,-3.0044555389081,753000000.0,Historical,World Bank API
2000,"Somalia, Fed. Rep.",SOM,63.3346343654855,28000000.0,Historical,World Bank API
2001,"Somalia, Fed. Rep.",SOM,7.26813490213235,30100000.3814697,Historical,World Bank API
2002,"Somalia, Fed. Rep.",SOM,2.4390243902439,1200000.0,Historical,World Bank API
2003,"Somalia, Fed. Rep.",SOM,3.91263576716115,4409000000.0,Historical,World Bank API
2004,"Somalia, Fed. Rep.",SOM,3.03634482668815,880000000.0,Historical,World Bank API
2005,"Somalia, Fed. Rep.",SOM,5.58735072538869,1611000000.0,Historical,World Bank API
2006,"Somalia, Fed. Rep.",SOM,2.99999999863043,477000000.0,Historical,World Bank API
2007,"Somalia, Fed. Rep.",SOM,7.70491760658767,14000000.0,Historical,World Bank API
2008,"Somalia, Fed. Rep.",SOM,7.42484738326097,19619000000.0,Historical,World Bank API
2009,"Somalia, Fed. Rep.",SOM,3.37364847715736,22000000.0,Historical,World Bank API
2010,"Somalia, Fed. Rep.",SOM,-13.5228997055506,9313000000.0,Historical,World Bank API
2011,"Somalia, Fed. Rep.",SOM,3.96332516398188,548000000.0,Historical,World Bank API
2012,"Somalia, Fed. Rep.",SOM,3.94503776051116,232000000.0,Historical,World Bank API
2013,"Somalia, Fed. Rep.",SOM,3.39173707807387,557000000.0,Historical,World Bank API
2014,"Somalia, Fed. Rep.",SOM,0.0810705153264877,15600000.3814697,Historical,World Bank API
2015,"Somalia, Fed. Rep.",SOM,0.429162533780342,51910000000.0,Historical,World Bank API
2016,"Somalia, Fed. Rep.",SOM,5.69201612823412,2769000000.0,Historical,World Bank API
2017,"Somalia, Fed. Rep.",SOM,3.9352315052778,1291000000.0,Historical,World Bank API
2018,"Somalia, Fed. Rep.",SOM,7.12131217762231,76000000.0,Historical,World Bank API
2019,"Somalia, Fed. Rep.",SOM,4.04691318575325,834000000.0,Historical,World Bank API
2020,"Somalia, Fed. Rep.",SOM,2.87473327453695,3024000000.0,Historical,World Bank API
2021,"Somalia, Fed. Rep.",SOM,6.18016125475185,724000000.0,Historical,World Bank API
2022,"Somalia, Fed. Rep.",SOM,2.8765231247659,24943000000.0,Historical,World Bank API
2023,"Somalia, Fed. Rep.",SOM,3.19224973015831,5426000000.0,Historical,World Bank API
2024,"Somalia, Fed. Rep.",SOM,6.33652342666889,1279000000.0,Historical,World Bank API
2025,"Somalia, Fed. Rep.",SOM,4.28071482662371,397000000.0,Historical,World Bank API
2000,South Africa,ZAF,-36.6567804383165,186000000.0,Historical,World Bank API
2001,South Africa,ZAF,10.197432548532,2208000000.0,Historical,World Bank API
2002,South Africa,ZAF,0.463390415135095,314000000.0,Historical,World Bank API
2003,South Africa,ZAF,-3.20613171902549,706000000.0,Historical,World Bank API
2004,South Africa,ZAF,6.35917030567686,41478000000.0,Historical,World Bank API
2005,South Africa,ZAF,1.21283290259314,247000000.0,Historical,World Bank API
2006,South Africa,ZAF,3.62398503565633,27189000000.0,Historical,World Bank API
2007,South Africa,ZAF,0.781756446231,66054000000.0,Historical,World Bank API
2008,South Africa,ZAF,2.17575003627566,27000000.0,Historical,World Bank API
2009,South Africa,ZAF,-2.43538583612838,19000000.0,Historical,World Bank API
2010,South Africa,ZAF,1.4660608198711,155000000.0,Historical,World Bank API
2011,South Africa,ZAF,3.93393162712054,4998000000.0,Historical,World Bank API
2012,South Africa,ZAF,1.3959390862944,2335500000.0,Historical,World Bank API
2013,South Africa,ZAF,7.08767348587587,25587099609.375,Historical,World Bank API
2014,South Africa,ZAF,1.01507036990908,42900001.5258789,Historical,World Bank API
2015,South Africa,ZAF,4.69458187079211,394000000.0,Historical,World Bank API
2016,South Africa,ZAF,2.42510699001426,1811500000.0,Historical,World Bank API
2017,South Africa,ZAF,5.29366572819954,726000000.0,Historical,World Bank API
2018,South Africa,ZAF,1.70425806017289,14199999.8092651,Historical,World Bank API
2019,South Africa,ZAF,-3.45728276294712,1185000000.0,Historical,World Bank API
2020,South Africa,ZAF,0.312226855858171,367000000.0,Historical,World Bank API
2021,South Africa,ZAF,2.7113398370071,243000000.0,Historical,World Bank API
2022,South Africa,ZAF,2.55982647078751,2200000.04768372,Historical,World Bank API
2023,South Africa,ZAF,2.36630664656174,7142000000.0,Historical,World Bank API
2024,South Africa,ZAF,6.50000004682975,1182000000.0,Historical,World Bank API
2025,South Africa,ZAF,0.521367977246825,1034000000.0,Historical,World Bank API
2000,South Sudan,SSD,7.47636606631011,1280000000.0,Historical,World Bank API
2001,South Sudan,SSD,7.62828592298754,1682000000.0,Historical,World Bank API
2002,South Sudan,SSD,3.9181980847881,7139000000.0,Historical,World Bank API
2003,South Sudan,SSD,2.093743250054,67000000.0,Historical,World Bank API
2004,South Sudan,SSD,3.72297491128981,2178000000.0,Historical,World Bank API
2005,South Sudan,SSD,4.18791409957151,19350000.02384186,Historical,World Bank API
2006,South Sudan,SSD,3.1106784939243,429000000.0,Historical,World Bank API
2007,South Sudan,SSD,2.29331030192918,43975000000.0,Historical,World Bank API
2008,South Sudan,SSD,2.71676264185913,35958000000.0,Historical,World Bank API
2009,South Sudan,SSD,2.10771608200733,57000000.0,Historical,World Bank API
2010,South Sudan,SSD,2.79313782840156,7628000000.0,Historical,World Bank API
2011,South Sudan,SSD,3.74440625524871,254000000.0,Historical,World Bank API
2012,South Sudan,SSD,3.65981615406955,6929000000.0,Historical,World Bank API
2013,South Sudan,SSD,-29.0598290598291,1235500000.0,Historical,World Bank API
2014,South Sudan,SSD,3.99180705485398,24615400390.625,Historical,World Bank API
2015,South Sudan,SSD,3.97666636818026,2008000000.0,Historical,World Bank API
2016,South Sudan,SSD,-2.37054804425912,574000000.0,Historical,World Bank API
2017,South Sudan,SSD,-0.702370500438988,5986000000.0,Historical,World Bank API
2018,South Sudan,SSD,-4.04244724639663,19000000.0,Historical,World Bank API
2019,South Sudan,SSD,2.97391075973985,7300000.19073486,Historical,World Bank API
2020,South Sudan,SSD,-1.56167510462087,4000000.0,Historical,World Bank API
2021,South Sudan,SSD,4.89999967133534,6562500000.0,Historical,World Bank API
2022,South Sudan,SSD,5.12227558091767,631000000.0,Historical,World Bank API
2023,South Sudan,SSD,4.66367943913264,16440000.5340576,Historical,World Bank API
2024,South Sudan,SSD,3.49638686458842,10961000000.0,Historical,World Bank API
2025,South Sudan,SSD,8.27189312486149,311000000.0,Historical,World Bank API
2000,Spain,ESP,7.30000000329814,1236000000.0,Historical,World Bank API
2001,Spain,ESP,4.75332372902957,12131000000.0,Historical,World Bank API
2002,Spain,ESP,-20.7388393676343,75000000.0,Historical,World Bank API
2003,Spain,ESP,1.12790697674419,437000000.0,Historical,World Bank API
2004,Spain,ESP,6.30760213290844,6400000.09536743,Historical,World Bank API
2005,Spain,ESP,-1.53808913525583,8684000000.0,Historical,World Bank API
2006,Spain,ESP,1.47416433731927,8975000000.0,Historical,World Bank API
2007,Spain,ESP,0.250789762104304,36988500000.0,Historical,World Bank API
2008,Spain,ESP,3.71154502416731,155000000.0,Historical,World Bank API
2009,Spain,ESP,4.4292235994526,13100000.3814697,Historical,World Bank API
2010,Spain,ESP,-0.357401372925935,518000000.0,Historical,World Bank API
2011,Spain,ESP,4.08570918638205,6600000000.0,Historical,World Bank API
2012,Spain,ESP,2.51883544233135,4439000000.0,Historical,World Bank API
2013,Spain,ESP,-1.31123206333498,686000000.0,Historical,World Bank API
2014,Spain,ESP,7.19298728463697,8900000.0,Historical,World Bank API
2015,Spain,ESP,3.325963509369,303949996.948242,Historical,World Bank API
2016,Spain,ESP,1.39054456773131,854000000.0,Historical,World Bank API
2017,Spain,ESP,3.3713988456489,2951000000.0,Historical,World Bank API
2018,Spain,ESP,5.49299823010114,53000000.0,Historical,World Bank API
2019,Spain,ESP,1.09983870937087,660000000.0,Historical,World Bank API
2020,Spain,ESP,6.69999851655409,9100000.38146973,Historical,World Bank API
2021,Spain,ESP,5.09373697323055,2099999.90463257,Historical,World Bank API
2022,Spain,ESP,5.006668425755,11567000000.0,Historical,World Bank API
2023,Spain,ESP,2.49763692943365,992000000.0,Historical,World Bank API
2024,Spain,ESP,3.10825478066172,1085000000.0,Historical,World Bank API
2025,Spain,ESP,5.77053807021559,2114000000.0,Historical,World Bank API
2000,Sri Lanka,LKA,3.39894872623931,880000000.0,Historical,World Bank API
2001,Sri Lanka,LKA,3.85043193735768,557000000.0,Historical,World Bank API
2002,Sri Lanka,LKA,-0.944953481157384,835000000.0,Historical,World Bank API
2003,Sri Lanka,LKA,5.31280176694145,4287000000.0,Historical,World Bank API
2004,Sri Lanka,LKA,9.91067756782915,145000000.0,Historical,World Bank API
2005,Sri Lanka,LKA,3.46764218409288,1009000000.0,Historical,World Bank API
2006,Sri Lanka,LKA,3.01669435408112,3099000000.0,Historical,World Bank API
2007,Sri Lanka,LKA,0.560861638399899,7923000000.0,Historical,World Bank API
2008,Sri Lanka,LKA,4.72408864201974,116000000.0,Historical,World Bank API
2009,Sri Lanka,LKA,-15.1364679101502,4349000000.0,Historical,World Bank API
2010,Sri Lanka,LKA,6.35973756164829,100000.0,Historical,World Bank API
2011,Sri Lanka,LKA,-0.700242317542106,11776000000.0,Historical,World Bank API
2012,Sri Lanka,LKA,8.89065529573114,212000000.0,Historical,World Bank API
2013,Sri Lanka,LKA,8.13567633837351,1910000000.0,Historical,World Bank API
2014,Sri Lanka,LKA,-14.6302225427906,1643000000.0,Historical,World Bank API
2015,Sri Lanka,LKA,6.50263878409685,213899993.896484,Historical,World Bank API
2016,Sri Lanka,LKA,-0.220483886831275,4663000000.0,Historical,World Bank API
2017,Sri Lanka,LKA,5.97253260071749,94000000.0,Historical,World Bank API
2018,Sri Lanka,LKA,1.24860125923698,8199999.80926514,Historical,World Bank API
2019,Sri Lanka,LKA,2.10010882688805,267000000.0,Historical,World Bank API
2020,Sri Lanka,LKA,4.80762696633448,31566000000.0,Historical,World Bank API
2021,Sri Lanka,LKA,1.80648131383585,100700001.47819528,Historical,World Bank API
2022,Sri Lanka,LKA,2.69657404187188,11395000000.0,Historical,World Bank API
2023,Sri Lanka,LKA,3.27196451910478,2388000000.0,Historical,World Bank API
2024,Sri Lanka,LKA,-5.71112541241364,99000000.0,Historical,World Bank API
2025,Sri Lanka,LKA,8.48147656332823,849000000.0,Historical,World Bank API
2000,St. Kitts and Nevis,KNA,7.84960207010525,9442000000.0,Historical,World Bank API
2001,St. Kitts and Nevis,KNA,7.63026729340694,367750000.0,Historical,World Bank API
2002,St. Kitts and Nevis,KNA,0.199995231733979,563000000.0,Historical,World Bank API
2003,St. Kitts and Nevis,KNA,0.792225060962835,19489000000.0,Historical,World Bank API
2004,St. Kitts and Nevis,KNA,4.92709413447304,134000000.0,Historical,World Bank API
2005,St. Kitts and Nevis,KNA,-18.135905003556,78000000.0,Historical,World Bank API
2006,St. Kitts and Nevis,KNA,1.80638512302554,12236000000.0,Historical,World Bank API
2007,St. Kitts and Nevis,KNA,4.90000100081545,3963049999.9523163,Historical,World Bank API
2008,St. Kitts and Nevis,KNA,-0.708043112304196,291000000.0,Historical,World Bank API
2009,St. Kitts and Nevis,KNA,6.69000892660424,8500000000.0,Historical,World Bank API
2010,St. Kitts and Nevis,KNA,2.8471706583814,3890000000.0,Historical,World Bank API
2011,St. Kitts and Nevis,KNA,-1.76283887062603,90000000.0,Historical,World Bank API
2012,St. Kitts and Nevis,KNA,7.36632239250758,6209000000.0,Historical,World Bank API
2013,St. Kitts and Nevis,KNA,-1.5729973511111,1500000000.0,Historical,World Bank API
2014,St. Kitts and Nevis,KNA,2.09144220829562,28700000.7629395,Historical,World Bank API
2015,St. Kitts and Nevis,KNA,22.2322155851208,5979449996.948242,Historical,World Bank API
2016,St. Kitts and Nevis,KNA,0.675642589410501,877000000.0,Historical,World Bank API
2017,St. Kitts and Nevis,KNA,8.66187322841225,46000000.0,Historical,World Bank API
2018,St. Kitts and Nevis,KNA,8.49758470221235,12462000000.0,Historical,World Bank API
2019,St. Kitts and Nevis,KNA,5.01705799719045,2247000000.0,Historical,World Bank API
2020,St. Kitts and Nevis,KNA,2.58382533412825,239447000000.0,Historical,World Bank API
2021,St. Kitts and Nevis,KNA,6.01953461940062,199300003.051758,Historical,World Bank API
2022,St. Kitts and Nevis,KNA,5.91874368370564,110000000.0,Historical,World Bank API
2023,St. Kitts and Nevis,KNA,2.21365396372528,6907000000.0,Historical,World Bank API
2024,St. Kitts and Nevis,KNA,2.40532378079436,5199000000.0,Historical,World Bank API
2025,St. Kitts and Nevis,KNA,2.76370952267429,29610500000.0,Historical,World Bank API
2000,St. Lucia,LCA,1.77754302034454,1189000000.0,Historical,World Bank API
2001,St. Lucia,LCA,-4.47046793507802,178500000.0,Historical,World Bank API
2002,St. Lucia,LCA,7.20442475914267,505000000.0,Historical,World Bank API
2003,St. Lucia,LCA,-1.79823988931486,620000000.0,Historical,World Bank API
2004,St. Lucia,LCA,-6.87233152299699,123000000.0,Historical,World Bank API
2005,St. Lucia,LCA,6.80723334361883,268000000.0,Historical,World Bank API
2006,St. Lucia,LCA,3.77788070743117,35200000.7629395,Historical,World Bank API
2007,St. Lucia,LCA,11.2653312371772,3099999.90463257,Historical,World Bank API
2008,St. Lucia,LCA,2.19807571335009,17235000000.0,Historical,World Bank API
2009,St. Lucia,LCA,3.69999999907979,50000000.0,Historical,World Bank API
2010,St. Lucia,LCA,-2.65551592487554,74000000.0,Historical,World Bank API
2011,St. Lucia,LCA,8.97645459033633,1966000000.0,Historical,World Bank API
2012,St. Lucia,LCA,-2.86511368637748,8441500000.0,Historical,World Bank API
2013,St. Lucia,LCA,6.69725362180888,175000000.0,Historical,World Bank API
2014,St. Lucia,LCA,5.09986426216793,293350000.3814697,Historical,World Bank API
2015,St. Lucia,LCA,0.245785659129112,11745000000.0,Historical,World Bank API
2016,St. Lucia,LCA,6.70952097453554,3373000000.0,Historical,World Bank API
2017,St. Lucia,LCA,9.0618039227671,25000000.0,Historical,World Bank API
2018,St. Lucia,LCA,2.29303371291363,2060000000.0,Historical,World Bank API
2019,St. Lucia,LCA,5.25545697386036,8379000000.0,Historical,World Bank API
2020,St. Lucia,LCA,3.89732294341896,239447000000.0,Historical,World Bank API
2021,St. Lucia,LCA,9.43178931977285,3518000000.0,Historical,World Bank API
2022,St. Lucia,LCA,-3.23895409147492,4546000000.0,Historical,World Bank API
2023,St. Lucia,LCA,2.76283327639742,3052000000.0,Historical,World Bank API
2024,St. Lucia,LCA,3.44801755122445,217899993.896484,Historical,World Bank API
2025,St. Lucia,LCA,-0.495851897260366,58372000000.0,Historical,World Bank API
2000,St. Martin (French part),MAF,1.77465227724316,1152000000.0,Historical,World Bank API
2001,St. Martin (French part),MAF,3.83966927702973,837000000.0,Historical,World Bank API
2002,St. Martin (French part),MAF,3.90066644620993,416000000.0,Historical,World Bank API
2003,St. Martin (French part),MAF,-1.04079988436683,1412000000.0,Historical,World Bank API
2004,St. Martin (French part),MAF,2.57193414898754,4017000000.0,Historical,World Bank API
2005,St. Martin (French part),MAF,6.0484834621255,11449000000.0,Historical,World Bank API
2006,St. Martin (French part),MAF,2.09999886750489,42000000.0,Historical,World Bank API
2007,St. Martin (French part),MAF,1.4130577108244848,412000000.0,Historical,World Bank API
2008,St. Martin (French part),MAF,6.76768834119794,27208000000.0,Historical,World Bank API
2009,St. Martin (French part),MAF,3.62912351276373,298000000.0,Historical,World Bank API
2010,St. Martin (French part),MAF,3.19950386354134,2595000000.0,Historical,World Bank API
2011,St. Martin (French part),MAF,6.12675551779212,60500000.0,Historical,World Bank API
2012,St. Martin (French part),MAF,5.03485413839893,1415500000.0,Historical,World Bank API
2013,St. Martin (French part),MAF,3.55610467395,111599998.474121,Historical,World Bank API
2014,St. Martin (French part),MAF,2.50446552114518,1910000000.0,Historical,World Bank API
2015,St. Martin (French part),MAF,3.72664943466884,2310000000.0,Historical,World Bank API
2016,St. Martin (French part),MAF,4.99226917482922,231000000.0,Historical,World Bank API
2017,St. Martin (French part),MAF,1.36771507253633,57000000.0,Historical,World Bank API
2018,St. Martin (French part),MAF,4.52944877696235,47000000.0,Historical,World Bank API
2019,St. Martin (French part),MAF,3.94568708624053,1679999.94754791,Historical,World Bank API
2020,St. Martin (French part),MAF,2.10010882688805,248000000.0,Historical,World Bank API
2021,St. Martin (French part),MAF,4.62049892978239,292000000.0,Historical,World Bank API
2022,St. Martin (French part),MAF,4.9716214882971,1179000000.0,Historical,World Bank API
2023,St. Martin (French part),MAF,8.14659481079931,1759000000.0,Historical,World Bank API
2024,St. Martin (French part),MAF,-0.413254119172365,3211000000.0,Historical,World Bank API
2025,St. Martin (French part),MAF,1.77985356392176,191000000.0,Historical,World Bank API
2000,St. Vincent and the Grenadines,VCT,7.9945031610722,224000000.0,Historical,World Bank API
2001,St. Vincent and the Grenadines,VCT,4.1776810321001,57057000000.0,Historical,World Bank API
2002,St. Vincent and the Grenadines,VCT,5.00733043811898,1119000000.0,Historical,World Bank API
2003,St. Vincent and the Grenadines,VCT,5.89936506079005,4228000000.0,Historical,World Bank API
2004,St. Vincent and the Grenadines,VCT,3.89818666233907,4463000000.0,Historical,World Bank API
2005,St. Vincent and the Grenadines,VCT,4.17642535923936,806000000.0,Historical,World Bank API
2006,St. Vincent and the Grenadines,VCT,5.75083236554525,3274000000.0,Historical,World Bank API
2007,St. Vincent and the Grenadines,VCT,2.38778020186284,3401049999.9523163,Historical,World Bank API
2008,St. Vincent and the Grenadines,VCT,6.65273028404766,10000000.0,Historical,World Bank API
2009,St. Vincent and the Grenadines,VCT,2.32036514266782,18471000000.0,Historical,World Bank API
2010,St. Vincent and the Grenadines,VCT,-2.4660641898174,630000000.0,Historical,World Bank API
2011,St. Vincent and the Grenadines,VCT,-0.338235622387202,300000000.0,Historical,World Bank API
2012,St. Vincent and the Grenadines,VCT,2.60823012869524,10674000000.0,Historical,World Bank API
2013,St. Vincent and the Grenadines,VCT,4.05251709306727,190000000.0,Historical,World Bank API
2014,St. Vincent and the Grenadines,VCT,7.62260520117914,558000000.0,Historical,World Bank API
2015,St. Vincent and the Grenadines,VCT,-1.94036472596633,4949000000.0,Historical,World Bank API
2016,St. Vincent and the Grenadines,VCT,3.16017351468152,1809000000.0,Historical,World Bank API
2017,St. Vincent and the Grenadines,VCT,2.41751181762513,4282000000.0,Historical,World Bank API
2018,St. Vincent and the Grenadines,VCT,-2.56011099967517,524000000.0,Historical,World Bank API
2019,St. Vincent and the Grenadines,VCT,8.29151946119818,7400000.0,Historical,World Bank API
2020,St. Vincent and the Grenadines,VCT,-0.0140065981851762,803000000.0,Historical,World Bank API
2021,St. Vincent and the Grenadines,VCT,8.64781163513926,1980000000.0,Historical,World Bank API
2022,St. Vincent and the Grenadines,VCT,2.5040827436037,30399999.6185303,Historical,World Bank API
2023,St. Vincent and the Grenadines,VCT,11.598783583643,989000000.0,Historical,World Bank API
2024,St. Vincent and the Grenadines,VCT,2.42331317180992,279000000.0,Historical,World Bank API
2025,St. Vincent and the Grenadines,VCT,5.12960934773,28000000.0,Historical,World Bank API
2000,Sudan,SDN,-2.89686986728901,426000000.0,Historical,World Bank API
2001,Sudan,SDN,5.63682517443362,292000000.0,Historical,World Bank API
2002,Sudan,SDN,5.33302206759905,1535000000.0,Historical,World Bank API
2003,Sudan,SDN,3.30693981631089,1124000000.0,Historical,World Bank API
2004,Sudan,SDN,3.70316906391386,640000000.0,Historical,World Bank API
2005,Sudan,SDN,2.06257790176122,2458000000.0,Historical,World Bank API
2006,Sudan,SDN,2.60202016121069,755000000.0,Historical,World Bank API
2007,Sudan,SDN,5.7884992858875,6799000000.0,Historical,World Bank API
2008,Sudan,SDN,5.04164187983342,22000000.0,Historical,World Bank API
2009,Sudan,SDN,3.94389321816617,9477500000.0,Historical,World Bank API
2010,Sudan,SDN,4.43867566948151,482000000.0,Historical,World Bank API
2011,Sudan,SDN,2.87769784172609,1600000.0,Historical,World Bank API
2012,Sudan,SDN,6.90135959072803,371000000.0,Historical,World Bank API
2013,Sudan,SDN,4.77108543044105,10199999.8092651,Historical,World Bank API
2014,Sudan,SDN,0.695463154440176,46134000000.0,Historical,World Bank API
2015,Sudan,SDN,7.14945675000752,6289000000.0,Historical,World Bank API
2016,Sudan,SDN,7.01198227592003,245000000.0,Historical,World Bank API
2017,Sudan,SDN,2.3402193777688,48000000.0,Historical,World Bank API
2018,Sudan,SDN,7.7314467577492,834000000.0,Historical,World Bank API
2019,Sudan,SDN,6.79058159142423,2334000000.0,Historical,World Bank API
2020,Sudan,SDN,2.50787205267615,2827000000.0,Historical,World Bank API
2021,Sudan,SDN,5.38071926589951,3551000000.0,Historical,World Bank API
2022,Sudan,SDN,6.47836283518564,180000000.0,Historical,World Bank API
2023,Sudan,SDN,7.09319498355502,639000000.0,Historical,World Bank API
2024,Sudan,SDN,7.03901129565128,432000000.0,Historical,World Bank API
2025,Sudan,SDN,-1.52197920494184,3306000000.0,Historical,World Bank API
2000,Suriname,SUR,4.2090057360153,628000000.0,Historical,World Bank API
2001,Suriname,SUR,5.30532647259227,104000000.0,Historical,World Bank API
2002,Suriname,SUR,0.508457572414372,540000000.0,Historical,World Bank API
2003,Suriname,SUR,1.55454940856943,7373000000.0,Historical,World Bank API
2004,Suriname,SUR,1.67578612030815,60000000.0,Historical,World Bank API
2005,Suriname,SUR,3.9160574881715,11594000000.0,Historical,World Bank API
2006,Suriname,SUR,1.88856584109286,52126000000.0,Historical,World Bank API
2007,Suriname,SUR,2.06618820882574,27000000.0,Historical,World Bank API
2008,Suriname,SUR,0.255503031645475,103000000.0,Historical,World Bank API
2009,Suriname,SUR,3.553259278286855,484000000.0,Historical,World Bank API
2010,Suriname,SUR,2.50498758466826,32697000000.0,Historical,World Bank API
2011,Suriname,SUR,0.343170899107761,1238300000.0,Historical,World Bank API
2012,Suriname,SUR,3.18439017324592,6072000000.0,Historical,World Bank API
2013,Suriname,SUR,-0.712434451876447,52400001.5258789,Historical,World Bank API
2014,Suriname,SUR,3.40663227056285,23152000000.0,Historical,World Bank API
2015,Suriname,SUR,15.2336106467304,23059999.4659424,Historical,World Bank API
2016,Suriname,SUR,3.48731240097521,63000000.0,Historical,World Bank API
2017,Suriname,SUR,4.31772144872362,32200000.7629395,Historical,World Bank API
2018,Suriname,SUR,4.10167392241412,1185000000.0,Historical,World Bank API
2019,Suriname,SUR,0.220941147299996,355000000.0,Historical,World Bank API
2020,Suriname,SUR,5.21386783786224,84000000.0,Historical,World Bank API
2021,Suriname,SUR,1.10027815777423,2400000.09536743,Historical,World Bank API
2022,Suriname,SUR,4.08796484025709,5098000000.0,Historical,World Bank API
2023,Suriname,SUR,6.10000011485643,1517500000.0,Historical,World Bank API
2024,Suriname,SUR,2.15194249981184,3412000000.0,Historical,World Bank API
2025,Suriname,SUR,-1.10275188309046,1745000000.0,Historical,World Bank API
2000,Sweden,SWE,17.9856568160263,4463000000.0,Historical,World Bank API
2001,Sweden,SWE,5.60074465863221,179000000.0,Historical,World Bank API
2002,Sweden,SWE,5.3311086189448,12704000000.0,Historical,World Bank API
2003,Sweden,SWE,4.20304615840668,202000000.0,Historical,World Bank API
2004,Sweden,SWE,4.89999967133534,5258000000.0,Historical,World Bank API
2005,Sweden,SWE,3.67692462515802,12369000000.0,Historical,World Bank API
2006,Sweden,SWE,1.39419335955625,26341000000.0,Historical,World Bank API
2007,Sweden,SWE,-1.02724808856709,449000000.0,Historical,World Bank API
2008,Sweden,SWE,5.12890113701732,264000000.0,Historical,World Bank API
2009,Sweden,SWE,3.16262533840754,559000000.0,Historical,World Bank API
2010,Sweden,SWE,4.38778887041551,3750000000.0,Historical,World Bank API
2011,Sweden,SWE,8.33245910749577,2475000000.0,Historical,World Bank API
2012,Sweden,SWE,-1.77453027139875,1319000000.0,Historical,World Bank API
2013,Sweden,SWE,-1.78010601831291,9097000000.0,Historical,World Bank API
2014,Sweden,SWE,1.89995052025442,170000000.0,Historical,World Bank API
2015,Sweden,SWE,3.19999269219366,665000000.0,Historical,World Bank API
2016,Sweden,SWE,1.53866248693835,2159000000.0,Historical,World Bank API
2017,Sweden,SWE,-1.40738249510954,110000000.0,Historical,World Bank API
2018,Sweden,SWE,5.60224422064255,605000000.0,Historical,World Bank API
2019,Sweden,SWE,0.732781301861365,1816000000.0,Historical,World Bank API
2020,Sweden,SWE,-1.22372796023444,1200000.04768372,Historical,World Bank API
2021,Sweden,SWE,6.34502222667214,5831000000.0,Historical,World Bank API
2022,Sweden,SWE,2.68011685421705,1127000000.0,Historical,World Bank API
2023,Sweden,SWE,1.68979822971775,2396000000.0,Historical,World Bank API
2024,Sweden,SWE,7.29445343642668,5631853027.34375,Historical,World Bank API
2025,Sweden,SWE,6.46057826727287,153000000.0,Historical,World Bank API
2000,Switzerland,CHE,6.22407443790986,482000000.0,Historical,World Bank API
2001,Switzerland,CHE,-7.19999999920631,303000000.0,Historical,World Bank API
2002,Switzerland,CHE,3.53085896076352,236000000.0,Historical,World Bank API
2003,Switzerland,CHE,3.56544100946846,11609000000.0,Historical,World Bank API
2004,Switzerland,CHE,7.18924330340971,10456000000.0,Historical,World Bank API
2005,Switzerland,CHE,0.503955740273241,7405000000.0,Historical,World Bank API
2006,Switzerland,CHE,2.55963434592314,556000000.0,Historical,World Bank API
2007,Switzerland,CHE,4.06236408888319,321000000.0,Historical,World Bank API
2008,Switzerland,CHE,5.33964720719075,1001000000.0,Historical,World Bank API
2009,Switzerland,CHE,8.52992974243585,700000.0,Historical,World Bank API
2010,Switzerland,CHE,2.54766550568242,18731000000.0,Historical,World Bank API
2011,Switzerland,CHE,3.91817093628465,496500000.0,Historical,World Bank API
2012,Switzerland,CHE,1.73501577287065,22000000.0,Historical,World Bank API
2013,Switzerland,CHE,5.88074589534277,661000000.0,Historical,World Bank API
2014,Switzerland,CHE,3.6896026526873,175399993.896484,Historical,World Bank API
2015,Switzerland,CHE,8.6694830119314,1421000000.0,Historical,World Bank API
2016,Switzerland,CHE,3.61141983706115,513000000.0,Historical,World Bank API
2017,Switzerland,CHE,8.04170378184928,298500000.0,Historical,World Bank API
2018,Switzerland,CHE,2.10010882688805,267000000.0,Historical,World Bank API
2019,Switzerland,CHE,9.11157745861635,20760000000.0,Historical,World Bank API
2020,Switzerland,CHE,-3.60663231572742,255100000.02384186,Historical,World Bank API
2021,Switzerland,CHE,0.296205514141889,20790000000.0,Historical,World Bank API
2022,Switzerland,CHE,2.94628343449202,24366000000.0,Historical,World Bank API
2023,Switzerland,CHE,5.36794285493059,2396000000.0,Historical,World Bank API
2024,Switzerland,CHE,2.88450036512064,408000000.0,Historical,World Bank API
2025,Switzerland,CHE,3.39251560752048,13749000000.0,Historical,World Bank API
2000,Syrian Arab Republic,SYR,-0.227975292792024,7000000.0,Historical,World Bank API
2001,Syrian Arab Republic,SYR,4.72530605111095,272000000.0,Historical,World Bank API
2002,Syrian Arab Republic,SYR,6.44339762487436,14502000000.0,Historical,World Bank API
2003,Syrian Arab Republic,SYR,5.59148237823661,334000000.0,Historical,World Bank API
2004,Syrian Arab Republic,SYR,0.984924853810682,292000000.0,Historical,World Bank API
2005,Syrian Arab Republic,SYR,3.33885747179505,437000000.0,Historical,World Bank API
2006,Syrian Arab Republic,SYR,5.30000152552805,279549999.9523163,Historical,World Bank API
2007,Syrian Arab Republic,SYR,2.13349066459601,96000000.0,Historical,World Bank API
2008,Syrian Arab Republic,SYR,5.39789754014181,3050000000.0,Historical,World Bank API
2009,Syrian Arab Republic,SYR,2.24521219862635,7614000000.0,Historical,World Bank API
2010,Syrian Arab Republic,SYR,-2.46729763532686,123000000.0,Historical,World Bank API
2011,Syrian Arab Republic,SYR,4.29322336690163,39000000.0,Historical,World Bank API
2012,Syrian Arab Republic,SYR,10.2082994004776,70000000.0,Historical,World Bank API
2013,Syrian Arab Republic,SYR,-3.30843064878751,26500000.0,Historical,World Bank API
2014,Syrian Arab Republic,SYR,9.57709832354816,206699996.948242,Historical,World Bank API
2015,Syrian Arab Republic,SYR,2.86044579439036,21294000000.0,Historical,World Bank API
2016,Syrian Arab Republic,SYR,3.38709063847314,1792000000.0,Historical,World Bank API
2017,Syrian Arab Republic,SYR,3.80397532112175,3300000000.0,Historical,World Bank API
2018,Syrian Arab Republic,SYR,4.98065467051528,905000000.0,Historical,World Bank API
2019,Syrian Arab Republic,SYR,2.28911338669843,195113000000.0,Historical,World Bank API
2020,Syrian Arab Republic,SYR,7.41076242592504,509000000.0,Historical,World Bank API
2021,Syrian Arab Republic,SYR,5.50700762671923,195000000.0,Historical,World Bank API
2022,Syrian Arab Republic,SYR,1.09999940100751,71900000.0,Historical,World Bank API
2023,Syrian Arab Republic,SYR,8.85165992013437,3209000000.0,Historical,World Bank API
2024,Syrian Arab Republic,SYR,-0.379817991218616,28079000000.0,Historical,World Bank API
2025,Syrian Arab Republic,SYR,5.37633924099251,31000000.0,Historical,World Bank API
2000,Tajikistan,TJK,5.34212707436718,178500000.0,Historical,World Bank API
2001,Tajikistan,TJK,3.25207295796832,510700012.207031,Historical,World Bank API
2002,Tajikistan,TJK,4.32478411472874,546000000.0,Historical,World Bank API
2003,Tajikistan,TJK,7.21141802762897,114000000.0,Historical,World Bank API
2004,Tajikistan,TJK,4.39527463349263,835000000.0,Historical,World Bank API
2005,Tajikistan,TJK,4.59768263263243,10899999.6185303,Historical,World Bank API
2006,Tajikistan,TJK,3.05507981566669,3099999.90463257,Historical,World Bank API
2007,Tajikistan,TJK,4.02408615746921,17876000000.0,Historical,World Bank API
2008,Tajikistan,TJK,1.49999999895587,171000000.0,Historical,World Bank API
2009,Tajikistan,TJK,0.860269956382069,14000000.0,Historical,World Bank API
2010,Tajikistan,TJK,3.84581040832157,1966000000.0,Historical,World Bank API
2011,Tajikistan,TJK,3.5512255846125,5356500000.0,Historical,World Bank API
2012,Tajikistan,TJK,2.11406472648392,149399993.896484,Historical,World Bank API
2013,Tajikistan,TJK,0.825688073394488,2125250000.0,Historical,World Bank API
2014,Tajikistan,TJK,-2.3696206292072,238000000.0,Historical,World Bank API
2015,Tajikistan,TJK,2.50920813979569,151000000.0,Historical,World Bank API
2016,Tajikistan,TJK,17.3325337353466,25000000.0,Historical,World Bank API
2017,Tajikistan,TJK,-4.34530185828071,2070000000.0,Historical,World Bank API
2018,Tajikistan,TJK,3.92050862390032,12691000000.0,Historical,World Bank API
2019,Tajikistan,TJK,0.752447592962554,116000000.0,Historical,World Bank API
2020,Tajikistan,TJK,2.052738472526,111000000.0,Historical,World Bank API
2021,Tajikistan,TJK,3.22541782301025,2497000000.0,Historical,World Bank API
2022,Tajikistan,TJK,5.90878130011174,2075000000.0,Historical,World Bank API
2023,Tajikistan,TJK,6.52145877906443,105000000.0,Historical,World Bank API
2024,Tajikistan,TJK,2.797906720551,55750000000.0,Historical,World Bank API
2025,Tajikistan,TJK,1.81269242194809,4514000000.0,Historical,World Bank API
2000,Tanzania,TZA,-0.690618232300579,19811000000.0,Historical,World Bank API
2001,Tanzania,TZA,7.20703472529512,3419000000.0,Historical,World Bank API
2002,Tanzania,TZA,-12.0367930931152,955000000.0,Historical,World Bank API
2003,Tanzania,TZA,2.74788545546916,1841000000.0,Historical,World Bank API
2004,Tanzania,TZA,1.74239524880791,66000000.0,Historical,World Bank API
2005,Tanzania,TZA,-2.01508203683694,2476000000.0,Historical,World Bank API
2006,Tanzania,TZA,1.71054990545476,19049999.952316284,Historical,World Bank API
2007,Tanzania,TZA,5.5142920737342,618000000.0,Historical,World Bank API
2008,Tanzania,TZA,1.37340773365975,26234000000.0,Historical,World Bank API
2009,Tanzania,TZA,0.846181482808589,471000000.0,Historical,World Bank API
2010,Tanzania,TZA,3.00000022585525,229000000.0,Historical,World Bank API
2011,Tanzania,TZA,-0.414397702454409,10674000000.0,Historical,World Bank API
2012,Tanzania,TZA,1.32872661057823,177000000.0,Historical,World Bank API
2013,Tanzania,TZA,4.15238057779229,4224000000.0,Historical,World Bank API
2014,Tanzania,TZA,2.06713043546189,2380000000.0,Historical,World Bank API
2015,Tanzania,TZA,2.18982132415704,337500000.0,Historical,World Bank API
2016,Tanzania,TZA,4.88259241025739,2773000000.0,Historical,World Bank API
2017,Tanzania,TZA,2.92607584256388,831000000.0,Historical,World Bank API
2018,Tanzania,TZA,13.8977895076234,6716500000.0,Historical,World Bank API
2019,Tanzania,TZA,-4.54810977120295,803000000.0,Historical,World Bank API
2020,Tanzania,TZA,11.8187659491625,533000000.0,Historical,World Bank API
2021,Tanzania,TZA,3.66524129505193,3099999.90463257,Historical,World Bank API
2022,Tanzania,TZA,-1.81877603735991,354000000.0,Historical,World Bank API
2023,Tanzania,TZA,1.50672102666863,977000000.0,Historical,World Bank API
2024,Tanzania,TZA,4.14631137217332,18920000.0762939,Historical,World Bank API
2025,Tanzania,TZA,2.52073289551447,2295000000.0,Historical,World Bank API
2000,Thailand,THA,7.25118627570265,292000000.0,Historical,World Bank API
2001,Thailand,THA,3.1341888719577,27755000000.0,Historical,World Bank API
2002,Thailand,THA,3.77990649795343,536000000.0,Historical,World Bank API
2003,Thailand,THA,8.02881107599163,1675000000.0,Historical,World Bank API
2004,Thailand,THA,2.46351683915714,1833000000.0,Historical,World Bank API
2005,Thailand,THA,2.53906241135864,1161000000.0,Historical,World Bank API
2006,Thailand,THA,4.55829212016083,35000000.0,Historical,World Bank API
2007,Thailand,THA,5.04164187983342,22000000.0,Historical,World Bank API
2008,Thailand,THA,2.2191905367057,13316000000.0,Historical,World Bank API
2009,Thailand,THA,-6.61328134799545,112000000.0,Historical,World Bank API
2010,Thailand,THA,15.8415841584163,6800000.0,Historical,World Bank API
2011,Thailand,THA,-0.285208794735084,57099998.4741211,Historical,World Bank API
2012,Thailand,THA,5.8155918263088,964000000.0,Historical,World Bank API
2013,Thailand,THA,0.0665538088732092,32623000000.0,Historical,World Bank API
2014,Thailand,THA,4.34448730509183,3293000000.0,Historical,World Bank API
2015,Thailand,THA,4.69856986552234,524000000.0,Historical,World Bank API
2016,Thailand,THA,5.54508081154978,57000000.0,Historical,World Bank API
2017,Thailand,THA,-1.15748291975636,890000000.0,Historical,World Bank API
2018,Thailand,THA,4.41725348271514,742000000.0,Historical,World Bank API
2019,Thailand,THA,6.24501094995797,1927000000.0,Historical,World Bank API
2020,Thailand,THA,6.57883101954195,1565000000.0,Historical,World Bank API
2021,Thailand,THA,3.4393056210999,978000000.0,Historical,World Bank API
2022,Thailand,THA,4.40000111553493,102400001.525879,Historical,World Bank API
2023,Thailand,THA,14.2848688450919,64000000.0,Historical,World Bank API
2024,Thailand,THA,3.18980408728824,1025000000.0,Historical,World Bank API
2025,Thailand,THA,-2.64326159533755,76000000.0,Historical,World Bank API
2000,Timor-Leste,TLS,6.29141635082311,395000000.0,Historical,World Bank API
2001,Timor-Leste,TLS,0.288186681651752,223000000.0,Historical,World Bank API
2002,Timor-Leste,TLS,9.06912826789082,6317000000.0,Historical,World Bank API
2003,Timor-Leste,TLS,0.451578805330726,1221000000.0,Historical,World Bank API
2004,Timor-Leste,TLS,3.21247111920076,2035000000.0,Historical,World Bank API
2005,Timor-Leste,TLS,-0.939093459613758,1757000000.0,Historical,World Bank API
2006,Timor-Leste,TLS,0.443232388562762,16799999.2370605,Historical,World Bank API
2007,Timor-Leste,TLS,5.11148777773458,73000000.0,Historical,World Bank API
2008,Timor-Leste,TLS,2.06381124130593,398000000.0,Historical,World Bank API
2009,Timor-Leste,TLS,2.17542886502997,37838000000.0,Historical,World Bank API
2010,Timor-Leste,TLS,4.51067949038222,253000000.0,Historical,World Bank API
2011,Timor-Leste,TLS,10.8527042153779,1063000000.0,Historical,World Bank API
2012,Timor-Leste,TLS,7.75575897806648,23100000.3814697,Historical,World Bank API
2013,Timor-Leste,TLS,4.93995095961395,16396500000.0,Historical,World Bank API
2014,Timor-Leste,TLS,3.8503618166494,142399993.896484,Historical,World Bank API
2015,Timor-Leste,TLS,8.28677879049404,1910000000.0,Historical,World Bank API
2016,Timor-Leste,TLS,1.76017342169806,24000000.0,Historical,World Bank API
2017,Timor-Leste,TLS,0.407354470561188,949000000.0,Historical,World Bank API
2018,Timor-Leste,TLS,-3.40474015376245,83000000.0,Historical,World Bank API
2019,Timor-Leste,TLS,6.66080128866197,120000000.0,Historical,World Bank API
2020,Timor-Leste,TLS,5.61691446889876,10399999.6185303,Historical,World Bank API
2021,Timor-Leste,TLS,2.8,248000000.0,Historical,World Bank API
2022,Timor-Leste,TLS,4.34384571432727,648700000.7629396,Historical,World Bank API
2023,Timor-Leste,TLS,5.16823098528431,2224000000.0,Historical,World Bank API
2024,Timor-Leste,TLS,2.42935800100238,5123000000.0,Historical,World Bank API
2025,Timor-Leste,TLS,-2.88521838398481,3868000000.0,Historical,World Bank API
2000,Togo,TGO,11.2297148272859,57000000.0,Historical,World Bank API
2001,Togo,TGO,5.1472348575531,13633000000.0,Historical,World Bank API
2002,Togo,TGO,3.13229807490305,696000000.0,Historical,World Bank API
2003,Togo,TGO,-2.76455696202532,612000000.0,Historical,World Bank API
2004,Togo,TGO,4.00984852465452,542000000.0,Historical,World Bank API
2005,Togo,TGO,6.90658283676629,1199250000.0,Historical,World Bank API
2006,Togo,TGO,0.295970914001089,507000000.0,Historical,World Bank API
2007,Togo,TGO,5.63323739145223,233000000.0,Historical,World Bank API
2008,Togo,TGO,1.90843194590616,19994000000.0,Historical,World Bank API
2009,Togo,TGO,-4.16539345213232,23030000000.0,Historical,World Bank API
2010,Togo,TGO,5.45352893818767,836000000.0,Historical,World Bank API
2011,Togo,TGO,4.01059402194477,1513000000.0,Historical,World Bank API
2012,Togo,TGO,-0.00543230161670749,6135000000.0,Historical,World Bank API
2013,Togo,TGO,32.4918021862688,170000000.0,Historical,World Bank API
2014,Togo,TGO,4.10800021897151,20416000000.0,Historical,World Bank API
2015,Togo,TGO,2.70495624731029,1773000000.0,Historical,World Bank API
2016,Togo,TGO,3.04324950829739,87000000.0,Historical,World Bank API
2017,Togo,TGO,17.2907775869555,197000000.0,Historical,World Bank API
2018,Togo,TGO,-6.4055907393619,1816000000.0,Historical,World Bank API
2019,Togo,TGO,1.62673258211919,173000000.0,Historical,World Bank API
2020,Togo,TGO,4.9200677470169,5797000000.0,Historical,World Bank API
2021,Togo,TGO,7.83125556961251,765000000.0,Historical,World Bank API
2022,Togo,TGO,7.17614466455107,1195000000.0,Historical,World Bank API
2023,Togo,TGO,-0.557692913614588,10079000000.0,Historical,World Bank API
2024,Togo,TGO,5.4577350924848,974000000.0,Historical,World Bank API
2025,Togo,TGO,1.99650173436159,5960000000.0,Historical,World Bank API
2000,Tonga,TON,7.20000000096486,853000000.0,Historical,World Bank API
2001,Tonga,TON,5.35336455965039,1243000000.0,Historical,World Bank API
2002,Tonga,TON,8.69306675264066,518000000.0,Historical,World Bank API
2003,Tonga,TON,6.50036053396883,3000000.0,Historical,World Bank API
2004,Tonga,TON,3.96198870899485,4577000000.0,Historical,World Bank API
2005,Tonga,TON,3.83569066207505,641500000.0,Historical,World Bank API
2006,Tonga,TON,-1.61686894906509,1088000000.0,Historical,World Bank API
2007,Tonga,TON,3.53658034070898,518000000.0,Historical,World Bank API
2008,Tonga,TON,-6.91092731652104,3200000.0,Historical,World Bank API
2009,Tonga,TON,5.1836368597334,8222000000.0,Historical,World Bank API
2010,Tonga,TON,6.24825750620508,223000000.0,Historical,World Bank API
2011,Tonga,TON,3.14960629921259,22000000.0,Historical,World Bank API
2012,Tonga,TON,8.67980010138049,48000000.0,Historical,World Bank API
2013,Tonga,TON,3.49440422654285,1409000000.0,Historical,World Bank API
2014,Tonga,TON,5.9402690780223,709000000.0,Historical,World Bank API
2015,Tonga,TON,-5.6266977105161,500000000.0,Historical,World Bank API
2016,Tonga,TON,4.44397783368888,1164400024.41406,Historical,World Bank API
2017,Tonga,TON,2.2587403735731,23919099609.375,Historical,World Bank API
2018,Tonga,TON,0.184015548469745,1007000000.0,Historical,World Bank API
2019,Tonga,TON,-3.60663231572742,193000000.0,Historical,World Bank API
2020,Tonga,TON,1.48396941157472,12422000000.0,Historical,World Bank API
2021,Tonga,TON,-1.71352745905065,14911000000.0,Historical,World Bank API
2022,Tonga,TON,2.92037511217961,1195000000.0,Historical,World Bank API
2023,Tonga,TON,14.0124289062207,7561000000.0,Historical,World Bank API
2024,Tonga,TON,5.74714593475937,3205000000.0,Historical,World Bank API
2025,Tonga,TON,7.35907917681935,6400000.09536743,Historical,World Bank API
2000,Trinidad and Tobago,TTO,0.227712137486577,1071000000.0,Historical,World Bank API
2001,Trinidad and Tobago,TTO,5.59045469593266,191000000.0,Historical,World Bank API
2002,Trinidad and Tobago,TTO,13.8439968903798,70000000.0,Historical,World Bank API
2003,Trinidad and Tobago,TTO,11.3948084309167,14000000.0,Historical,World Bank API
2004,Trinidad and Tobago,TTO,4.99552916130783,607000000.0,Historical,World Bank API
2005,Trinidad and Tobago,TTO,7.68865937437435,15276000000.0,Historical,World Bank API
2006,Trinidad and Tobago,TTO,3.81088622906051,4230000.01907349,Historical,World Bank API
2007,Trinidad and Tobago,TTO,6.32082099160833,1400000000.0,Historical,World Bank API
2008,Trinidad and Tobago,TTO,5.48882595164517,7803000000.0,Historical,World Bank API
2009,Trinidad and Tobago,TTO,8.20076822497064,123000000.0,Historical,World Bank API
2010,Trinidad and Tobago,TTO,6.43743652764257,41000000.0,Historical,World Bank API
2011,Trinidad and Tobago,TTO,5.33096379400371,15362000000.0,Historical,World Bank API
2012,Trinidad and Tobago,TTO,-1.88296639760897,99000000.0,Historical,World Bank API
2013,Trinidad and Tobago,TTO,1.89541410859198,894000000.0,Historical,World Bank API
2014,Trinidad and Tobago,TTO,3.24339715656356,17883000000.0,Historical,World Bank API
2015,Trinidad and Tobago,TTO,3.02662841229517,4148000000.0,Historical,World Bank API
2016,Trinidad and Tobago,TTO,5.1805719742238,881000000.0,Historical,World Bank API
2017,Trinidad and Tobago,TTO,2.09723059960317,2196000000.0,Historical,World Bank API
2018,Trinidad and Tobago,TTO,3.84777169556921,107210000000.0,Historical,World Bank API
2019,Trinidad and Tobago,TTO,6.84804939907013,213000000.0,Historical,World Bank API
2020,Trinidad and Tobago,TTO,4.02403863083252,468000000.0,Historical,World Bank API
2021,Trinidad and Tobago,TTO,4.37812808264972,71900000.0,Historical,World Bank API
2022,Trinidad and Tobago,TTO,2.42736300110336,416000000.0,Historical,World Bank API
2023,Trinidad and Tobago,TTO,-4.55329824103478,27530000000.0,Historical,World Bank API
2024,Trinidad and Tobago,TTO,-1.96942274988409,50000000.0,Historical,World Bank API
2025,Trinidad and Tobago,TTO,1.0,1315450000.0476837,Historical,World Bank API
2000,Tunisia,TUN,1.98769583378552,227000000.0,Historical,World Bank API
2001,Tunisia,TUN,3.07217337664731,80000000.0,Historical,World Bank API
2002,Tunisia,TUN,8.57816674262253,105500000.0,Historical,World Bank API
2003,Tunisia,TUN,10.4166666666667,2400000.0,Historical,World Bank API
2004,Tunisia,TUN,-7.18591413760859,1959000000.0,Historical,World Bank API
2005,Tunisia,TUN,4.72473994710138,1762000000.0,Historical,World Bank API
2006,Tunisia,TUN,7.19994786954857,7262000000.0,Historical,World Bank API
2007,Tunisia,TUN,13.1999999979356,81000000.0,Historical,World Bank API
2008,Tunisia,TUN,0.415066301596866,14000000.0,Historical,World Bank API
2009,Tunisia,TUN,4.84308697634881,21775000000.0,Historical,World Bank API
2010,Tunisia,TUN,-10.7933646271143,12000000.0,Historical,World Bank API
2011,Tunisia,TUN,3.44357677591658,107900001.525879,Historical,World Bank API
2012,Tunisia,TUN,0.717213114754102,3791000000.0,Historical,World Bank API
2013,Tunisia,TUN,4.67014192446953,379000000.0,Historical,World Bank API
2014,Tunisia,TUN,-4.87274946918724,717000000.0,Historical,World Bank API
2015,Tunisia,TUN,0.69996840076054,15600000.3814697,Historical,World Bank API
2016,Tunisia,TUN,1.99729094191295,1482000000.0,Historical,World Bank API
2017,Tunisia,TUN,6.20210710934373,8153000000.0,Historical,World Bank API
2018,Tunisia,TUN,-12.7148969035133,910000000.0,Historical,World Bank API
2019,Tunisia,TUN,-7.5443637547282,161000000.0,Historical,World Bank API
2020,Tunisia,TUN,6.38001606179873,834000000.0,Historical,World Bank API
2021,Tunisia,TUN,1.93867445549446,1303000000.0,Historical,World Bank API
2022,Tunisia,TUN,5.23953291029852,76000000.0,Historical,World Bank API
2023,Tunisia,TUN,-5.54455451920674,47499000000.0,Historical,World Bank API
2024,Tunisia,TUN,2.7192440802029,9070000000.0,Historical,World Bank API
2025,Tunisia,TUN,5.79999999996723,2624500000.0,Historical,World Bank API
2000,Turkiye,TUR,10.398458101201,1169000000.0,Historical,World Bank API
2001,Turkiye,TUR,13.9364301737537,1640000000.0,Historical,World Bank API
2002,Turkiye,TUR,5.74405946988693,6827000000.0,Historical,World Bank API
2003,Turkiye,TUR,5.18622862422562,67000000.0,Historical,World Bank API
2004,Turkiye,TUR,3.95256258200938,2203000000.0,Historical,World Bank API
2005,Turkiye,TUR,4.23009522805209,897500000.0,Historical,World Bank API
2006,Turkiye,TUR,9.5097833517957,380000000.0,Historical,World Bank API
2007,Turkiye,TUR,-5.01727538250874,1076000000.0,Historical,World Bank API
2008,Turkiye,TUR,6.88233783360239,35958000000.0,Historical,World Bank API
2009,Turkiye,TUR,0.718990177344025,27000000.0,Historical,World Bank API
2010,Turkiye,TUR,4.17958419343711,7686000000.0,Historical,World Bank API
2011,Turkiye,TUR,2.74136439456163,254000000.0,Historical,World Bank API
2012,Turkiye,TUR,4.33435364113967,7483000000.0,Historical,World Bank API
2013,Turkiye,TUR,-11.4474929044465,1356500000.0,Historical,World Bank API
2014,Turkiye,TUR,3.99180705485398,24615400390.625,Historical,World Bank API
2015,Turkiye,TUR,4.42459959654504,1755000000.0,Historical,World Bank API
2016,Turkiye,TUR,-7.07605643073411,660000000.0,Historical,World Bank API
2017,Turkiye,TUR,-0.78397212543554,4198000000.0,Historical,World Bank API
2018,Turkiye,TUR,-0.204680245744115,395000000.0,Historical,World Bank API
2019,Turkiye,TUR,2.97391075973985,7300000.19073486,Historical,World Bank API
2020,Turkiye,TUR,3.63579015049041,3400000.09536743,Historical,World Bank API
2021,Turkiye,TUR,6.19525729141048,294000000.0,Historical,World Bank API
2022,Turkiye,TUR,5.20409244308591,499000000.0,Historical,World Bank API
2023,Turkiye,TUR,5.4326782650304,6800000.19073486,Historical,World Bank API
2024,Turkiye,TUR,4.53540565716095,10961000000.0,Historical,World Bank API
2025,Turkiye,TUR,8.27189312486149,285000000.0,Historical,World Bank API
2000,Turkmenistan,TKM,7.46190028229434,27755000000.0,Historical,World Bank API
2001,Turkmenistan,TKM,4.50000000091883,2922000000.0,Historical,World Bank API
2002,Turkmenistan,TKM,2.35970586926597,14318000000.0,Historical,World Bank API
2003,Turkmenistan,TKM,5.26626173860785,756000000.0,Historical,World Bank API
2004,Turkmenistan,TKM,2.15440298282768,711000000.0,Historical,World Bank API
2005,Turkmenistan,TKM,5.41034999817167,33000000.0,Historical,World Bank API
2006,Turkmenistan,TKM,1.55678384721676,9789000000.0,Historical,World Bank API
2007,Turkmenistan,TKM,3.24225822231566,875000000.0,Historical,World Bank API
2008,Turkmenistan,TKM,3.43732352954147,91000000.0,Historical,World Bank API
2009,Turkmenistan,TKM,8.45070422535204,600000.0,Historical,World Bank API
2010,Turkmenistan,TKM,6.70369746238768,32500000.0,Historical,World Bank API
2011,Turkmenistan,TKM,3.18404730726789,832000000.0,Historical,World Bank API
2012,Turkmenistan,TKM,9.38837403354628,2661000000.0,Historical,World Bank API
2013,Turkmenistan,TKM,4.38250500083399,2334000000.0,Historical,World Bank API
2014,Turkmenistan,TKM,11.2906511829271,52000000.0,Historical,World Bank API
2015,Turkmenistan,TKM,7.19298728463697,19200000.0,Historical,World Bank API
2016,Turkmenistan,TKM,-1.15748291975636,445500000.0,Historical,World Bank API
2017,Turkmenistan,TKM,-13.3167887221567,243000000.0,Historical,World Bank API
2018,Turkmenistan,TKM,5.30006940305884,854000000.0,Historical,World Bank API
2019,Turkmenistan,TKM,9.59113832853026,287000000.0,Historical,World Bank API
2020,Turkmenistan,TKM,-5.99444862538753,792000000.0,Historical,World Bank API
2021,Turkmenistan,TKM,7.39999974700379,233300003.051758,Historical,World Bank API
2022,Turkmenistan,TKM,5.3422447312502,3700000.04768372,Historical,World Bank API
2023,Turkmenistan,TKM,5.04902331835997,3533000000.0,Historical,World Bank API
2024,Turkmenistan,TKM,4.71497769088471,63000000.0,Historical,World Bank API
2025,Turkmenistan,TKM,9.4730053054454,57000000.0,Historical,World Bank API
2000,Turks and Caicos Islands,TCA,1.25448735650322,1152000000.0,Historical,World Bank API
2001,Turks and Caicos Islands,TCA,1.34187161970405,742000000.0,Historical,World Bank API
2002,Turks and Caicos Islands,TCA,5.90349622935489,308000000.0,Historical,World Bank API
2003,Turks and Caicos Islands,TCA,3.36923718421511,1358000000.0,Historical,World Bank API
2004,Turks and Caicos Islands,TCA,0.466503766322674,4011000000.0,Historical,World Bank API
2005,Turks and Caicos Islands,TCA,-8.35403458167995,11449000000.0,Historical,World Bank API
2006,Turks and Caicos Islands,TCA,-13.9643375197179,1043000000.0,Historical,World Bank API
2007,Turks and Caicos Islands,TCA,4.7947613911073,169000000.0,Historical,World Bank API
2008,Turks and Caicos Islands,TCA,-2.45915292608368,20291000000.0,Historical,World Bank API
2009,Turks and Caicos Islands,TCA,2.92525766450484,270000000.0,Historical,World Bank API
2010,Turks and Caicos Islands,TCA,3.48836234022659,2269000000.0,Historical,World Bank API
2011,Turks and Caicos Islands,TCA,6.12675551779212,60500000.0,Historical,World Bank API
2012,Turks and Caicos Islands,TCA,5.03485413839893,1410000000.0,Historical,World Bank API
2013,Turks and Caicos Islands,TCA,0.485982550017255,102400001.525879,Historical,World Bank API
2014,Turks and Caicos Islands,TCA,-3.54759651549344,1910000000.0,Historical,World Bank API
2015,Turks and Caicos Islands,TCA,3.69969756161726,2326000000.0,Historical,World Bank API
2016,Turks and Caicos Islands,TCA,4.72541109080376,231000000.0,Historical,World Bank API
2017,Turks and Caicos Islands,TCA,5.25344983010886,62000000.0,Historical,World Bank API
2018,Turks and Caicos Islands,TCA,16.1047836542012,47000000.0,Historical,World Bank API
2019,Turks and Caicos Islands,TCA,5.91528626133322,1679999.94754791,Historical,World Bank API
2020,Turks and Caicos Islands,TCA,2.10010882688805,248000000.0,Historical,World Bank API
2021,Turks and Caicos Islands,TCA,1.80306247087255,13771000000.0,Historical,World Bank API
2022,Turks and Caicos Islands,TCA,3.71500590367266,4149850000.023842,Historical,World Bank API
2023,Turks and Caicos Islands,TCA,8.56721424236899,1621000000.0,Historical,World Bank API
2024,Turks and Caicos Islands,TCA,-1.95242518381124,3176000000.0,Historical,World Bank API
2025,Turks and Caicos Islands,TCA,2.37698561663417,186000000.0,Historical,World Bank API
2000,Tuvalu,TUV,2.39020402573726,4133000000.0,Historical,World Bank API
2001,Tuvalu,TUV,5.71056419885052,395000000.0,Historical,World Bank API
2002,Tuvalu,TUV,6.69435192553358,281500000.0,Historical,World Bank API
2003,Tuvalu,TUV,3.14919758275296,1221000000.0,Historical,World Bank API
2004,Tuvalu,TUV,5.52198580589408,6193000000.0,Historical,World Bank API
2005,Tuvalu,TUV,1.17794869467917,250000000.0,Historical,World Bank API
2006,Tuvalu,TUV,2.65013209943473,23000000.0,Historical,World Bank API
2007,Tuvalu,TUV,10.1314073631003,27755000000.0,Historical,World Bank API
2008,Tuvalu,TUV,6.95230284899407,10148085000.038147,Historical,World Bank API
2009,Tuvalu,TUV,-0.819785390945569,104000000.0,Historical,World Bank API
2010,Tuvalu,TUV,7.09118746633975,3232000000.0,Historical,World Bank API
2011,Tuvalu,TUV,2.35960882992528,5293000000.0,Historical,World Bank API
2012,Tuvalu,TUV,-4.4001817631021,159000000.0,Historical,World Bank API
2013,Tuvalu,TUV,3.93554027709007,19161000000.0,Historical,World Bank API
2014,Tuvalu,TUV,-4.19896065333343,340000000.0,Historical,World Bank API
2015,Tuvalu,TUV,3.39403899592401,28700000.7629395,Historical,World Bank API
2016,Tuvalu,TUV,10.6254059599309,205000000.0,Historical,World Bank API
2017,Tuvalu,TUV,4.47667273608019,3176000000.0,Historical,World Bank API
2018,Tuvalu,TUV,4.32684561452976,183000000.0,Historical,World Bank API
2019,Tuvalu,TUV,3.87143694070356,31661000000.0,Historical,World Bank API
2020,Tuvalu,TUV,1.41401395818599,669000000.0,Historical,World Bank API
2021,Tuvalu,TUV,-3.84412995940374,700000000.0,Historical,World Bank API
2022,Tuvalu,TUV,5.06907770841399,8296000000.0,Historical,World Bank API
2023,Tuvalu,TUV,8.03865268023725,413000000.0,Historical,World Bank API
2024,Tuvalu,TUV,1.70404739202878,13438000000.0,Historical,World Bank API
2025,Tuvalu,TUV,6.02074537534855,1702000000.0,Historical,World Bank API
2000,Uganda,UGA,-1.38603770763578,688000000.0,Historical,World Bank API
2001,Uganda,UGA,3.82696982009337,1719000000.0,Historical,World Bank API
2002,Uganda,UGA,0.668428481084234,255000000.0,Historical,World Bank API
2003,Uganda,UGA,-2.98986879467928,217000000.0,Historical,World Bank API
2004,Uganda,UGA,4.54703805165397,372000000.0,Historical,World Bank API
2005,Uganda,UGA,6.76447277780228,958000000.0,Historical,World Bank API
2006,Uganda,UGA,3.58690582623025,960000000.0,Historical,World Bank API
2007,Uganda,UGA,2.80230083647626,2503000000.0,Historical,World Bank API
2008,Uganda,UGA,2.65201087489879,5170000.07629395,Historical,World Bank API
2009,Uganda,UGA,8.4845603416011,29000000.0,Historical,World Bank API
2010,Uganda,UGA,1.85185185185186,22000000.0,Historical,World Bank API
2011,Uganda,UGA,8.67980010138049,26000000.0,Historical,World Bank API
2012,Uganda,UGA,6.37528306716864,2640000000.0,Historical,World Bank API
2013,Uganda,UGA,6.68314420473001,14179500000.0,Historical,World Bank API
2014,Uganda,UGA,7.22243553752608,500000000.0,Historical,World Bank API
2015,Uganda,UGA,5.35139778711536,919000000.0,Historical,World Bank API
2016,Uganda,UGA,1.77334516269423,16495000000.0,Historical,World Bank API
2017,Uganda,UGA,0.967834205635981,1869000000.0,Historical,World Bank API
2018,Uganda,UGA,0.29344264815208,25000000.0,Historical,World Bank API
2019,Uganda,UGA,2.76464755136783,5970000000.0,Historical,World Bank API
2020,Uganda,UGA,1.78873552917291,8902000000.0,Historical,World Bank API
2021,Uganda,UGA,7.77389581542363,700000000.0,Historical,World Bank API
2022,Uganda,UGA,4.93473300709881,5055000000.0,Historical,World Bank API
2023,Uganda,UGA,1.61129561338169,5642000000.0,Historical,World Bank API
2024,Uganda,UGA,2.3758326648385,1418000000.0,Historical,World Bank API
2025,Uganda,UGA,2.17548079415926,840000000.0,Historical,World Bank API
2000,Ukraine,UKR,3.37346574966936,952000000.0,Historical,World Bank API
2001,Ukraine,UKR,2.37743572761507,113000000.0,Historical,World Bank API
2002,Ukraine,UKR,58.078100510636,20300000.0,Historical,World Bank API
2003,Ukraine,UKR,3.80958327566137,231000000.0,Historical,World Bank API
2004,Ukraine,UKR,1.68297175486512,8185000000.0,Historical,World Bank API
2005,Ukraine,UKR,6.57835632304275,2799999.95231628,Historical,World Bank API
2006,Ukraine,UKR,-29.9985699155957,546000000.0,Historical,World Bank API
2007,Ukraine,UKR,1.04429460679607,2279000000.0,Historical,World Bank API
2008,Ukraine,UKR,2.61984689477413,59000000.0,Historical,World Bank API
2009,Ukraine,UKR,3.68605969932123,34000000.0,Historical,World Bank API
2010,Ukraine,UKR,0.755798850316665,18471000000.0,Historical,World Bank API
2011,Ukraine,UKR,2.68946658143334,782000000.0,Historical,World Bank API
2012,Ukraine,UKR,1.2000000493378,354000000.0,Historical,World Bank API
2013,Ukraine,UKR,-0.0732172569941127,9198000000.0,Historical,World Bank API
2014,Ukraine,UKR,6.12955841579208,4852000000.0,Historical,World Bank API
2015,Ukraine,UKR,3.59695700972851,881000000.0,Historical,World Bank API
2016,Ukraine,UKR,0.828931500516902,7280000000.0,Historical,World Bank API
2017,Ukraine,UKR,5.14970388522993,1580000000.0,Historical,World Bank API
2018,Ukraine,UKR,-2.73052647441901,56000000.0,Historical,World Bank API
2019,Ukraine,UKR,8.54287477507607,392000000.0,Historical,World Bank API
2020,Ukraine,UKR,1.99943210333259,15900000.0,Historical,World Bank API
2021,Ukraine,UKR,13.1999999994661,406000000.0,Historical,World Bank API
2022,Ukraine,UKR,6.05953089054807,2282000000.0,Historical,World Bank API
2023,Ukraine,UKR,2.50192717852873,20100000.3814697,Historical,World Bank API
2024,Ukraine,UKR,1.0,1400500000.0,Historical,World Bank API
2025,Ukraine,UKR,0.865667236280544,662000000.0,Historical,World Bank API
2000,United Arab Emirates,ARE,33.795011115873,28000000.0,Historical,World Bank API
2001,United Arab Emirates,ARE,4.91847057594622,20200000.7629395,Historical,World Bank API
2002,United Arab Emirates,ARE,7.14285714285714,1500000.0,Historical,World Bank API
2003,United Arab Emirates,ARE,5.13399351995672,4819000000.0,Historical,World Bank API
2004,United Arab Emirates,ARE,3.83795817364721,1564000000.0,Historical,World Bank API
2005,United Arab Emirates,ARE,4.18771305104109,1611000000.0,Historical,World Bank API
2006,United Arab Emirates,ARE,5.40000000000001,477000000.0,Historical,World Bank API
2007,United Arab Emirates,ARE,0.843716851362103,1594500000.0,Historical,World Bank API
2008,United Arab Emirates,ARE,5.29391283414003,21338000000.0,Historical,World Bank API
2009,United Arab Emirates,ARE,-10.7933646271143,22000000.0,Historical,World Bank API
2010,United Arab Emirates,ARE,17.9899244143607,9292000000.0,Historical,World Bank API
2011,United Arab Emirates,ARE,0.879314134974734,3205000000.0,Historical,World Bank API
2012,United Arab Emirates,ARE,4.68260325152944,260000000.0,Historical,World Bank API
2013,United Arab Emirates,ARE,-4.3917292474614,548000000.0,Historical,World Bank API
2014,United Arab Emirates,ARE,4.33712103020231,15600000.3814697,Historical,World Bank API
2015,United Arab Emirates,ARE,-8.86822122185345,20459000000.0,Historical,World Bank API
2016,United Arab Emirates,ARE,5.69201612823412,2769000000.0,Historical,World Bank API
2017,United Arab Emirates,ARE,3.74739818489111,1291000000.0,Historical,World Bank API
2018,United Arab Emirates,ARE,-1.13575145648322,77000000.0,Historical,World Bank API
2019,United Arab Emirates,ARE,3.7725437958099,834000000.0,Historical,World Bank API
2020,United Arab Emirates,ARE,4.06211981896483,3318000000.0,Historical,World Bank API
2021,United Arab Emirates,ARE,-1.771174940631,988000000.0,Historical,World Bank API
2022,United Arab Emirates,ARE,1.63614170690956,24182000000.0,Historical,World Bank API
2023,United Arab Emirates,ARE,7.7908200104027,6900000000.0,Historical,World Bank API
2024,United Arab Emirates,ARE,7.67215543486064,1383000000.0,Historical,World Bank API
2025,United Arab Emirates,ARE,4.5513148102974,451000000.0,Historical,World Bank API
2000,United Kingdom,GBR,53.3855472887501,186000000.0,Historical,World Bank API
2001,United Kingdom,GBR,1.61186417596689,2280000000.0,Historical,World Bank API
2002,United Kingdom,GBR,2.5750403162878,284000000.0,Historical,World Bank API
2003,United Kingdom,GBR,-18.4384703505393,282000000.0,Historical,World Bank API
2004,United Kingdom,GBR,-0.760584470257314,2369000000.0,Historical,World Bank API
2005,United Kingdom,GBR,-5.88712848764477,258000000.0,Historical,World Bank API
2006,United Kingdom,GBR,1.95484826298522,26909000000.0,Historical,World Bank API
2007,United Kingdom,GBR,6.39991260618034,910000000.0,Historical,World Bank API
2008,United Kingdom,GBR,0.0,27000000.0,Historical,World Bank API
2009,United Kingdom,GBR,2.40622235601218,19000000.0,Historical,World Bank API
2010,United Kingdom,GBR,3.9614389000248,113000000.0,Historical,World Bank API
2011,United Kingdom,GBR,0.332354337878925,5628000000.0,Historical,World Bank API
2012,United Kingdom,GBR,-7.38423028785982,2382500000.0,Historical,World Bank API
2013,United Kingdom,GBR,5.65793329224303,28657400390.625,Historical,World Bank API
2014,United Kingdom,GBR,1.47535613247133,42900001.5258789,Historical,World Bank API
2015,United Kingdom,GBR,0.213332576499354,286000000.0,Historical,World Bank API
2016,United Kingdom,GBR,3.83008356545962,1820000000.0,Historical,World Bank API
2017,United Kingdom,GBR,3.59386960240222,653000000.0,Historical,World Bank API
2018,United Kingdom,GBR,2.94916821059911,13199999.8092651,Historical,World Bank API
2019,United Kingdom,GBR,13.4117042939322,1185000000.0,Historical,World Bank API
2020,United Kingdom,GBR,0.312226855858171,367000000.0,Historical,World Bank API
2021,United Kingdom,GBR,-3.01509335460439,438000000.0,Historical,World Bank API
2022,United Kingdom,GBR,4.52457514610252,2200000.04768372,Historical,World Bank API
2023,United Kingdom,GBR,2.58954199031598,7434000000.0,Historical,World Bank API
2024,United Kingdom,GBR,6.19999994137119,1234000000.0,Historical,World Bank API
2025,United Kingdom,GBR,2.64431154871538,1034000000.0,Historical,World Bank API
2000,United States,USA,7.40000000144188,1524000000.0,Historical,World Bank API
2001,United States,USA,3.06410503214877,12593000000.0,Historical,World Bank API
2002,United States,USA,-6.24017199240269,75000000.0,Historical,World Bank API
2003,United States,USA,0.879613659882722,452000000.0,Historical,World Bank API
2004,United States,USA,3.26872602317066,48000000.0,Historical,World Bank API
2005,United States,USA,3.03973288127956,10309000000.0,Historical,World Bank API
2006,United States,USA,1.19350273007754,8784000000.0,Historical,World Bank API
2007,United States,USA,3.65338433338232,28000000.0,Historical,World Bank API
2008,United States,USA,3.71154502416731,155000000.0,Historical,World Bank API
2009,United States,USA,0.0518054450729011,13100000.3814697,Historical,World Bank API
2010,United States,USA,-7.20048278238133,458000000.0,Historical,World Bank API
2011,United States,USA,3.77582843213109,6616000000.0,Historical,World Bank API
2012,United States,USA,3.969351341365,4505000000.0,Historical,World Bank API
2013,United States,USA,-1.31123206333498,686000000.0,Historical,World Bank API
2014,United States,USA,7.19298728463697,6900000.0,Historical,World Bank API
2015,United States,USA,1.79808847836411,236000000.0,Historical,World Bank API
2016,United States,USA,1.30673103459678,871000000.0,Historical,World Bank API
2017,United States,USA,2.39795510823548,3756000000.0,Historical,World Bank API
2018,United States,USA,5.9167957146697,53000000.0,Historical,World Bank API
2019,United States,USA,1.90393673332888,660000000.0,Historical,World Bank API
2020,United States,USA,7.00000321108996,11199999.8092651,Historical,World Bank API
2021,United States,USA,7.38971065070517,429000000.0,Historical,World Bank API
2022,United States,USA,4.87632230022123,12054000000.0,Historical,World Bank API
2023,United States,USA,-1.27408744338709,765000000.0,Historical,World Bank API
2024,United States,USA,3.10825478066172,1085000000.0,Historical,World Bank API
2025,United States,USA,11.2016564219094,2591000000.0,Historical,World Bank API
2000,Uruguay,URY,4.30971286294503,880000000.0,Historical,World Bank API
2001,Uruguay,URY,4.2574308328029,557000000.0,Historical,World Bank API
2002,Uruguay,URY,1.11050459944282,858099975.585938,Historical,World Bank API
2003,Uruguay,URY,0.784431235717051,4875000000.0,Historical,World Bank API
2004,Uruguay,URY,3.55321075993527,13320000000.0,Historical,World Bank API
2005,Uruguay,URY,0.70925628476644,1029000000.0,Historical,World Bank API
2006,Uruguay,URY,3.24165532813583,3099000000.0,Historical,World Bank API
2007,Uruguay,URY,4.44180865358672,5252000000.0,Historical,World Bank API
2008,Uruguay,URY,5.13702516153505,156000000.0,Historical,World Bank API
2009,Uruguay,URY,4.09200436668087,4696000000.0,Historical,World Bank API
2010,Uruguay,URY,0.393832798154563,4300000.0,Historical,World Bank API
2011,Uruguay,URY,4.61296795454287,11776000000.0,Historical,World Bank API
2012,Uruguay,URY,8.89065529573114,212000000.0,Historical,World Bank API
2013,Uruguay,URY,5.39779598500422,1910000000.0,Historical,World Bank API
2014,Uruguay,URY,2.4497502063999,1643000000.0,Historical,World Bank API
2015,Uruguay,URY,6.23887890197454,186000000.0,Historical,World Bank API
2016,Uruguay,URY,-4.62451503749502,1076000000.0,Historical,World Bank API
2017,Uruguay,URY,5.97253260071749,94000000.0,Historical,World Bank API
2018,Uruguay,URY,2.34011731288737,8199999.80926514,Historical,World Bank API
2019,Uruguay,URY,2.10010882688805,236000000.0,Historical,World Bank API
2020,Uruguay,URY,8.48825689298511,37984000000.0,Historical,World Bank API
2021,Uruguay,URY,9.67024588602851,27755000000.0,Historical,World Bank API
2022,Uruguay,URY,0.941998775483285,11395000000.0,Historical,World Bank API
2023,Uruguay,URY,6.31347157694064,2728000000.0,Historical,World Bank API
2024,Uruguay,URY,-3.46140290336963,338000000.0,Historical,World Bank API
2025,Uruguay,URY,5.783212336172,1039000000.0,Historical,World Bank API
2000,Uzbekistan,UZB,7.84960207010525,9442000000.0,Historical,World Bank API
2001,Uzbekistan,UZB,7.11031431127853,367750000.0,Historical,World Bank API
2002,Uzbekistan,UZB,7.75001707500896,665000000.0,Historical,World Bank API
2003,Uzbekistan,UZB,-0.228301892172851,17547000000.0,Historical,World Bank API
2004,Uzbekistan,UZB,6.57911006765414,2501000000.0,Historical,World Bank API
2005,Uzbekistan,UZB,-9.10069369772735,78000000.0,Historical,World Bank API
2006,Uzbekistan,UZB,3.09236384292251,15135000000.0,Historical,World Bank API
2007,Uzbekistan,UZB,13.4999999984358,502000000.0,Historical,World Bank API
2008,Uzbekistan,UZB,8.29307648937821,299000000.0,Historical,World Bank API
2009,Uzbekistan,UZB,6.94019037359206,8890000000.0,Historical,World Bank API
2010,Uzbekistan,UZB,0.0475803308973752,3890000000.0,Historical,World Bank API
2011,Uzbekistan,UZB,-0.958897332849631,202000000.0,Historical,World Bank API
2012,Uzbekistan,UZB,9.00676607871758,7536000000.0,Historical,World Bank API
2013,Uzbekistan,UZB,2.20293891708398,2634000000.0,Historical,World Bank API
2014,Uzbekistan,UZB,0.472642030911146,28700000.7629395,Historical,World Bank API
2015,Uzbekistan,UZB,11.2662955198601,7394500000.0,Historical,World Bank API
2016,Uzbekistan,UZB,1.04728710191981,877000000.0,Historical,World Bank API
2017,Uzbekistan,UZB,6.25316468817478,55000000.0,Historical,World Bank API
2018,Uzbekistan,UZB,5.24131619937695,12462000000.0,Historical,World Bank API
2019,Uzbekistan,UZB,5.04642394571691,2324000000.0,Historical,World Bank API
2020,Uzbekistan,UZB,-2.16302914036166,84205000000.0,Historical,World Bank API
2021,Uzbekistan,UZB,4.4383335888395,2819000000.0,Historical,World Bank API
2022,Uzbekistan,UZB,6.06700230344272,77000000.0,Historical,World Bank API
2023,Uzbekistan,UZB,6.2379875365458,6775000000.0,Historical,World Bank API
2024,Uzbekistan,UZB,-2.51261532081394,5645000000.0,Historical,World Bank API
2025,Uzbekistan,UZB,4.53851028676189,698000000.0,Historical,World Bank API
2000,Vanuatu,VUT,4.8655446077553,1302000000.0,Historical,World Bank API
2001,Vanuatu,VUT,-0.60627665148327,178500000.0,Historical,World Bank API
2002,Vanuatu,VUT,4.11437856445083,542010009.765625,Historical,World Bank API
2003,Vanuatu,VUT,-1.68198396897978,620000000.0,Historical,World Bank API
2004,Vanuatu,VUT,5.01593475931152,186000000.0,Historical,World Bank API
2005,Vanuatu,VUT,6.33256511623156,382000000.0,Historical,World Bank API
2006,Vanuatu,VUT,4.14356479211455,42200000.7629395,Historical,World Bank API
2007,Vanuatu,VUT,-3.38871665849958,880000000.0,Historical,World Bank API
2008,Vanuatu,VUT,-2.65365450102773,4961000000.0,Historical,World Bank API
2009,Vanuatu,VUT,3.69999999907979,50000000.0,Historical,World Bank API
2010,Vanuatu,VUT,1.45173556595506,73000000.0,Historical,World Bank API
2011,Vanuatu,VUT,-8.34069861571051,1966000000.0,Historical,World Bank API
2012,Vanuatu,VUT,-1.42732224757626,9105000000.0,Historical,World Bank API
2013,Vanuatu,VUT,6.86568662848335,240860000.610352,Historical,World Bank API
2014,Vanuatu,VUT,5.09986426216793,331850000.3814698,Historical,World Bank API
2015,Vanuatu,VUT,0.097832364227159,14603000000.0,Historical,World Bank API
2016,Vanuatu,VUT,4.23778147502819,3909000000.0,Historical,World Bank API
2017,Vanuatu,VUT,2.83821524768997,25000000.0,Historical,World Bank API
2018,Vanuatu,VUT,2.51584458612513,2060000000.0,Historical,World Bank API
2019,Vanuatu,VUT,0.249610834017872,8379000000.0,Historical,World Bank API
2020,Vanuatu,VUT,5.31686827418419,84205000000.0,Historical,World Bank API
2021,Vanuatu,VUT,5.86842354862311,705000000.0,Historical,World Bank API
2022,Vanuatu,VUT,3.76041454320028,4519000000.0,Historical,World Bank API
2023,Vanuatu,VUT,2.39330621338168,2594000000.0,Historical,World Bank API
2024,Vanuatu,VUT,6.93867912442445,217899993.896484,Historical,World Bank API
2025,Vanuatu,VUT,3.70000008164408,357000000.0,Historical,World Bank API
2000,"Venezuela, RB",VEN,6.57141389665537,228000000.0,Historical,World Bank API
2001,"Venezuela, RB",VEN,4.22287028746071,61383000000.0,Historical,World Bank API
2002,"Venezuela, RB",VEN,5.97510939607335,1119000000.0,Historical,World Bank API
2003,"Venezuela, RB",VEN,3.01383869396012,5206000000.0,Historical,World Bank API
2004,"Venezuela, RB",VEN,7.81518922862388,4500000.0,Historical,World Bank API
2005,"Venezuela, RB",VEN,5.62595697508632,904000000.0,Historical,World Bank API
2006,"Venezuela, RB",VEN,6.27166360056404,3449000000.0,Historical,World Bank API
2007,"Venezuela, RB",VEN,-21.7540078753246,31620000000.0,Historical,World Bank API
2008,"Venezuela, RB",VEN,-6.34545563328469,14000000.0,Historical,World Bank API
2009,"Venezuela, RB",VEN,3.26933601506059,18471000000.0,Historical,World Bank API
2010,"Venezuela, RB",VEN,-2.96195745427229,725000000.0,Historical,World Bank API
2011,"Venezuela, RB",VEN,4.64601436259409,344000000.0,Historical,World Bank API
2012,"Venezuela, RB",VEN,-1.93379704032216,10674000000.0,Historical,World Bank API
2013,"Venezuela, RB",VEN,4.58722541447194,1364000000.0,Historical,World Bank API
2014,"Venezuela, RB",VEN,7.0293406083855,635000000.0,Historical,World Bank API
2015,"Venezuela, RB",VEN,0.787051861494078,5299000000.0,Historical,World Bank API
2016,"Venezuela, RB",VEN,2.14040560033371,2077000000.0,Historical,World Bank API
2017,"Venezuela, RB",VEN,-4.27335432161462,1479000000.0,Historical,World Bank API
2018,"Venezuela, RB",VEN,-2.56011099967517,524000000.0,Historical,World Bank API
2019,"Venezuela, RB",VEN,3.5379059435684,7700000.0,Historical,World Bank API
2020,"Venezuela, RB",VEN,-11.9628794703471,803000000.0,Historical,World Bank API
2021,"Venezuela, RB",VEN,0.999999344757256,496000000.0,Historical,World Bank API
2022,"Venezuela, RB",VEN,3.55815188528943,18100000.3814697,Historical,World Bank API
2023,"Venezuela, RB",VEN,20.3884431828414,989000000.0,Historical,World Bank API
2024,"Venezuela, RB",VEN,5.027444647203,307000000.0,Historical,World Bank API
2025,"Venezuela, RB",VEN,7.19123624057457,28000000.0,Historical,World Bank API
2000,Viet Nam,VNM,-2.23654176262323,446500000.0,Historical,World Bank API
2001,Viet Nam,VNM,5.63682517443362,292000000.0,Historical,World Bank API
2002,Viet Nam,VNM,4.82876110773741,1891000000.0,Historical,World Bank API
2003,Viet Nam,VNM,8.05847360290906,1620000000.0,Historical,World Bank API
2004,Viet Nam,VNM,4.11600109267832,2388000000.0,Historical,World Bank API
2005,Viet Nam,VNM,-3.31375636888916,1243000000.0,Historical,World Bank API
2006,Viet Nam,VNM,2.60202016121069,755000000.0,Historical,World Bank API
2007,Viet Nam,VNM,6.79600500489967,6400000.09536743,Historical,World Bank API
2008,Viet Nam,VNM,5.04164187983342,22000000.0,Historical,World Bank API
2009,Viet Nam,VNM,4.06646561608865,9477500000.0,Historical,World Bank API
2010,Viet Nam,VNM,4.36144039364797,548000000.0,Historical,World Bank API
2011,Viet Nam,VNM,0.699300699300778,1600000.0,Historical,World Bank API
2012,Viet Nam,VNM,4.16852398185424,361000000.0,Historical,World Bank API
2013,Viet Nam,VNM,4.60753485452025,10800000.1907349,Historical,World Bank API
2014,Viet Nam,VNM,-3.12523877282996,46134000000.0,Historical,World Bank API
2015,Viet Nam,VNM,6.9309883258402,8349000000.0,Historical,World Bank API
2016,Viet Nam,VNM,4.08276027347105,245000000.0,Historical,World Bank API
2017,Viet Nam,VNM,-0.0638434428881567,46000000.0,Historical,World Bank API
2018,Viet Nam,VNM,7.39548122468629,834000000.0,Historical,World Bank API
2019,Viet Nam,VNM,2.56242473215553,2515000000.0,Historical,World Bank API
2020,Viet Nam,VNM,3.81499327422425,4021000000.0,Historical,World Bank API
2021,Viet Nam,VNM,7.89971194051621,706000000.0,Historical,World Bank API
2022,Viet Nam,VNM,3.16409886329913,180000000.0,Historical,World Bank API
2023,Viet Nam,VNM,6.67278983053497,654000000.0,Historical,World Bank API
2024,Viet Nam,VNM,-1.50358672385678,349000000.0,Historical,World Bank API
2025,Viet Nam,VNM,4.98477506709476,4197000000.0,Historical,World Bank API
2000,Virgin Islands (U.S.),VIR,0.949907875683692,665000000.0,Historical,World Bank API
2001,Virgin Islands (U.S.),VIR,8.46069747205426,109000000.0,Historical,World Bank API
2002,Virgin Islands (U.S.),VIR,-0.34895035717112,676000000.0,Historical,World Bank API
2003,Virgin Islands (U.S.),VIR,0.903028464073813,8086000000.0,Historical,World Bank API
2004,Virgin Islands (U.S.),VIR,7.94905650472278,1422000000.0,Historical,World Bank API
2005,Virgin Islands (U.S.),VIR,2.03145880248898,11333000000.0,Historical,World Bank API
2006,Virgin Islands (U.S.),VIR,2.71406448755236,54615000000.0,Historical,World Bank API
2007,Virgin Islands (U.S.),VIR,7.21770086569656,106000000.0,Historical,World Bank API
2008,Virgin Islands (U.S.),VIR,-3.41304268067621,99000000.0,Historical,World Bank API
2009,Virgin Islands (U.S.),VIR,3.614545477248095,484000000.0,Historical,World Bank API
2010,Virgin Islands (U.S.),VIR,2.50498758466826,32697000000.0,Historical,World Bank API
2011,Virgin Islands (U.S.),VIR,-3.07797537619699,1407800000.0,Historical,World Bank API
2012,Virgin Islands (U.S.),VIR,3.19183627331763,7162000000.0,Historical,World Bank API
2013,Virgin Islands (U.S.),VIR,6.64606540928447,56900001.5258789,Historical,World Bank API
2014,Virgin Islands (U.S.),VIR,4.75680057007834,30831666666.666664,Historical,World Bank API
2015,Virgin Islands (U.S.),VIR,4.74838445564714,23059999.4659424,Historical,World Bank API
2016,Virgin Islands (U.S.),VIR,11.4198633904585,82000000.0,Historical,World Bank API
2017,Virgin Islands (U.S.),VIR,1.44055358727118,26299999.2370605,Historical,World Bank API
2018,Virgin Islands (U.S.),VIR,6.29233375866998,1185000000.0,Historical,World Bank API
2019,Virgin Islands (U.S.),VIR,2.00352549800972,367000000.0,Historical,World Bank API
2020,Virgin Islands (U.S.),VIR,4.63215704523927,84000000.0,Historical,World Bank API
2021,Virgin Islands (U.S.),VIR,3.73449154571284,28000000.0,Historical,World Bank API
2022,Virgin Islands (U.S.),VIR,3.35292760405062,6486000000.0,Historical,World Bank API
2023,Virgin Islands (U.S.),VIR,9.19999998805483,1789000000.0,Historical,World Bank API
2024,Virgin Islands (U.S.),VIR,1.753038749071,3744000000.0,Historical,World Bank API
2025,Virgin Islands (U.S.),VIR,3.65564358999147,1745000000.0,Historical,World Bank API
2000,West Bank and Gaza,PSE,17.6635563626089,4463000000.0,Historical,World Bank API
2001,West Bank and Gaza,PSE,2.72454336219565,121000000.0,Historical,World Bank API
2002,West Bank and Gaza,PSE,5.55209307156956,14256000000.0,Historical,World Bank API
2003,West Bank and Gaza,PSE,4.19999999988647,202000000.0,Historical,World Bank API
2004,West Bank and Gaza,PSE,3.70037440406668,3695000000.0,Historical,World Bank API
2005,West Bank and Gaza,PSE,0.446905130727231,12369000000.0,Historical,World Bank API
2006,West Bank and Gaza,PSE,-1.29828069335511,27402000000.0,Historical,World Bank API
2007,West Bank and Gaza,PSE,4.41009911716546,114500000.0,Historical,World Bank API
2008,West Bank and Gaza,PSE,6.29443692019429,264000000.0,Historical,World Bank API
2009,West Bank and Gaza,PSE,3.16262533840754,585000000.0,Historical,World Bank API
2010,West Bank and Gaza,PSE,5.60162698158004,3736000000.0,Historical,World Bank API
2011,West Bank and Gaza,PSE,6.32719240161117,2814000000.0,Historical,World Bank API
2012,West Bank and Gaza,PSE,-0.425079702444208,1324000000.0,Historical,World Bank API
2013,West Bank and Gaza,PSE,6.50025445756295,9097000000.0,Historical,World Bank API
2014,West Bank and Gaza,PSE,3.22019308239609,15529333333.333332,Historical,World Bank API
2015,West Bank and Gaza,PSE,3.19999269219366,665000000.0,Historical,World Bank API
2016,West Bank and Gaza,PSE,0.613170735890648,2157000000.0,Historical,World Bank API
2017,West Bank and Gaza,PSE,4.0580738039996,92000000.0,Historical,World Bank API
2018,West Bank and Gaza,PSE,-4.55775197583431,49000000.0,Historical,World Bank API
2019,West Bank and Gaza,PSE,0.732781301861365,1816000000.0,Historical,World Bank API
2020,West Bank and Gaza,PSE,4.83365776809453,1799999.95231628,Historical,World Bank API
2021,West Bank and Gaza,PSE,3.66312056830718,5252000000.0,Historical,World Bank API
2022,West Bank and Gaza,PSE,3.02758391088629,1014000000.0,Historical,World Bank API
2023,West Bank and Gaza,PSE,1.74037643374211,2924000000.0,Historical,World Bank API
2024,West Bank and Gaza,PSE,3.76164540703459,5631853027.34375,Historical,World Bank API
2025,West Bank and Gaza,PSE,7.66548778586991,201000000.0,Historical,World Bank API
2000,"Yemen, Rep.",YEM,6.36704365066983,417000000.0,Historical,World Bank API
2001,"Yemen, Rep.",YEM,5.80000000065645,303000000.0,Historical,World Bank API
2002,"Yemen, Rep.",YEM,5.75373770498848,2035000000.0,Historical,World Bank API
2003,"Yemen, Rep.",YEM,2.11324712586392,12801000000.0,Historical,World Bank API
2004,"Yemen, Rep.",YEM,-2.76770436599138,231000000.0,Historical,World Bank API
2005,"Yemen, Rep.",YEM,-3.54576339347278,6254000000.0,Historical,World Bank API
2006,"Yemen, Rep.",YEM,-8.96508223267296,189000000.0,Historical,World Bank API
2007,"Yemen, Rep.",YEM,-2.98950254798218,123000000.0,Historical,World Bank API
2008,"Yemen, Rep.",YEM,9.51660986436364,1204000000.0,Historical,World Bank API
2009,"Yemen, Rep.",YEM,7.40172337539792,700000.0,Historical,World Bank API
2010,"Yemen, Rep.",YEM,3.2913959543442,19457000000.0,Historical,World Bank API
2011,"Yemen, Rep.",YEM,8.51646722592409,547000000.0,Historical,World Bank API
2012,"Yemen, Rep.",YEM,1.73501577287065,22000000.0,Historical,World Bank API
2013,"Yemen, Rep.",YEM,6.93300082616575,737000000.0,Historical,World Bank API
2014,"Yemen, Rep.",YEM,1.76004607889122,227000000.0,Historical,World Bank API
2015,"Yemen, Rep.",YEM,8.63218137662685,1756000000.0,Historical,World Bank API
2016,"Yemen, Rep.",YEM,-0.432801300339307,583000000.0,Historical,World Bank API
2017,"Yemen, Rep.",YEM,4.18451817243695,298500000.0,Historical,World Bank API
2018,"Yemen, Rep.",YEM,2.10010882688805,267000000.0,Historical,World Bank API
2019,"Yemen, Rep.",YEM,7.06762607623939,19137000000.0,Historical,World Bank API
2020,"Yemen, Rep.",YEM,1.12504310895372,276399999.97615814,Historical,World Bank API
2021,"Yemen, Rep.",YEM,9.69999999922682,801000000.0,Historical,World Bank API
2022,"Yemen, Rep.",YEM,2.74568432648596,24592000000.0,Historical,World Bank API
2023,"Yemen, Rep.",YEM,3.82004825518591,2924000000.0,Historical,World Bank API
2024,"Yemen, Rep.",YEM,6.83239736646514,464000000.0,Historical,World Bank API
2025,"Yemen, Rep.",YEM,1.29837946885112,15182000000.0,Historical,World Bank API
2000,Zambia,ZMB,-2.58448361755723,7000000.0,Historical,World Bank API
2001,Zambia,ZMB,5.04526758311702,295000000.0,Historical,World Bank API
2002,Zambia,ZMB,3.50686976639459,15683000000.0,Historical,World Bank API
2003,Zambia,ZMB,7.33267044704149,550000000.0,Historical,World Bank API
2004,Zambia,ZMB,3.00993358093274,58000000.0,Historical,World Bank API
2005,Zambia,ZMB,3.7367840056412,437000000.0,Historical,World Bank API
2006,Zambia,ZMB,5.39999903126116,96049999.95231628,Historical,World Bank API
2007,Zambia,ZMB,3.17707554784896,2921000000.0,Historical,World Bank API
2008,Zambia,ZMB,6.42324482239482,4450000000.0,Historical,World Bank API
2009,Zambia,ZMB,4.95875848915604,6766000000.0,Historical,World Bank API
2010,Zambia,ZMB,-2.98249127649473,123000000.0,Historical,World Bank API
2011,Zambia,ZMB,4.29322336690163,39000000.0,Historical,World Bank API
2012,Zambia,ZMB,9.25380179728907,79000000.0,Historical,World Bank API
2013,Zambia,ZMB,0.130331119816617,26200000.7629395,Historical,World Bank API
2014,Zambia,ZMB,7.18702777537968,232500000.0,Historical,World Bank API
2015,Zambia,ZMB,1.14198218965691,21257000000.0,Historical,World Bank API
2016,Zambia,ZMB,3.38709063847314,1792000000.0,Historical,World Bank API
2017,Zambia,ZMB,7.8603814759073,4560000000.0,Historical,World Bank API
2018,Zambia,ZMB,8.95005895005896,1105000000.0,Historical,World Bank API
2019,Zambia,ZMB,2.11783009790057,213105000000.0,Historical,World Bank API
2020,Zambia,ZMB,4.84314605889178,551000000.0,Historical,World Bank API
2021,Zambia,ZMB,7.30524057200897,880000000.0,Historical,World Bank API
2022,Zambia,ZMB,4.71813422138024,3418000000.0,Historical,World Bank API
2023,Zambia,ZMB,8.04715150043027,3926000000.0,Historical,World Bank API
2024,Zambia,ZMB,3.56636317884431,29955000000.0,Historical,World Bank API
2025,Zambia,ZMB,1.26090923067225,33000000.0,Historical,World Bank API
2000,Zimbabwe,ZWE,6.69133665352797,178500000.0,Historical,World Bank API
2001,Zimbabwe,ZWE,-14.1442346163423,663599975.585938,Historical,World Bank API
2002,Zimbabwe,ZWE,2.88877250863379,578000000.0,Historical,World Bank API
2003,Zimbabwe,ZWE,5.93985257123522,130000000.0,Historical,World Bank API
2004,Zimbabwe,ZWE,3.85280919517032,2400000.0,Historical,World Bank API
2005,Zimbabwe,ZWE,1.93442812313498,15600000.3814697,Historical,World Bank API
2006,Zimbabwe,ZWE,-2.98473121631831,3099999.90463257,Historical,World Bank API
2007,Zimbabwe,ZWE,4.31023852639633,334000000.0,Historical,World Bank API
2008,Zimbabwe,ZWE,1.40000000088281,196500000.0,Historical,World Bank API
2009,Zimbabwe,ZWE,3.22350831658598,14000000.0,Historical,World Bank API
2010,Zimbabwe,ZWE,-3.94363452271253,1966000000.0,Historical,World Bank API
2011,Zimbabwe,ZWE,4.04343515605099,5356500000.0,Historical,World Bank API
2012,Zimbabwe,ZWE,2.96375291904201,201000000.0,Historical,World Bank API
2013,Zimbabwe,ZWE,0.18198362147406,2125100000.3814697,Historical,World Bank API
2014,Zimbabwe,ZWE,4.838149614115,238000000.0,Historical,World Bank API
2015,Zimbabwe,ZWE,4.7099729138049,1977000000.0,Historical,World Bank API
2016,Zimbabwe,ZWE,-0.542829570704413,25000000.0,Historical,World Bank API
2017,Zimbabwe,ZWE,-1.45714720850386,2095000000.0,Historical,World Bank API
2018,Zimbabwe,ZWE,4.43176700264478,11164000000.0,Historical,World Bank API
2019,Zimbabwe,ZWE,0.752447592962554,116000000.0,Historical,World Bank API
2020,Zimbabwe,ZWE,2.052738472526,111000000.0,Historical,World Bank API
2021,Zimbabwe,ZWE,-2.4609094006739,41166000000.0,Historical,World Bank API
2022,Zimbabwe,ZWE,7.1392312914716,2464000000.0,Historical,World Bank API
2023,Zimbabwe,ZWE,6.01360565834344,131000000.0,Historical,World Bank API
2024,Zimbabwe,ZWE,1.13569604599849,59446000000.0,Historical,World Bank API
2025,Zimbabwe,ZWE,3.65564411017931,4514000000.0,Historical,World Bank API
